tweedie_pure_premium,actual_pure_premium
213.09557273956398,0.0
197.18020935939774,0.0
124.793567055714,0.0
169.3956260086586,1535.84
105.99921819684515,0.0
146.39797899252798,376.93
221.29351719020872,0.0
278.2521779426158,0.0
118.04236315169662,0.0
206.58206812382332,0.0
203.78704054068575,0.0
257.0811294738204,0.0
216.36114862484297,0.0
169.15862764566646,652.74
156.47072328198013,0.0
269.8404539992252,0.0
183.2849982978694,0.0
191.06303043115764,0.0
123.58037557798568,0.0
268.9784691248645,401.13
156.6554034337211,0.0
234.60875909028383,0.0
203.2034425021708,1441.68
281.3531618428567,3731.19
144.2702704376896,0.0
379.85283597173617,0.0
111.356008944584,0.0
118.10911615909967,0.0
212.5560058969525,0.0
134.2228857907533,0.0
110.30726795233088,0.0
348.4445081658872,0.0
455.4567478769181,1717.91
215.30954612925444,0.0
104.2298545816501,0.0
168.86553807826877,0.0
107.58922453371997,0.0
225.09924739657473,0.0
158.65958167378616,0.0
117.67738330110616,0.0
183.43763815607525,0.0
176.70647351822785,1459.26
66.72728058902769,0.0
301.36659100255116,0.0
166.30419015394315,425.75
153.5694490870896,0.0
166.84717441220405,647.73
102.51678030357294,0.0
218.43796166926367,0.0
187.62061112905275,0.0
85.17543455769375,0.0
25.19398051998985,1329.42
198.10739152454124,0.0
238.858884077272,0.0
188.8476266405866,0.0
210.36235191671418,0.0
190.5165911995798,0.0
157.79718230916745,0.0
159.02495113759653,0.0
174.93259462261,0.0
302.88343207988294,0.0
199.4540040036596,0.0
367.4709089833492,0.0
354.5635115520077,178.93
83.46039676651705,0.0
242.84755527668918,0.0
208.84271627829963,0.0
225.43585163665898,0.0
164.02100109958138,0.0
240.6447396437057,0.0
299.34529885069827,0.0
256.2676116250183,1767.93
164.98622455366151,1814.35
299.21457801093334,0.0
137.1972164118499,0.0
262.65221443333957,0.0
528.650653884533,83.75
251.79602177766466,0.0
149.12655438108482,0.0
159.9824366792966,0.0
610.5727432568126,0.0
114.18229836913217,0.0
275.1699200784206,0.0
206.6102713313171,0.0
105.5883521122129,791.54
76.30615371360958,0.0
120.24065564729041,0.0
192.39035294850092,0.0
109.24212881424152,0.0
216.97677635664223,0.0
212.2968988930903,0.0
215.5435761112347,0.0
79.3524670263985,0.0
283.69765540608336,0.0
230.45739108944093,0.0
112.96916812410441,0.0
156.18683292165178,0.0
88.47864885164704,0.0
262.5834389785729,0.0
171.88477684785045,0.0
210.95595685264428,0.0
157.85821156007253,575.14
113.81124551587673,0.0
374.86600164552175,0.0
286.8981194669035,0.0
313.8612020448366,0.0
126.1830970642658,0.0
171.95749034024755,0.0
199.98685464299598,2103.95
536.6198296851446,0.0
201.58093770627883,0.0
282.79557125380353,0.0
221.60567451520322,0.0
192.67910526255025,0.0
199.6620183787047,796.69
112.0466851396698,711.04
97.99584438778493,0.0
297.5349348997598,0.0
221.19477500896477,482.5
284.64111964474705,584.79
527.1977406036026,0.0
179.864456482609,0.0
247.34648921137628,203.98
143.38182889243473,1602.31
134.96849602425573,0.0
206.43274440651592,0.0
224.96752891963655,0.0
190.61099967520695,0.0
257.2686954069816,1034.91
284.07622518367117,0.0
251.97943138434098,1091.15
347.0023335241717,2253.27
184.6070479988099,0.0
119.97470709164354,0.0
132.69760875369775,0.0
165.7386734947869,0.0
281.25521671294257,0.0
105.05311416315855,0.0
115.341229511546,0.0
96.95785383847303,0.0
223.1243829951774,0.0
257.5920711394883,965.89
205.0439087600447,0.0
165.80606682544013,0.0
74.26608647703395,0.0
197.8894592923942,0.0
334.4830699837574,0.0
130.83315694749035,0.0
226.59834944384139,2488.81
233.82858907319874,0.0
109.18370730119914,0.0
174.38999264943462,0.0
119.26445174444835,928.69
191.93715191768348,1217.58
323.32407662160097,0.0
221.53657734441012,0.0
195.93433880780537,142.84
206.40598749831088,0.0
210.6096019253835,0.0
718.3416516956618,0.0
241.03685770295306,0.0
224.20800891362273,0.0
136.8003350453007,0.0
267.0445442445719,0.0
249.52653335972792,0.0
397.1603752297614,4539.44
198.2779318503339,0.0
156.78952368789422,0.0
237.44392562143895,1494.98
341.48351678129717,290.87
84.47136371991111,0.0
176.1423127022043,0.0
187.32873663699252,0.0
116.06307189352164,0.0
266.3549445354081,0.0
146.62671070744165,0.0
153.09151401505872,0.0
221.40658218572403,0.0
312.6413814949466,0.0
168.6598870136859,0.0
335.4660554188066,234.51
147.9945099478008,312.07
275.08958464023846,0.0
130.18553506268438,0.0
139.51185314612866,0.0
225.67004543326905,0.0
343.2238146756375,0.0
226.23185200798338,299.68
418.614063589276,1086.04
179.48473470652493,0.0
114.11108797150048,0.0
131.21668132090426,0.0
180.36939901220148,0.0
248.3043965269354,766.98
296.8839085203416,0.0
284.2331610094015,0.0
169.4194134853255,0.0
137.2752940308097,0.0
196.33889453200553,293.61
405.36045450885047,0.0
285.9610163023191,2080.89
130.1914210445887,394.97
186.53328989298046,0.0
145.12436987409168,0.0
173.55165081139347,1503.29
135.63238744493697,0.0
225.0133310701519,3960.01
210.0223792416943,0.0
383.25940450303796,0.0
388.8164193467882,0.0
165.67932815048954,0.0
173.92277467599874,0.0
100.41522628595257,0.0
205.3718891454547,0.0
190.99103323749418,0.0
70.14067098527677,0.0
504.3877489948051,0.0
214.888182513219,485.9
184.26606569087534,0.0
146.99186889683125,0.0
227.91871831817988,926.59
138.41104991908844,0.0
164.71118796509643,0.0
259.92748652185753,0.0
136.98946925634226,0.0
370.72330065036573,2245.96
332.2020540959825,836.06
116.97240276445443,0.0
230.97393906227174,0.0
172.360937625159,0.0
352.8686095602962,0.0
237.88103532481665,0.0
302.6826644376316,1106.77
61.341590220311865,0.0
164.6502815866617,0.0
729.9869134458022,0.0
240.47904999169046,0.0
113.30971132570883,0.0
205.35874305014326,0.0
170.65825339278732,323.85
174.67530818482493,0.0
153.35917458542934,0.0
404.39931282938176,0.0
217.4233893233529,0.0
202.28796686756547,0.0
89.19774128627385,0.0
237.9492426949274,0.0
213.52664391910434,497.84
250.31404716215062,0.0
116.85950928314018,0.0
214.14442866405025,0.0
276.35163761690916,0.0
116.14894543994144,191.76
156.03104259364082,0.0
150.76507296141367,0.0
112.77909345119275,1268.43
313.01759647890407,0.0
214.0618560348484,0.0
109.15383485552552,0.0
85.4786370500609,0.0
133.56533963110027,644.53
116.31194416121845,149.22
103.0967858302819,0.0
127.62460924856292,0.0
365.52479915750325,0.0
99.876326616422,547.5
202.43937846171005,0.0
172.22400424073976,0.0
127.23026617135955,0.0
124.17299094527398,0.0
188.40747460406757,0.0
201.50138814681614,0.0
419.9207019362515,0.0
171.72338838996504,348.88
276.5459919111248,0.0
232.39643789374827,0.0
109.8682862180483,0.0
121.15939875951683,0.0
225.15489809308255,2617.52
145.05674236087552,0.0
128.5586681987264,438.6
307.8634126627305,1638.41
204.7274469381028,0.0
199.26370409139867,0.0
142.90099678681506,0.0
146.96730463450814,0.0
206.55370797728906,301.33
325.87763275083284,808.24
71.86413816742355,0.0
366.9866731754131,1747.12
272.37512632618825,0.0
105.6277358975987,0.0
190.22810504659216,0.0
206.51878072639818,1498.86
183.0493692263213,1114.82
253.18155964923966,0.0
199.9122084748387,0.0
98.83952813516365,1669.03
246.6737775440332,740.16
169.60518509208444,0.0
134.0269363499595,2249.16
306.3494210968156,0.0
301.8310362664843,0.0
181.03745460908834,2304.76
188.64755605087686,0.0
121.64720357704417,0.0
250.94267939294627,1011.76
142.91138009788781,0.0
262.15715225774613,0.0
119.7285411609696,0.0
203.92645490118844,1139.09
124.61617613274825,0.0
110.25900273083467,0.0
102.63751811303317,0.0
248.36572865038582,597.78
252.77144011083507,512.44
207.6122769865253,0.0
167.6358662501796,1291.49
269.9740716588492,0.0
447.82120902883986,0.0
211.56320986882807,0.0
245.03794434930361,290.79
128.78585244154885,0.0
145.227138538975,0.0
192.98282138009947,0.0
185.1128404980415,0.0
151.77649716946792,0.0
102.725470574017,0.0
207.45866900439273,0.0
225.2031743183552,0.0
187.71845016751283,0.0
174.56406240524862,1549.74
187.26042764986045,0.0
199.61458660715587,0.0
208.42587166216595,0.0
151.45202691338866,0.0
413.36435313965467,0.0
166.1700767176672,0.0
167.98803759488416,0.0
105.69367731909124,0.0
82.70423152996345,0.0
237.4799713699939,0.0
87.14810337776596,0.0
104.70457585961987,0.0
361.10956100184364,2020.7
169.05455547205628,0.0
277.3250169414375,0.0
206.66782053131146,0.0
199.66111801583781,0.0
130.63957290785373,0.0
217.64422764601244,1003.02
253.87077483618825,0.0
153.0724891589494,0.0
241.250382140588,0.0
168.27807946014144,0.0
126.21706429856982,0.0
294.59385915929005,199.07
145.9253252974981,970.65
100.79129402968144,0.0
117.75083640596141,0.0
271.16417340163315,4600.3
282.11872277192583,0.0
118.60901102975158,0.0
272.41340478930346,1093.4
184.29774835071305,0.0
123.86093073745819,4873.14
165.4795324933122,37.62
87.05007173281534,0.0
243.45800047424493,0.0
153.99711073736106,0.0
206.64792092184837,0.0
136.42054623609351,0.0
237.5157336987864,0.0
228.60859150294598,949.7
327.24911668258585,153.52
156.97942908497114,899.83
256.32980663020965,0.0
147.42975742703223,0.0
328.5007045018549,0.0
215.14264705069874,0.0
390.7517099903848,0.0
293.41487835066283,1438.63
283.59502892799253,394.14
240.0541540949015,87.54
288.17329087883866,0.0
258.3212807298329,0.0
113.41929761303284,0.0
176.82116937947916,0.0
190.9000399101251,0.0
91.04313847631524,0.0
98.0278725972849,367.7
246.70124309826627,672.74
112.92620685989975,0.0
269.6539640725432,0.0
167.42274260800417,0.0
332.92852244846256,0.0
234.38391909587318,0.0
82.01817586670154,617.97
142.76203727932608,0.0
202.35150602328002,0.0
224.51609941914637,984.34
195.97967784868666,0.0
191.0519207630751,0.0
169.7473768357187,0.0
117.98451365071834,0.0
414.3050321446501,0.0
268.79756055588655,0.0
219.89588296394217,661.11
127.27888787947603,1180.13
217.40970226039886,0.0
136.03747824609192,0.0
115.7698564952149,0.0
253.36585400804512,0.0
212.9219958594622,0.0
113.95787083953428,0.0
188.44674738727412,0.0
269.4490617577945,0.0
200.18177192512277,0.0
352.29725630164046,0.0
136.98486507348417,743.01
236.86431453198028,0.0
142.26203297120614,0.0
135.75003948757868,0.0
144.84269640038482,0.0
158.1978087335761,0.0
297.2099039310232,0.0
257.5990617491022,0.0
433.51303237399065,697.57
220.56699469011204,0.0
37.013163979194616,0.0
105.41828866585095,0.0
200.04816490799115,0.0
180.21654338041765,646.14
424.6607042780629,0.0
71.84890779065356,0.0
110.41109228172542,633.09
93.81491064267522,0.0
183.47287410122195,0.0
105.1284340322504,0.0
290.67821309850876,3879.34
406.48923511177594,0.0
219.73137542794856,0.0
160.15957337331295,0.0
307.21085358654216,1101.78
175.04389868375813,0.0
31.109689647783043,0.0
210.57612709019628,1377.33
187.34490338825572,0.0
211.57420590990031,0.0
184.89489814294845,0.0
109.27613292040874,0.0
216.59516257337054,0.0
217.6570019353728,0.0
412.71417037567176,0.0
207.35615668139923,0.0
477.1321853309662,0.0
234.32738853967908,0.0
140.6288311106276,0.0
335.09400957104106,0.0
220.08432480055077,990.29
321.8240640134686,0.0
127.2206372593647,0.0
112.37535383661492,668.62
156.96839468995515,0.0
119.7739962930453,0.0
177.70666983694224,1242.67
59.603414774380155,301.15
355.4418816886314,0.0
109.94924257049189,0.0
131.05042881344627,0.0
236.75948426138712,1752.56
151.7639307595353,0.0
280.8284027601849,0.0
192.721676928274,0.0
127.26839816758574,0.0
352.7407331504922,0.0
195.412959733179,0.0
236.50869439200977,0.0
415.8988921147377,686.37
212.36244658815417,0.0
144.01498825942738,0.0
238.5784984979055,982.2
325.11190605201386,0.0
136.912677392692,452.51
262.2677765828012,0.0
184.21239054450086,0.0
132.36793657468937,0.0
257.74985990451404,0.0
166.88640489641455,0.0
76.44794891489775,0.0
133.97715942451404,0.0
124.72086151509929,0.0
159.421315455563,0.0
244.84801305302267,0.0
220.5427923420984,0.0
261.6421438476533,388.61
149.00988500933852,0.0
222.2577254516004,0.0
209.47663558230883,0.0
143.49293664695364,0.0
380.9827156596613,892.64
277.58404993005735,0.0
139.56005379095362,0.0
370.09591706776183,0.0
121.05346599596312,0.0
107.13033334770923,0.0
129.85199060307036,0.0
201.84837292469243,1230.58
238.6846445091105,1999.85
112.1737024163114,0.0
166.8126865647355,0.0
322.6747025338014,0.0
138.3013420570838,0.0
191.5010132145138,711.58
219.537845880332,172.61
68.31294828889413,86.63
183.71658088722776,0.0
48.158332947729036,0.0
273.01926741750975,0.0
224.18299631746768,0.0
123.64162707293251,0.0
152.52159315411748,0.0
621.5217334078526,1090.08
324.4700014032886,0.0
105.94798311611565,0.0
178.87573394283245,0.0
241.20869846237858,0.0
383.2811125037647,633.94
253.16446508962943,0.0
140.053896700074,0.0
78.30127706722216,0.0
174.72600192742604,0.0
253.3066171769144,0.0
362.77548449662186,0.0
35.84892374382148,0.0
188.23485289148223,0.0
193.38099155676306,1895.82
166.65707412846828,0.0
358.29260380867396,0.0
125.36772048060102,0.0
172.15344499727163,291.17
228.73616714243073,0.0
203.17605435022838,0.0
251.35602145703822,399.79
260.0607626776318,0.0
130.4234879266874,369.62
104.43677766211479,0.0
106.7269506462969,0.0
205.3219497819569,0.0
241.31951064032944,1070.39
88.3732121608413,0.0
229.8155890249491,2009.19
293.2129564695229,0.0
138.2554423743717,0.0
315.91342201998214,0.0
246.77813817954183,3697.34
281.1569652608952,2289.01
216.59819466295622,0.0
258.89328762853324,1836.68
164.01330812185282,0.0
71.38794963746803,0.0
151.59095303921708,0.0
788.7189932322873,0.0
247.57227064054703,372.93
193.6705228414396,0.0
178.14543885767142,0.0
130.5184345985884,0.0
225.10636034150446,2523.87
117.18261267766626,0.0
180.30899439155746,0.0
157.40509241135712,0.0
371.9614780299779,0.0
223.70295832669095,703.22
484.93147387078267,536.4
278.91702593965414,214.16
237.03703768859,0.0
184.9531162144345,1086.77
169.80951552632837,1262.97
452.253842739233,0.0
280.5832802565084,0.0
242.76182274814622,0.0
247.5299608562244,530.67
548.9492522235472,0.0
146.96551716977064,0.0
273.3255288422696,0.0
195.5363723779526,0.0
76.62352987690815,0.0
49.573596039909674,0.0
98.11548390654907,747.71
584.8768335994995,1325.26
239.32924940038845,0.0
180.63277016586113,0.0
152.25983399734022,0.0
114.48910946467487,791.1
110.72709932301923,363.94
93.08137137101063,0.0
245.72543901034336,0.0
203.3758233357916,0.0
205.4068307819015,377.65
91.12121706214684,1504.52
144.17411930588642,1834.65
157.90029761014944,0.0
50.347563905110476,1359.53
347.4728010775824,1197.4
172.1790999461503,0.0
290.1747855439573,989.67
152.20163766296997,0.0
109.58991395059834,0.0
162.1125837613218,0.0
232.45949453201976,1174.73
52.1798031653424,0.0
330.3028655681952,0.0
167.74837670109832,756.9
149.80085828819014,0.0
209.04174485705911,0.0
200.9411203064599,0.0
133.63124169045292,1420.0
236.3709725948097,1727.52
216.26726034719294,1077.52
32.138261403443465,0.0
172.9762354156975,544.11
173.0430756540753,0.0
141.04818117509467,2084.33
293.73870922736916,0.0
132.39521651021397,0.0
204.07950597131205,0.0
97.11280026009642,0.0
150.31075749427444,0.0
172.03801533378035,0.0
107.74049849219429,0.0
202.6917412036428,0.0
172.02148296550453,0.0
191.49700988644074,0.0
161.19707836885047,0.0
95.50015248190321,0.0
254.70485903795608,0.0
50.56174576633362,0.0
118.04272797411112,0.0
175.3628509258103,0.0
302.11799439728554,0.0
137.487984175756,0.0
122.07429976007417,0.0
163.35454060734912,0.0
187.9177848167738,0.0
176.15653819110784,0.0
167.83836545876835,0.0
194.1818610890203,0.0
114.36405054815633,0.0
168.15649581929836,1195.99
85.0147946463617,468.99
150.73243329166385,0.0
154.17484338604166,0.0
230.30387350571723,0.0
117.19030362598279,0.0
210.2708020136503,0.0
137.2057402248523,0.0
214.930399947384,0.0
244.89102956445495,0.0
163.20476221869401,0.0
257.2139768142558,0.0
111.99776887522518,0.0
144.67317748508998,0.0
245.97296442228162,0.0
105.33539588921084,1207.3
161.07942542169246,0.0
288.4642044259301,0.0
315.7937111257588,0.0
132.35304856215174,0.0
157.4662099120724,500.62
246.78147855397117,0.0
171.29812696040796,891.88
542.4063170388537,964.07
169.96106916422798,1362.44
349.9355916204315,339.7
166.93002829382078,0.0
335.6694663761277,0.0
172.59005524045207,0.0
209.73421639391793,0.0
115.53182662462024,0.0
143.90931560631614,0.0
165.4684120334745,0.0
153.61368832983982,0.0
173.23140486383346,1033.28
564.8457522350074,0.0
305.6883662622369,0.0
111.85912061436112,1337.66
196.19028391710978,2526.83
72.52986953482396,0.0
86.38098627804573,0.0
164.463391999526,0.0
233.83220538869352,0.0
254.47030891029652,128.89
124.26707644718556,0.0
193.78377129037148,0.0
189.3273889096535,0.0
131.6335580601351,1251.64
172.22219126509225,0.0
376.67567983741344,0.0
188.40735307522843,868.12
138.52295973302517,0.0
151.2005776367143,0.0
174.43797086872428,0.0
213.66814319563684,0.0
166.40659493997128,0.0
200.29969171719083,0.0
145.91127356310022,0.0
117.3077776685073,803.18
183.59301703697673,0.0
170.67946752082182,0.0
174.00280533082326,0.0
90.49491829605299,0.0
117.50485302820796,104.6
141.74952730454248,0.0
235.03819260049343,0.0
304.30367725499156,2370.68
94.76213759987137,0.0
105.08848193887397,0.0
130.9226676134608,0.0
109.40038633823555,0.0
153.2179862271181,0.0
91.0014307941159,0.0
350.76455736950544,209.68
132.76976432431755,1144.59
152.6230739278451,599.41
192.67923157692022,943.69
252.36837377666015,0.0
122.10035272936352,0.0
304.24687637214623,1224.55
404.2549763860937,3530.52
216.75502604009156,0.0
174.01909157776007,648.88
178.204818122011,0.0
372.26674883526243,1887.35
358.7623295385118,0.0
174.44957972064677,1811.61
282.42130391597755,798.22
204.36637828374072,0.0
275.2248789995347,0.0
194.2496438181797,1318.82
207.56711337905318,0.0
226.9183889088115,104.28
144.78518249691288,0.0
184.0608687728424,0.0
186.6871867431789,0.0
227.86720710222977,0.0
182.3261204427662,0.0
228.4192914016909,0.0
292.5333164240238,0.0
105.92438536094849,657.36
348.00162006005434,0.0
79.62358184683536,251.68
136.0864992234317,0.0
119.39510641352669,0.0
164.2913368463967,184.18
339.82814041336803,0.0
230.52377340299012,0.0
105.1799068050755,0.0
180.81628296413254,0.0
156.17205431517286,0.0
128.99219018188694,0.0
609.5250163197709,4275.32
221.60446738240884,0.0
58.42475063644718,0.0
471.1547255869492,0.0
232.16301733515084,1592.2
197.64332575543523,0.0
258.14899886953725,0.0
357.0517710920769,922.53
203.61958101740487,0.0
202.968412216762,0.0
235.95176536132277,0.0
178.99379217779486,0.0
288.1093457274165,0.0
159.6525191632455,0.0
541.2708034249966,0.0
226.4220952157304,102.92
79.12772674046776,0.0
244.48327177001016,0.0
221.2558907034034,0.0
69.25812230773832,0.0
133.4392643732229,0.0
297.52465832764614,0.0
179.14721966260853,0.0
148.65155564527507,0.0
646.6625818094184,0.0
192.43037798455478,0.0
254.5843584335555,0.0
102.29704423476132,0.0
178.68108521048157,0.0
52.46349873396045,0.0
142.39292673463498,0.0
120.80858805458926,0.0
151.60638766696476,0.0
220.85090112585385,0.0
163.20936611190865,226.69
153.34213857501268,0.0
156.355413054473,0.0
197.4949596913712,0.0
230.08140496004515,0.0
136.02543534049775,0.0
155.3360154241537,1941.71
646.8308853369824,0.0
156.00347279647997,0.0
195.60859108581394,0.0
113.04545163498643,587.66
159.58411819653892,0.0
244.92700754508678,0.0
153.87075739699551,0.0
81.45621482005292,0.0
79.00589003355196,0.0
340.94849100991877,0.0
124.81628332605707,0.0
137.85733770120925,0.0
157.43481182029396,0.0
114.42285872229284,0.0
126.65638680799171,0.0
224.78287356090144,0.0
333.46400112934384,0.0
234.4948002577435,0.0
99.95451218558277,0.0
185.52002517018644,0.0
289.0591575654322,830.34
174.29572156198577,0.0
215.6974936910966,0.0
180.7622424078431,0.0
147.70407868118517,0.0
247.72710657937392,0.0
304.3990034090491,0.0
251.5538742872063,0.0
147.41523496444267,0.0
82.17550029736995,0.0
196.35988411412154,0.0
114.25130210032002,124.26
307.4556128709022,945.44
121.6060708961148,0.0
89.96924657733227,0.0
332.88955031608407,0.0
179.1177564685144,0.0
318.0448009564794,0.0
187.71845016751283,0.0
343.28773730464326,0.0
175.37545358886894,0.0
287.8382965551031,0.0
216.129962407322,0.0
168.65297782630248,0.0
166.05316776880656,0.0
168.30068697922962,0.0
104.18309709207479,0.0
250.77983396064982,230.65
241.53403276070918,0.0
244.0744921761244,0.0
179.8763927524092,0.0
169.8284337713837,0.0
435.474158973077,0.0
163.04631341756718,0.0
94.58752515097571,143.2
206.76899898367077,5472.82
468.02832942839376,0.0
200.66651267718515,0.0
122.0261610631513,0.0
154.1416044275208,2610.6
120.60060272729166,0.0
64.30395559965605,0.0
279.74452911215224,0.0
141.68131952353988,721.87
278.08710268556877,0.0
185.46758734130938,0.0
34.1571868554544,0.0
204.50159673332683,289.65
218.2903596041804,0.0
190.07695864867674,0.0
100.7856878994433,0.0
160.80831591413752,0.0
126.83690092816668,0.0
158.86103220032206,0.0
68.07809142439348,0.0
74.9896395963755,0.0
116.45385568308588,0.0
289.3778525722154,0.0
119.2064663567851,841.07
166.4783985450617,701.6
284.8401940108148,0.0
230.87555992239857,0.0
167.08602455349723,1538.33
294.7321964283196,571.28
217.19127759284223,0.0
191.88678808240198,0.0
102.74760638083578,0.0
455.1429713628495,0.0
152.84321773057894,0.0
110.98876881331073,0.0
72.56347198344396,0.0
210.87715284851663,0.0
156.21406044832324,0.0
223.75993446858422,0.0
162.10951712091912,0.0
141.88564083774494,0.0
267.0286753757517,0.0
231.07910421481859,0.0
201.85642578292632,1375.4
225.3589935052485,0.0
334.7835641797149,0.0
210.36221042973702,0.0
419.5023291822109,0.0
161.4064601790609,0.0
155.39253347154082,0.0
136.0893839585162,0.0
290.2023790554174,0.0
138.03934225677742,0.0
343.78989622118604,0.0
141.0517872580923,0.0
393.4496904732242,0.0
158.9564344656209,0.0
122.16474982302276,0.0
284.2986756560906,947.46
169.65695466095787,0.0
204.53298145892666,1012.62
216.98158622890963,0.0
225.7024566293757,0.0
147.56030391302804,0.0
272.7522250493696,0.0
141.2011868474796,221.3
240.22261221236744,0.0
296.22351384257377,0.0
258.8907512115043,0.0
177.39523623369624,0.0
292.8789829203393,360.76
141.76468640069348,0.0
188.33680656294968,0.0
193.86245105517477,0.0
116.82689543599763,0.0
191.44813314124556,0.0
161.723422949711,1829.56
129.65266969893474,0.0
242.80014583330043,0.0
148.43641598463986,0.0
203.0954308944576,0.0
167.5314955014634,0.0
163.66228110506748,0.0
327.86819619287996,922.74
201.33015738941646,0.0
499.5000884571473,179.21
59.716169457844096,0.0
68.67412838888328,0.0
360.37923569070307,0.0
260.6325932134708,0.0
302.6396305491452,3083.34
258.55437885301785,0.0
203.33973084997461,722.95
142.30649352325537,339.21
219.7774389992269,0.0
260.9225461635402,0.0
191.27499404404847,614.84
116.0836813801094,0.0
204.7564905021484,0.0
137.53166805040834,0.0
264.6261592262802,0.0
159.2515864184831,0.0
151.05139929418448,0.0
242.3138233523916,0.0
248.46391587675652,0.0
206.65809957405705,0.0
180.15035086440827,0.0
329.01072873949937,0.0
107.76808038497475,0.0
197.21729554964924,955.42
179.78786303947166,0.0
99.79795274610608,1513.08
141.0782813390474,0.0
179.63527133639639,0.0
241.3097447403605,0.0
44.33870140703492,0.0
132.56964041535102,2696.17
205.0100614173637,386.56
194.69922989528234,0.0
155.74858167161096,0.0
237.3126561611555,0.0
124.13579080852284,0.0
110.23393940344135,0.0
202.7295263817916,606.96
216.47206591347324,0.0
186.05831101143792,0.0
263.7484799971368,0.0
170.35281648548434,1584.25
198.36977538517692,0.0
152.70670810568063,0.0
189.27838132506992,0.0
139.53546290320605,0.0
235.8481043342608,383.29
74.89382669782158,0.0
149.91251999327656,0.0
49.108817152940965,1031.0
205.2028476124302,0.0
138.96799765401536,0.0
44.7113253568811,0.0
94.39178897668482,0.0
186.12765914449957,0.0
152.60800264529666,0.0
185.91745790756374,0.0
271.7641357844199,0.0
132.55308748511737,0.0
52.237337807903266,0.0
111.0092202828558,0.0
438.4247698836834,0.0
267.12829966291207,406.58
187.99993084730644,0.0
232.20283004830523,299.69
250.8099542639444,0.0
243.2460122917465,0.0
112.69486929538463,0.0
266.9428204786549,0.0
264.7658238693222,0.0
155.0179655307906,0.0
215.8424822758475,1035.06
191.44342578542847,0.0
581.9870866271241,5768.88
95.77185388702263,0.0
257.31624890665216,1435.85
87.2673873294882,879.58
243.26330659820596,747.75
155.33456089617977,0.0
112.43592499314747,0.0
118.22418605162666,0.0
256.8239561941733,0.0
245.93453412166116,0.0
230.67720876961752,0.0
132.96086172079666,0.0
156.99855886546496,0.0
158.61285002673057,0.0
162.6604146962926,0.0
232.07674302881148,0.0
189.2842613757678,0.0
229.66573247280093,1436.88
116.9260852024408,0.0
81.55402242026567,0.0
371.46143293630905,0.0
191.130457657594,800.38
183.73481601026137,0.0
82.92967587176396,0.0
308.6724770254948,0.0
263.833954374583,0.0
112.11066434069154,0.0
160.67119383084622,0.0
244.3753335636751,0.0
147.6865742300012,0.0
170.88147031792187,0.0
71.43509379214618,0.0
649.5635999118631,0.0
287.3219553773187,0.0
183.40981489162078,0.0
179.1806010516383,0.0
170.19869911808092,0.0
214.32679535841888,0.0
152.35816893702727,0.0
109.07867312821173,0.0
92.45241430393789,0.0
141.6009046691589,0.0
136.48582773931503,898.55
172.84775899959752,0.0
213.42343269543045,0.0
38.980044042085645,0.0
237.62570338269728,0.0
278.08441665697495,0.0
263.0700887321708,0.0
209.1269694067671,0.0
279.6022818786277,0.0
369.20408950879175,0.0
154.86473397835778,2305.6
332.2132347285665,0.0
250.33872459932965,0.0
57.028697696823755,0.0
151.48893008723843,1060.52
206.68826785298467,1070.32
119.97851463086668,0.0
300.19453534870775,5959.78
138.59865741197495,0.0
340.963800320918,0.0
240.58935711348104,0.0
235.11210254271097,0.0
136.53044409406823,466.34
178.63229062898552,0.0
223.3788019041748,1678.68
97.2893024259787,0.0
91.08210362511691,0.0
131.30557127154887,0.0
133.01624707849473,0.0
218.02154236384283,0.0
137.48015135261355,0.0
296.75236950831413,0.0
237.0806071592988,782.55
81.3297066438413,0.0
271.742119914069,0.0
149.0109800482501,0.0
95.51667356107248,0.0
257.2618906330427,0.0
279.91186458511436,77.71
73.96479700356359,0.0
318.597502917034,0.0
143.6890444441205,0.0
311.70025451187126,0.0
458.9202888106545,4453.83
176.84996223044334,0.0
65.52232921165266,0.0
170.9975906233714,0.0
144.27456765307068,0.0
145.71203569789333,0.0
106.95089671168775,0.0
245.87653774263856,0.0
262.7985060509198,0.0
163.02738001207211,497.25
157.39188697186694,1290.78
237.34937489557856,0.0
160.28811844730248,12.7
113.25712866178272,1151.75
139.10558011174984,0.0
159.3648251065124,0.0
174.31674581151242,0.0
220.69965843866672,0.0
147.81264753619936,0.0
106.52661567387706,0.0
171.89514404851326,0.0
168.98278638554993,0.0
257.63999033137753,0.0
120.63632224690542,0.0
128.5278744554211,0.0
108.18502992576497,0.0
165.85133785032065,237.73
147.8500488735194,1512.55
185.69904043175455,0.0
133.13904162251214,0.0
218.90108247018193,0.0
361.4430306531802,699.12
169.99519861504922,0.0
186.2487338498857,0.0
424.4381331432943,0.0
137.65298158255598,0.0
147.62398146799893,997.89
125.98715728652762,0.0
174.91450783457654,0.0
163.66339302538583,0.0
292.79708662138194,3346.63
324.95934427312136,0.0
178.81273264179356,0.0
177.51347250321558,1534.89
173.56525493514826,0.0
247.4349890546583,0.0
177.11691492925908,1178.06
331.1562813070872,744.35
211.97494370410016,0.0
132.26592211121252,0.0
142.10411428695255,0.0
158.08415676835267,0.0
163.25295654039965,0.0
210.73406530088818,1349.79
252.45160473981642,0.0
349.68426120716305,4395.36
253.9871860744925,0.0
401.1202488304146,670.68
195.6155291501301,0.0
161.9962971126839,913.6
119.73724293985417,0.0
205.68969015630552,0.0
292.69027837417633,0.0
119.16550306864244,0.0
558.7968013611406,0.0
146.39951473525494,0.0
88.09075396562699,0.0
154.9267690405312,0.0
259.30090972069263,617.46
517.4682224442998,309.33
75.42871351410051,0.0
175.32458922604977,0.0
193.72932778803275,0.0
223.68524889551318,0.0
163.0003253894419,0.0
299.91930351603287,0.0
201.91997718289855,942.57
170.91752964100047,1405.97
272.58233905712257,0.0
200.79373111499876,0.0
179.3099117268938,0.0
246.6910265654281,0.0
83.47887763861063,0.0
116.51774956237273,0.0
252.62768759947866,1168.52
318.31557061617883,0.0
125.95762273007206,0.0
146.2230798224101,0.0
218.39269274023113,188.85
404.78761908360866,511.94
95.04352246997506,0.0
137.3934273501291,0.0
238.46257632081296,1071.68
220.35637072533845,0.0
167.00890368724427,0.0
116.22687276170987,0.0
119.12175326735682,641.15
434.42677633910716,0.0
311.1222220785378,0.0
203.9157612857994,246.61
179.21494869138274,0.0
209.46615510398917,0.0
195.19612302848213,0.0
75.67713383169038,3460.98
209.48870810249397,0.0
380.3654707357669,0.0
334.28532101805644,516.81
169.65731113853423,0.0
157.81603366410354,0.0
122.23369707881727,0.0
241.7576976447546,0.0
128.10915282756105,0.0
236.55609697780073,0.0
225.35485130092445,653.52
281.5398503551989,848.33
149.6561858471479,0.0
537.6819475690521,0.0
184.92018519267012,0.0
186.42601440815062,0.0
159.6878632722948,0.0
783.7130624332276,1412.96
131.6969541992036,0.0
191.1759311187452,0.0
216.63331701438594,0.0
133.1946522703207,0.0
117.07483707064848,0.0
233.5673945948795,0.0
164.62049158483734,0.0
190.4149287510739,0.0
158.3156981977708,0.0
214.4422432188489,0.0
202.23842474567388,1705.13
146.64652270245034,0.0
206.3406904594054,0.0
113.11504969023969,118.87
243.10071941617915,0.0
251.7626509487264,1037.09
65.56521174996995,0.0
225.29934038829578,2159.38
242.8338443505498,0.0
199.678167947949,0.0
49.229920832709226,154.81
238.35446699272794,0.0
464.49311380716154,0.0
133.824983849044,0.0
205.93641985810476,1657.23
210.81196922445287,399.9
194.38417400765667,0.0
244.46051304355294,729.11
183.48997698232728,0.0
128.60601920022785,1556.78
225.75946208817064,1024.07
233.64097804530107,897.43
312.87643279180185,0.0
203.31547667570808,0.0
231.6063854765046,622.76
196.28357734515257,0.0
511.9753467719729,0.0
247.16766150012018,650.43
151.01630774023656,0.0
221.47566544854016,0.0
152.4863809950541,0.0
179.13451936854088,511.97
176.070768877118,0.0
219.40717628957813,1336.02
132.72534697783385,0.0
208.6517849920329,0.0
185.59108210870895,0.0
214.27894456491995,0.0
171.16129747975256,0.0
247.92329487078555,0.0
325.7274639876597,1565.17
245.76214185251297,0.0
267.49010539606616,1126.46
176.1484372860185,575.67
124.5500673867733,0.0
303.530318068693,0.0
214.66060694232473,0.0
156.2651587378938,0.0
111.16170923112541,0.0
152.54599672567844,0.0
81.89710125546729,0.0
300.2532229609905,0.0
190.94689141010653,0.0
210.21171955449492,0.0
225.8855115156968,0.0
132.3140607405273,0.0
197.79511486615684,0.0
87.83055457377543,0.0
175.3395537866879,0.0
109.25876177057965,0.0
147.05125778018984,0.0
179.02665107505842,0.0
202.40968774615274,1556.97
232.60978262503795,0.0
276.6028321439671,0.0
155.56047599790878,0.0
989.8152896793878,0.0
180.89868014586511,0.0
146.57696557452775,0.0
155.26026584169733,0.0
195.3545582274342,206.02
173.39666844802977,0.0
149.2033228255426,0.0
281.3752073849492,0.0
248.9518886496306,0.0
286.4949629220804,0.0
43.25336898207758,0.0
206.36726490309334,0.0
202.37668548538613,521.01
172.8046464200569,0.0
239.56565020540634,0.0
158.9556366575622,559.86
351.49312311027506,1649.98
82.64495631191211,0.0
197.06237802878405,0.0
386.6109093220449,0.0
254.71583113282395,1560.47
124.8447957339234,799.58
293.95383899301174,0.0
107.10611612925551,0.0
192.09627728429606,0.0
297.61780001130955,0.0
177.60250671030238,0.0
82.20035512501923,0.0
116.90406482817095,0.0
156.71676077136084,0.0
212.1179052214563,0.0
21.325843735153544,0.0
353.12004705637435,0.0
118.69167977548845,1106.13
284.47915581079207,0.0
207.608332385641,0.0
183.19857476264164,0.0
126.92110210372226,0.0
96.20526969077581,0.0
132.90058597113588,0.0
321.24636891621697,0.0
410.16836841352927,0.0
150.81834490826634,0.0
425.28949369783163,0.0
125.27183355536047,0.0
143.65488162472863,0.0
143.82892853538078,0.0
119.22302848477018,0.0
311.1448169332503,502.15
193.77071561946673,1012.4
226.62965299673147,0.0
155.8979302020711,0.0
221.44091387983624,1091.18
246.81453614539848,0.0
126.80952782380825,0.0
120.65237102635894,0.0
130.5616465594509,0.0
264.0116201819427,0.0
113.40966585409238,1189.23
188.27554267548507,0.0
240.98215737268362,0.0
296.44387154253394,0.0
147.11098072937367,0.0
247.52414603818787,0.0
614.0762956711352,0.0
195.32740035066985,0.0
374.13178915429484,1091.3
134.9219417968965,0.0
184.54292060814214,0.0
246.12846035828105,0.0
244.01787705516514,0.0
127.93061824360063,0.0
214.43543751696825,0.0
167.57216398448816,0.0
94.16330008753232,0.0
309.04435584744283,628.35
282.13107647629727,0.0
242.72283508714003,0.0
196.91023789571094,0.0
240.7541417566113,0.0
194.53964035766919,0.0
88.04990844698976,0.0
135.9747485473236,259.75
124.5233946260445,0.0
125.32835990709232,503.56
216.38763860747147,0.0
107.5224203582514,0.0
147.6265549854491,0.0
219.56006723063808,0.0
319.39687977822945,1869.84
52.0709659377587,0.0
203.92113614048316,0.0
375.37010804622594,0.0
160.96322422130268,0.0
216.81404670516605,1355.4
10.273487634502445,264.26
131.08242085696025,0.0
76.16662185195943,0.0
150.70616162776142,0.0
83.73631013353909,0.0
117.74898713925394,0.0
250.34638880084577,0.0
158.00088924392116,0.0
105.11007823658504,0.0
221.01993456754747,0.0
280.5283998930064,0.0
127.78896631623716,0.0
411.53804291317726,0.0
162.598678556424,0.0
190.81041720388694,0.0
178.5159939498991,1073.63
282.8313353092278,0.0
153.57586281965894,0.0
331.79147442298074,376.06
191.94338034429688,0.0
232.38962758015043,0.0
185.5595531687669,0.0
115.71474539218462,0.0
328.7401147024116,0.0
336.2551265918747,0.0
134.3092175615639,0.0
199.4652721492331,533.53
111.91513310552354,0.0
267.59218534043237,0.0
128.23303565582697,0.0
140.30354645643848,389.1
125.2218838204775,0.0
87.58775424409886,1299.58
125.97061794503469,0.0
287.13069653391267,0.0
229.1353560259377,1538.96
179.84049594076512,0.0
149.66445625077935,0.0
171.83004443993784,0.0
181.20987797025924,0.0
149.81190398670915,383.05
367.96577330811454,108.1
49.63230999091081,0.0
129.34420944602283,0.0
220.22439589618668,0.0
235.59355279811936,0.0
428.1750721498554,0.0
150.7239091106404,0.0
248.13548627560988,0.0
137.6176705990278,0.0
161.61806556762497,0.0
140.04980574312867,0.0
220.31758204792118,0.0
132.8553657061267,0.0
333.86355723332224,3516.24
104.61948518043063,0.0
161.08485279716328,573.79
385.592598557574,0.0
135.59854872844787,728.2
214.23180143835233,0.0
188.46385971856787,0.0
133.98951653869352,0.0
621.0505682611374,0.0
118.72645356441596,0.0
369.4658916607897,0.0
236.6958214690331,0.0
242.56186895060807,0.0
233.32501429022292,0.0
457.71450801695573,0.0
152.32848000120086,0.0
276.2214595326964,0.0
319.9698106169106,0.0
183.36799797761836,0.0
259.71458045659415,27.97
156.62983462037712,0.0
67.69249116614247,0.0
112.16954411909377,0.0
132.93595591963611,0.0
132.12279738366817,0.0
165.7635714304237,0.0
112.35093093835611,0.0
129.77535888320173,0.0
175.39848621569823,0.0
156.39055477705026,0.0
122.85677568207585,0.0
160.37042155945468,0.0
187.13876432380687,371.33
280.493189430522,0.0
240.64926183120264,0.0
180.6143715488949,0.0
64.61515867513118,0.0
280.0173339200669,1437.51
157.7750165752143,0.0
261.78809934282697,0.0
124.77027424289629,0.0
111.58445615854501,0.0
299.26538866841435,0.0
159.96266505942393,0.0
250.52765259140153,2239.46
139.4872488097898,0.0
221.46554423426468,0.0
68.58812524082448,0.0
139.21356805147306,0.0
220.83296259963643,0.0
148.44120182691825,0.0
120.15895475053325,0.0
226.1396999121594,604.47
216.68149438914512,0.0
126.98324337545023,0.0
296.8848175102106,0.0
190.8399778522528,0.0
421.2325693463103,0.0
228.4092359907328,43.25
171.77640017630787,0.0
219.80681819454992,0.0
285.2831572906375,0.0
208.70395995457406,1779.67
323.8800457033761,500.58
114.25692275536277,4464.0
311.1443216669459,0.0
210.34113061930393,0.0
420.2081129122348,0.0
207.44061679120918,0.0
207.2145133958013,0.0
244.51848425055087,0.0
193.825333779727,0.0
183.33236992828057,0.0
138.68600925650725,558.9
175.5422585470444,0.0
168.62382676638515,487.78
275.2706534274803,0.0
63.653403781121014,157.03
205.70646967386068,625.93
266.6497979287596,0.0
155.44814619924935,432.59
64.54004168298674,0.0
188.19757887388255,0.0
149.15747484587303,0.0
193.8218983977063,0.0
197.64577595859942,1828.96
152.64002240529598,0.0
373.36906814187194,0.0
146.32805769752633,0.0
177.41025111243044,0.0
214.43229752659533,0.0
210.27374809366134,697.63
293.8298702424296,0.0
417.68820883899144,3285.12
123.83821680379994,0.0
166.67716260692484,0.0
114.77897214531062,0.0
228.9354778597018,877.13
160.38544895318665,0.0
113.14014271766648,0.0
316.8074834477522,1408.85
190.94225292236507,0.0
246.13848656654355,0.0
188.67378720323828,0.0
77.93307071937843,0.0
84.2422213403759,0.0
238.99471135931327,0.0
30.076457927053177,0.0
242.9178523103675,0.0
94.55945388290041,3238.28
434.2186798042277,842.05
615.9461624126162,1315.38
336.1156699585663,1216.27
226.34825797698136,0.0
174.5377022605847,0.0
156.31584352841855,125.75
215.30988761895574,0.0
563.3557713796608,1670.26
249.6313418826505,215.59
85.41717445351412,0.0
128.22244376002357,0.0
186.77734736234729,0.0
111.60687251272581,0.0
315.8867666851138,0.0
458.1300669349966,0.0
240.79339544954868,930.02
130.4419056422905,0.0
185.30696242358687,296.46
204.5178004043919,0.0
223.43268454643763,0.0
139.28220980103148,64.26
297.3609525956973,0.0
48.26247226292004,0.0
243.42328709403853,362.58
122.83393043574412,0.0
150.43591144890001,0.0
170.5370871991414,609.62
165.35232819348093,0.0
210.24475319905423,0.0
192.3436393181756,581.93
251.02547857045332,0.0
137.12169976893247,216.83
142.6660578649129,1163.12
121.08212722945193,0.0
175.67687885089543,0.0
202.32237250545478,0.0
150.5405158035867,0.0
91.02788485935194,0.0
170.32150106840785,0.0
92.16780278801608,0.0
99.95436679755544,0.0
206.85891918145686,0.0
112.42742022287636,0.0
120.77480304470119,0.0
155.5205877734407,0.0
425.5777133504077,2132.83
221.12376159656574,481.58
196.91090212743075,981.55
126.11598681796403,0.0
168.2374843298343,0.0
251.00739370850084,0.0
101.28705496113972,0.0
277.9795791740329,0.0
326.48539460561386,0.0
226.82424117282596,0.0
118.7718699998888,0.0
192.78511874910785,0.0
260.1628719946804,0.0
308.4197252103437,1054.09
128.03207254804857,0.0
236.4002960505722,0.0
146.059172762931,0.0
231.54199002385258,0.0
373.2965099486863,0.0
338.9447942614899,0.0
89.33254749181854,0.0
116.99987798023594,0.0
94.42941149050738,0.0
552.2146489377546,1007.77
116.20809111947338,337.63
224.4991959385198,0.0
168.32388840731784,616.74
90.6937816800738,0.0
255.844030070165,0.0
244.93443757284876,0.0
289.3046609636713,1161.87
152.30366777729932,0.0
219.88906427957468,587.85
435.21022842675956,2041.05
115.30312321746,0.0
163.61816452168443,0.0
96.89933984514526,0.0
252.2298253500662,0.0
255.3831103448599,0.0
230.84028507673034,0.0
214.2452273379322,0.0
192.63652415286282,0.0
439.4103193876238,0.0
166.08670596929744,0.0
55.213536437621606,0.0
195.51530287254383,0.0
145.69643603124317,490.73
109.08010977770925,0.0
261.00030632911836,0.0
215.83803887568024,0.0
271.69846274430864,53.99
123.5315618656862,0.0
223.1823576716143,0.0
142.78132177562665,0.0
655.9018947367085,4075.48
136.77064315295047,0.0
305.0454849019909,1565.13
545.4951280008386,0.0
320.5778634048561,387.33
180.196459472343,0.0
72.13188672137883,0.0
337.7642557974053,0.0
137.94712750260257,0.0
250.10096636695104,0.0
243.2004858607663,0.0
252.36584843917342,0.0
149.46833568345,0.0
243.8047903525132,0.0
86.10312760263861,0.0
224.5017016239321,1303.5
184.32357729452315,0.0
603.0095721054947,0.0
157.82260153272404,0.0
121.66195941271752,0.0
107.27776005171586,0.0
241.84909035525865,0.0
316.4437228356789,0.0
367.2774411543502,0.0
118.46020294228492,0.0
224.3577686500569,1433.13
224.37105400798055,0.0
245.84120021198672,4515.38
630.0222109907245,0.0
114.32927581562548,0.0
418.93642732142274,0.0
210.30053936950824,0.0
143.84967218768145,0.0
301.51487789228906,0.0
215.8586861117807,0.0
294.5030989570839,0.0
126.0246139183783,0.0
206.19717873480522,0.0
104.550978071046,0.0
173.1111467613563,0.0
50.81405389120822,0.0
103.55401477310812,0.0
211.38336430823549,0.0
141.7743804130989,0.0
305.9409261347618,0.0
42.430280011623516,0.0
155.8364669709073,1136.03
205.3934807025177,0.0
182.67022574818685,0.0
130.5568959517016,0.0
196.61398706082127,0.0
273.04313526689924,0.0
175.72257524766596,1238.67
129.54161702812723,0.0
210.1006045926575,0.0
141.1780735941566,0.0
350.04081121893483,0.0
159.74484979172485,0.0
295.4777113197285,370.67
269.87964109082657,0.0
207.36905208752577,0.0
133.48763783425997,0.0
105.32038724389707,0.0
205.9375737988877,0.0
197.499225455909,0.0
141.0744283755427,0.0
247.06466097490608,671.69
207.9536052077674,0.0
62.27229006862768,0.0
376.5397389168626,0.0
184.26892997691738,681.72
212.0116144706383,447.27
181.25420697384436,0.0
136.50326379056514,0.0
242.89500531112552,0.0
171.6579693767517,0.0
250.6159788855156,0.0
108.8840784184919,0.0
122.2528013864718,0.0
143.8937808285716,0.0
780.7292368070848,3354.32
120.88932381376877,0.0
167.0416034785179,141.98
250.91810844854731,0.0
432.7777582336899,0.0
224.6011085270959,0.0
204.7422700719263,0.0
507.2188155606283,325.62
240.2949666723544,195.99
253.89558445487336,0.0
302.87241335863285,240.07
309.41178584616307,0.0
208.87588880728464,0.0
245.3427270474578,0.0
330.0517600573963,0.0
86.8711828775943,620.3
162.93156984671026,0.0
247.86691812517398,0.0
139.52553201773853,1009.23
206.49647427376487,0.0
195.29271068888715,0.0
201.51580000484412,0.0
152.040931120515,258.05
52.969035809699044,1410.16
214.41683224527696,638.7
181.83356253717045,402.39
218.68174221249387,0.0
152.01192981532654,0.0
220.9093736937629,0.0
189.48531811437445,419.89
188.05535400780178,755.8
218.46335713033926,0.0
116.15920466219066,0.0
139.12042202689787,0.0
143.730738302755,0.0
107.66139125672399,2253.68
198.21664239174524,0.0
185.76709302256938,0.0
244.83076726597074,0.0
328.90263814242275,0.0
89.31874176680925,0.0
62.51088165017038,0.0
140.9055333531069,0.0
231.10395542866317,0.0
101.34081494200626,0.0
160.8176648987743,0.0
236.73967434350013,278.42
106.0552499807412,0.0
118.44766427702558,0.0
550.4954296372013,5658.0
146.80722927692065,0.0
210.9195526382114,0.0
137.5981732529522,0.0
162.60088370771132,0.0
318.0494906315499,0.0
136.5890662007283,0.0
227.9793598044613,0.0
239.58031985749662,0.0
165.87593557853288,0.0
110.02104998800922,614.16
98.42726315783925,0.0
142.80042040594364,0.0
127.32120230452068,0.0
118.54396460169676,0.0
115.43956263030786,0.0
117.60684505361786,0.0
191.85874488969867,0.0
122.59668509214589,0.0
226.60443267271052,0.0
148.95571995237518,0.0
201.01363929804862,0.0
221.25650398821793,0.0
180.171041104412,0.0
141.59169200835433,1185.96
185.37540177946647,1406.35
416.2261845633948,0.0
160.7744269126997,797.63
238.66220920774094,5087.22
181.77206302745103,0.0
180.0147138517902,3895.12
207.92268605885877,0.0
433.3607529552845,383.04
122.47027511459609,0.0
136.63454646389974,0.0
138.7269965384504,0.0
246.63621745203278,0.0
93.51405722402771,0.0
171.89994212809836,0.0
410.96104981699557,837.79
181.06817626998796,0.0
482.58286931002925,0.0
131.5306906806001,519.59
89.8066125244086,0.0
225.36418027123733,421.58
96.38572677110557,1416.25
233.6562163607943,0.0
93.03223321581589,0.0
130.3818624832533,0.0
154.00803354895248,0.0
204.97046761988605,0.0
179.76776095761957,0.0
208.85771951981465,0.0
191.71816726734636,0.0
169.4701532562518,0.0
159.1189834898864,0.0
133.0837628239896,0.0
184.4604337256901,0.0
72.95021402097461,0.0
302.24117449085907,0.0
163.1980245513392,0.0
196.45386741570456,0.0
160.86554004578477,595.4
91.45843037301866,0.0
184.2888564992483,0.0
180.6581207074306,0.0
282.05433616509544,3743.8
188.18924875963748,0.0
119.23064441687275,0.0
89.97442628008598,0.0
235.2040186613618,867.15
170.19464521511154,0.0
156.27340436830542,1002.66
205.741819604985,0.0
80.5583003522456,0.0
293.0834322587685,0.0
115.14607668501466,0.0
116.05301811361218,0.0
109.52448964699886,0.0
211.37591102004598,0.0
166.90079362956405,0.0
167.52522525083302,0.0
213.84867001787194,0.0
379.32890340234303,1332.88
154.94311094318758,603.33
109.13767792124135,0.0
250.08935143632718,0.0
132.9535586425917,0.0
176.6029881043449,0.0
223.43700994988694,0.0
107.57633982702232,0.0
109.75789775212607,0.0
377.7959936113303,0.0
89.45220764056769,343.79
124.26978539286071,342.66
595.9476235548509,702.9
349.6100979934895,0.0
93.18883962379304,0.0
234.69788032510996,353.8
142.38836790329466,0.0
150.40048516149747,0.0
92.46761257621264,0.0
279.3034760313584,1181.56
138.9921608153253,0.0
169.25817222173902,0.0
225.75743353438563,0.0
130.9104104299495,0.0
100.71450441970936,0.0
197.53950513624957,0.0
327.6889067180199,0.0
209.94449866806212,177.15
129.14641738258152,0.0
114.68634766569875,0.0
284.7329246926632,0.0
214.6701514926475,0.0
127.39418070061329,0.0
653.5792181949129,1024.65
291.57453185089247,2049.51
309.3213999443938,0.0
48.025876033836205,0.0
110.93068712959425,0.0
205.6044291698631,0.0
236.83442425786984,1346.08
469.41542844970587,0.0
129.73224745836538,0.0
132.68529496367324,1215.84
158.15508127789187,0.0
182.94756601220257,0.0
102.24533602037233,0.0
144.37821320936388,0.0
222.19910697355783,0.0
125.98363519475961,254.0
213.43585620779749,0.0
57.20912452167219,0.0
178.69999393605062,0.0
310.29132177126326,0.0
203.40287320894024,0.0
124.08225990835935,0.0
136.396347435012,0.0
125.21956298882682,0.0
158.10134520690747,0.0
212.54836085203712,0.0
102.88668910412866,0.0
46.91239522436601,0.0
157.6098585362911,0.0
196.89639926208625,0.0
114.31144858307782,0.0
116.23968786563596,0.0
151.19813572945873,0.0
261.97584995891316,0.0
238.66302153833402,0.0
121.38067508085322,0.0
89.36973620288121,273.3
87.39552600911598,45.16
133.01794710082098,0.0
107.89224232245742,0.0
158.03741503126108,0.0
160.69929573353608,0.0
123.44674081167739,0.0
153.9519936635825,0.0
310.60307260952675,186.04
262.6523826118291,0.0
276.6401078402481,0.0
143.06888800327005,0.0
187.52466768297833,0.0
305.05669431225937,0.0
186.71605609147022,0.0
90.6877044276458,0.0
406.1098144297314,0.0
222.228520997999,610.99
372.6308158820088,1732.44
169.182915074016,0.0
214.1874420043191,0.0
166.4842689979068,0.0
138.2271409480625,0.0
406.88250126621523,0.0
95.80210673387296,0.0
269.59203013903334,2687.53
170.26736895544857,549.67
348.93945042811316,1197.1
280.71771494901486,1860.84
169.85480487156892,0.0
186.96553371442022,408.36
133.59207951342728,0.0
155.0580058160196,0.0
223.9953230041211,0.0
369.9083690753243,0.0
90.85077619090083,0.0
154.6592216070812,0.0
121.43024735416209,0.0
200.89122889082208,0.0
236.33737724078384,1030.04
286.08334072156475,243.56
208.8627993220389,0.0
140.6894229572183,0.0
271.9844741405999,0.0
232.87676329151168,92.76
124.5420103260945,0.0
319.68724472917825,322.49
268.0770514588167,0.0
199.22997842711112,0.0
111.2873828168504,0.0
203.94719556691658,0.0
173.3299483663207,819.34
156.10202570362262,0.0
96.47114152895644,981.65
54.97133402941444,0.0
188.4547320505516,0.0
129.5078229665275,897.25
152.41111395783204,0.0
264.7366736030011,0.0
113.74466669302511,0.0
330.6657744065311,0.0
101.5575809568174,0.0
145.03651561311273,0.0
255.06375624943198,0.0
194.76704502791864,0.0
111.6224546590161,0.0
166.78807231989956,0.0
150.12202752545082,0.0
334.88615197076786,0.0
272.4954291829966,0.0
270.1223899970195,0.0
148.36599952985316,110.24
259.17696253455944,0.0
332.0209817338426,1187.63
373.9046659001624,0.0
129.88203234001435,0.0
206.85317764355986,0.0
345.9095081980272,978.99
199.21872750577603,0.0
244.08274299994684,0.0
154.63927486422529,3270.68
176.48796526019345,845.18
257.7614845324631,0.0
227.3281591942427,96.66
22.91405356392973,539.19
184.24458332396705,0.0
97.70564757389539,0.0
323.31768895920976,0.0
137.31717957646373,0.0
145.08590081100562,0.0
328.40716143306753,0.0
141.1065609271698,0.0
105.57452023611542,0.0
107.61594422369228,0.0
124.15780087768391,0.0
322.74706471908104,0.0
124.84937485592539,882.56
77.3365704018696,0.0
77.11631161378868,0.0
151.25870009283148,0.0
189.09157430652164,0.0
42.962894141082714,0.0
248.80815984178057,0.0
212.28238330224175,1015.58
235.60233401678352,0.0
219.26258567008767,0.0
312.5192485685953,0.0
167.2090649905214,0.0
433.0682427115025,0.0
277.4036241392289,0.0
372.02638076999494,0.0
184.08772924305117,0.0
53.00182526826245,0.0
165.12086637377467,0.0
158.4943220241931,0.0
137.84785240052526,0.0
162.78071615713984,0.0
286.94073632184427,0.0
98.81337396273369,0.0
134.3459806088959,0.0
152.45535701770018,0.0
229.76927409546073,52.05
427.8188797561686,0.0
246.4030446479996,0.0
131.30995992153342,0.0
162.2941942584223,0.0
155.54134918509084,0.0
237.2327570889923,0.0
131.9582786555912,0.0
194.3452317234649,0.0
146.30650080122174,0.0
125.65435762682745,0.0
91.57402801952996,0.0
287.76379500404084,0.0
114.02252130126936,0.0
242.25018572722334,0.0
145.1481270247075,391.06
161.74191504850575,263.52
170.0482888076874,0.0
107.53721684537601,0.0
176.68256828923762,0.0
92.75668201921083,2656.66
221.01420915271294,2567.62
147.7075430739308,564.7
136.17471629921508,0.0
58.8686770077133,0.0
208.92111480932346,452.69
250.0110521880155,0.0
304.4678903609701,0.0
212.16411573060964,0.0
194.41324965806868,0.0
414.2021388366729,950.1
88.54565952208605,0.0
249.58513579127037,0.0
260.07090902908243,0.0
183.9745580379515,0.0
464.7522641704291,0.0
197.81929183479548,0.0
289.5535642158485,2115.26
96.72270527202215,0.0
247.36587944649185,0.0
346.63205831415115,0.0
113.4246452404427,0.0
152.3313073164028,0.0
295.3338894781119,0.0
268.1979813222372,566.56
305.3412059059029,0.0
208.64578093190235,0.0
120.23912566767866,0.0
127.57520182029583,0.0
117.96918360415845,0.0
163.98396818183045,0.0
153.63657393924976,0.0
352.59115175517564,0.0
292.2031778416522,1308.06
170.6794211827182,0.0
112.80049734534606,865.19
201.66123593552015,0.0
138.2194926220142,0.0
114.59020712587439,0.0
89.33810333308809,0.0
316.2838279737474,0.0
176.6865663860976,0.0
197.8688139939045,0.0
117.34103598102345,0.0
112.25055389913545,0.0
320.8497433630091,0.0
175.6437829342415,0.0
251.00694746806408,0.0
258.7586641408523,0.0
139.90900454257957,0.0
104.68006141275441,0.0
171.62309683728,0.0
115.19386604691346,0.0
88.32653297276718,0.0
161.3522149999549,0.0
162.06823423093542,586.5
245.70900944441945,0.0
89.44450406061846,0.0
212.14087693913183,0.0
154.75948617315777,0.0
198.92128831142387,0.0
193.2932844063834,0.0
161.81307341414026,1613.66
63.63418686228856,0.0
117.44439381078341,0.0
232.19240853630706,1626.88
307.48472543953216,0.0
121.04307840572436,0.0
156.1530347077335,0.0
98.29510128626866,0.0
129.4755334713736,0.0
128.32560585129116,0.0
261.12340425952806,0.0
139.27098160092925,0.0
190.6331660625421,2274.6
262.8045432152165,2670.75
304.945609805817,1926.54
124.07722007754877,0.0
189.207546541329,0.0
261.53554664263964,0.0
158.9980282235607,0.0
267.8617120954396,0.0
82.3192698343644,0.0
517.0999050762537,0.0
541.3899136840135,1696.9
414.52701426438426,0.0
115.50265304812477,0.0
204.59886753183775,0.0
128.80578313700693,0.0
136.5961125622695,0.0
230.37783482051506,0.0
234.3641101191692,0.0
299.247514077768,0.0
164.95374948551253,0.0
234.51356043600455,987.72
85.73631112434077,0.0
93.28503002643687,0.0
135.17827830233054,0.0
203.85116481862536,0.0
151.4936919667235,0.0
219.5068387066667,0.0
256.0271377196953,0.0
215.3631172480228,0.0
178.43548752363813,0.0
68.28666991526708,0.0
281.3911908784853,0.0
355.60205104557207,973.57
143.3743420149518,0.0
84.46074063023644,1257.4
367.4465557405061,0.0
186.18365305512435,0.0
212.69490350465492,0.0
110.95389867724822,0.0
162.49810276078938,2753.46
215.95774270153873,0.0
85.53430344510744,0.0
113.27678684177118,0.0
237.81114504293467,699.02
168.33347357452098,0.0
107.85122680615082,0.0
302.3013994790069,0.0
199.20575316347308,645.12
107.86545668298307,0.0
64.96978741243409,0.0
161.29513488517267,0.0
114.18799279734408,0.0
266.93683098129725,1201.63
108.76390388605643,0.0
198.49268444205165,0.0
280.4813228394566,0.0
125.64471651527174,0.0
158.62151632395944,880.9
313.62522780692575,0.0
149.6302982441418,0.0
274.00433222503545,0.0
248.6307033420088,0.0
357.61791564717214,0.0
141.6116222469076,0.0
199.76965891282677,0.0
129.3869615817781,0.0
227.57278509409596,0.0
129.23432489733688,0.0
387.74745517598427,713.3
189.13319030660332,0.0
192.32400439537895,0.0
202.7880961896662,1769.94
115.71533190648752,0.0
313.88227220310927,0.0
144.78529353902317,0.0
167.9400271991093,0.0
192.94592058176607,0.0
58.187656412734945,0.0
112.1178391277649,0.0
40.744303975081145,0.0
132.30718452830163,0.0
167.89507619112933,0.0
231.13315197649916,1818.56
256.6120521729009,0.0
129.87839380470783,645.7
259.33127004065125,0.0
158.75075696904452,0.0
183.08996034856327,0.0
179.0897668502658,0.0
507.3266423571618,0.0
237.27894467242757,156.18
337.3388558010247,0.0
433.27713034008036,960.6
214.50165784606062,0.0
89.78029130406162,0.0
316.11915129054194,1079.8
72.76057788852496,0.0
158.72164773340626,0.0
196.29086968871542,0.0
338.81646801266896,0.0
129.77801436231076,0.0
83.23042830413172,0.0
184.20231986575138,222.67
205.83576305715326,0.0
256.707070917301,0.0
216.7783378140579,0.0
83.21103279596896,0.0
130.1952066148211,0.0
197.23202931882267,0.0
250.99943754627247,0.0
168.15808872648006,0.0
120.17045334920485,0.0
160.32954202627332,0.0
201.45233885998067,0.0
207.76157640405845,0.0
72.68241095475152,0.0
299.81985159058985,0.0
223.74851232127574,0.0
293.9468963363347,0.0
327.037533099477,0.0
195.8291590634519,0.0
88.77409331030788,0.0
228.7468163604276,342.14
211.36213677868386,193.26
114.96934224421044,0.0
269.0694933908474,0.0
297.79146265425476,0.0
193.91581479125236,0.0
95.9063481229794,0.0
222.77113441524844,1156.91
171.61497183418112,0.0
183.32726184808382,0.0
176.16554279246066,0.0
110.78585758535827,0.0
169.79357347646908,0.0
170.75948817334682,132.41
153.2375481620032,0.0
120.17166272332705,0.0
135.70668334685584,0.0
230.65563877462552,0.0
93.13404448491168,0.0
222.05191023473117,0.0
193.28427187198463,318.06
177.3386010629092,0.0
241.68927722453247,0.0
441.8259439832602,0.0
102.8982695056642,0.0
147.03728134531764,0.0
184.91764872365826,0.0
180.69182081488378,0.0
267.9621247601736,2231.9
211.63117867876048,7300.0
134.9166603826707,0.0
107.87178816499596,0.0
409.30969472450977,664.24
95.9658836672913,0.0
195.00357769728924,0.0
119.33280511051585,0.0
176.8465748729007,0.0
233.06262210815612,587.06
49.498468033383546,0.0
502.9716278416432,0.0
95.27363718286345,0.0
153.64037868298226,0.0
130.92401374974705,0.0
108.28797193426676,0.0
1423.497929373948,0.0
192.9019550651495,0.0
282.96273602276307,0.0
144.70988280714724,0.0
173.64147270407446,0.0
210.5430680355856,0.0
125.82092844907838,0.0
123.56757646416871,0.0
331.91047274700804,1326.16
102.87039001971736,0.0
181.29756693452578,482.64
120.78635120972642,0.0
197.87832187293176,0.0
134.56135731792486,1500.95
198.21320200636887,0.0
512.2286175191873,376.95
78.78069921308618,259.46
494.6309063992179,0.0
117.22299897538508,0.0
187.19952395223308,0.0
429.2817325344505,1514.37
56.627400214956474,0.0
137.72330258565603,0.0
178.93167516006957,0.0
140.64422504096368,821.91
349.46091710475594,1183.99
244.73347592328122,0.0
142.99935463708533,0.0
228.73380099589508,0.0
165.03345200795783,0.0
268.4418807714839,0.0
164.067525258796,0.0
159.04359028593495,0.0
171.98754575314788,0.0
171.61469786910368,0.0
120.62468062825096,0.0
281.88599018168685,0.0
129.06410480186904,0.0
299.2421733061992,558.94
104.799419164491,0.0
122.21801614808804,0.0
274.2668185150622,0.0
165.3604185954121,631.12
183.11282363133995,0.0
135.2611318036799,0.0
112.41285587281946,0.0
332.08323592088607,0.0
136.9744326093023,0.0
102.75512130022413,0.0
158.5565535326494,0.0
113.40915746459564,1020.8
166.20743374574567,0.0
172.26745557422257,0.0
142.73984471731575,0.0
245.16576293484104,1231.21
317.67101077333604,0.0
170.02795609552302,0.0
97.50585636112417,0.0
324.5267351858123,0.0
184.22301233505266,0.0
166.32174871455274,0.0
153.04238804193898,0.0
99.33188099699902,0.0
282.74362436550996,0.0
182.63088534694285,0.0
115.94920608806238,0.0
143.55354968792588,885.1
195.76644888797588,0.0
183.3176506054298,0.0
224.41700911198242,0.0
173.24781186601945,0.0
126.69703058630023,0.0
145.31086225041443,0.0
176.6566520218372,0.0
140.54251336050598,0.0
139.00153969834167,0.0
127.37363520438112,0.0
155.29041229384745,453.4
164.46263970036665,0.0
189.9578013237542,0.0
294.39389613564094,992.97
171.77393316890098,912.39
265.1464874415719,0.0
132.0919923112527,0.0
820.672591266194,0.0
200.71634921747324,1807.83
147.39334092901404,0.0
271.6187188221092,451.05
844.3829152623573,0.0
121.65162454633783,0.0
101.60686342847954,0.0
160.0255621432363,0.0
136.3655644722293,0.0
336.7654824689738,0.0
370.152854889912,2039.9
242.37024031814212,697.17
168.16516759226826,0.0
146.4086318620287,0.0
140.4191763011628,0.0
192.1072385275357,0.0
322.1076494075444,560.23
177.2714686091858,1763.94
195.34809286103584,0.0
191.18036693432688,0.0
133.6048981557735,0.0
121.59580115357504,0.0
140.83437559842721,0.0
312.4047110473272,0.0
225.97569361090362,0.0
238.6853597672406,979.33
422.9584373935971,651.38
287.2949155733056,854.1
108.72572240295342,0.0
206.9044934715779,179.76
88.5284668344906,0.0
182.53487648051845,0.0
198.40036950214497,0.0
185.1097130472421,0.0
222.71087518571088,905.38
112.05248151661101,106.76
265.01689803794363,289.59
313.14113208835266,0.0
158.67299790939273,0.0
251.30373798704358,0.0
307.73983902702145,1049.93
177.1831051274001,0.0
100.02189932726489,2159.39
274.96419571494727,0.0
242.07175226898886,0.0
219.16978635954055,282.44
175.08341791602993,0.0
72.16883277086386,0.0
188.72729778854062,0.0
203.75033970750124,0.0
274.17731811649884,1223.18
161.47945020705026,459.89
175.46154066209314,3242.92
122.22762542784676,0.0
409.3827333201007,428.05
221.96748022818872,0.0
445.6114348109785,1051.93
262.66390565338776,0.0
119.59478390842281,0.0
420.0645567689318,0.0
142.06754342851335,0.0
234.5331997587041,2442.36
209.736891794595,0.0
143.91664538099818,543.71
62.24801602422855,0.0
103.65784903228347,0.0
306.104515006385,0.0
418.95569188864,0.0
115.93270058212481,0.0
207.12701030870642,0.0
230.38508191882892,0.0
116.77213256218828,0.0
196.5300426108354,0.0
409.4955842953028,781.26
239.38117055538402,801.03
252.88422517571163,0.0
204.7892357872168,0.0
257.6046990948882,0.0
431.7451565148419,0.0
148.22570332034206,0.0
285.6183836757686,0.0
237.0407862283287,0.0
130.211874027152,0.0
182.51964733763043,0.0
145.73580708187345,0.0
198.3308598203274,0.0
356.269952750897,244.62
191.3216787547863,50.24
206.42272745504386,0.0
88.42735434834472,0.0
91.1563808788293,0.0
182.5185078386967,0.0
200.4929504866061,0.0
237.1540395071119,700.26
227.32127753611837,0.0
185.9396001934076,0.0
220.95645223227422,0.0
125.16657568739733,0.0
232.33914000159012,0.0
195.1410123201871,0.0
174.3619570447998,0.0
293.3896668009592,0.0
323.43455157090614,2220.51
260.77935695543266,1195.17
203.201510497134,0.0
259.1981789849023,0.0
132.17499335139948,0.0
295.55356166340067,866.01
169.62560325697754,0.0
208.09343835400435,0.0
139.86478469069226,0.0
84.28489534427905,250.59
184.9089495009042,0.0
188.19757887388255,0.0
253.89484655365644,355.62
108.12247421537884,0.0
97.20617423952608,0.0
252.15193204233253,0.0
407.1853024873711,2329.1
170.33408912587265,0.0
173.67050649089904,0.0
151.54816112713848,0.0
366.4028347721323,0.0
568.3420862964358,0.0
128.88331200062393,596.38
227.88085520221225,0.0
112.098873010058,0.0
184.61225307055895,0.0
108.849596408937,0.0
91.74160008306067,0.0
460.64733375196937,0.0
302.6058423514518,0.0
508.230532390996,0.0
203.2587360995422,2090.82
128.37103126267704,995.45
288.65941821407756,1542.37
446.34346979842445,0.0
604.8409479860195,0.0
194.96472778621188,2326.8
498.6195076219689,0.0
255.24663728726395,0.0
130.86433468567463,0.0
169.4481075742644,0.0
224.80756670771822,233.64
113.19130443478588,0.0
156.1150492421924,0.0
218.20698613227603,0.0
136.64808969061343,0.0
398.2018224347987,675.19
340.2075546221701,499.24
225.01654884025703,0.0
104.56100624697875,0.0
406.73518289182164,3493.13
192.55490306585077,327.73
263.7739483870283,0.0
179.929050244248,233.32
300.41313833647314,0.0
191.52173541530072,0.0
139.42316102601814,338.75
371.7443772204161,1342.58
221.81937053334474,0.0
185.26362727105155,0.0
185.7827498656163,0.0
236.41686251938833,0.0
170.10920823349318,1876.33
99.65556723106968,0.0
96.85291622802791,0.0
171.7558451246733,0.0
74.04319720114133,0.0
106.26178875889559,0.0
99.04470697094827,0.0
209.49702888185482,0.0
265.46876818392235,0.0
81.2402929080889,0.0
250.05559019710216,0.0
140.73597513000522,0.0
80.46133055048229,0.0
191.02669787112788,0.0
411.0350104951406,261.37
286.4823245825362,0.0
277.0842088471841,0.0
80.39791635885756,0.0
183.79698627658777,0.0
167.7195953519173,854.59
180.38363839552918,963.46
223.7208022863566,263.07
189.4823433213579,0.0
140.64261754142973,0.0
123.42736246498391,0.0
186.40455973743386,0.0
131.375591080858,0.0
195.12635056089678,0.0
183.9419153837228,0.0
111.87919619650796,0.0
162.75987334304855,219.81
161.0703104836936,0.0
137.4364323247573,0.0
203.4558134799846,0.0
202.29780713852674,0.0
121.41063655685628,0.0
736.8463414985061,1556.04
186.39658590194756,1005.71
123.15657573131243,0.0
119.383330115492,0.0
110.2575247176218,0.0
238.27171813752497,1086.8
238.4861544488731,0.0
249.9779124592542,0.0
182.60483907624632,1347.21
188.81161794428283,0.0
201.68112325060704,0.0
168.63767442833736,0.0
375.0024135177225,0.0
333.5702195940726,0.0
123.78572833648441,0.0
237.74637060941666,0.0
186.3354385491377,514.39
172.17680001479215,0.0
90.24712339478481,0.0
124.43377984683706,0.0
147.9472024648399,0.0
163.24337901106838,0.0
180.72397673666583,0.0
388.6786681763606,787.91
146.3013425897505,0.0
138.21505570499443,0.0
236.8574643074212,0.0
169.09049841911113,0.0
170.86952745701427,0.0
152.69494974410287,1044.29
87.7556065769098,0.0
471.5091659100004,3622.74
101.87127233431656,0.0
168.44530327480484,848.75
123.21556427071371,0.0
249.666294876123,3031.34
100.01576022259474,0.0
147.28292047326102,0.0
184.09144117980802,0.0
416.19425510229337,0.0
260.01894648777096,1211.93
195.96351566385647,0.0
149.01555030904808,0.0
302.85091786829554,0.0
177.04932381592056,0.0
174.88919948728196,298.89
143.72026365379958,0.0
148.84318210806708,0.0
281.56425593965656,1315.3
162.8908156254007,0.0
174.72959421586148,0.0
146.49983727938954,0.0
218.4355876884745,0.0
113.58247188261737,0.0
79.16281614745411,181.5
294.2720194329269,0.0
243.96169955348063,0.0
232.9737223705304,0.0
261.13160882766005,990.38
173.49771628696777,2358.93
185.6674912914752,0.0
198.95439379626262,302.71
166.97189393018496,0.0
102.20897933082284,0.0
173.66740354549927,0.0
171.68470293241376,0.0
224.3870973762343,0.0
114.01566902008291,0.0
86.14082410874799,0.0
178.72985024328347,0.0
86.67336167570181,0.0
290.1708637347657,0.0
336.5063219220792,1109.52
362.1611988984215,0.0
162.89947998928255,0.0
169.04749551734773,0.0
125.34004079556289,2004.92
211.58174943003968,0.0
217.3228674206817,0.0
296.4158178606855,0.0
268.46206871712445,0.0
212.21418329198235,0.0
286.5218743469223,0.0
320.3368077900799,0.0
746.5857125547685,2540.26
197.39212074155574,0.0
115.9358105000241,0.0
211.21761357202163,0.0
253.14084422079907,0.0
70.78724312926222,0.0
190.58735426209378,0.0
144.560311409417,0.0
135.83087599082677,0.0
255.18467112978075,874.27
163.76308223881566,0.0
252.34086710736045,0.0
247.78679077682,0.0
87.32104813692769,0.0
181.24637496866325,0.0
274.4717785499159,0.0
243.029143065196,487.8
114.87885117384086,0.0
325.2968691715374,0.0
333.29067493751836,0.0
271.09041107726176,0.0
130.8419791937231,0.0
198.3891020332852,743.14
313.03975534886735,0.0
170.1810918655128,0.0
183.34621523179246,0.0
133.7256182485735,0.0
266.6565814396356,934.89
73.15995822535847,0.0
165.11626645146382,0.0
168.58485643908205,1863.06
216.53678720053108,0.0
185.88781541382428,0.0
255.75436489250714,0.0
136.64822643333972,0.0
153.00897100557387,0.0
118.61725029825084,0.0
210.19542077834586,907.17
171.54593748219366,0.0
99.98602858179017,0.0
163.82912232210487,1108.35
142.12690619751686,0.0
40.641029336772505,0.0
121.61793962349377,0.0
206.25675692184237,0.0
331.42776832898954,0.0
209.6787352205811,0.0
153.09358459361866,0.0
122.00134289566962,0.0
188.16990391603576,0.0
105.76552660825892,0.0
76.32470399225488,0.0
176.28810313616486,0.0
120.39163566614323,1125.89
114.65536556789736,0.0
104.34605923029427,0.0
231.5694056415477,0.0
193.89914948473583,593.95
190.43152065413415,1712.52
163.78952992211498,0.0
70.93822998385882,0.0
169.72469905881667,0.0
41.52922358659826,390.36
325.12070806438413,0.0
269.89656094199086,0.0
230.1343343857622,0.0
115.21048943431941,393.52
167.1999055563253,0.0
302.7706498407924,0.0
129.9201301290504,0.0
146.498672537761,0.0
238.61781030411797,0.0
272.9026778899282,0.0
280.7512430923008,0.0
134.7653242775303,0.0
214.13625971805305,0.0
227.84475279347288,558.94
177.24239231625208,0.0
110.94463980906467,0.0
200.75291317508092,0.0
185.98837397731924,0.0
86.57842298988321,1837.42
1108.2377780067673,531.68
320.32956229332234,940.41
19.128044706740713,0.0
493.3908789583022,1413.79
176.83089928173766,0.0
193.04460997993587,0.0
147.63647711639157,0.0
251.79317133878348,0.0
229.2933949880245,0.0
381.6590077639416,0.0
169.21013362588323,0.0
194.91972486190025,0.0
166.73566403763826,0.0
279.5667101103339,0.0
78.99759972261332,0.0
159.81205064711185,0.0
157.4744242556816,0.0
251.06771884568164,1475.03
328.47470130565426,0.0
137.4386848853405,207.15
91.53218002480509,0.0
241.5856760466533,1044.55
116.47256947528334,0.0
231.98158951538338,98.03
328.03431743630705,0.0
103.8315248949014,0.0
176.05228802146743,0.0
111.77601133221923,0.0
93.43240677115716,0.0
176.0714041060536,0.0
127.1879111153361,0.0
236.10660494751707,0.0
249.1776399522696,0.0
49.541019983466384,0.0
581.2114624551247,0.0
134.4004902896759,0.0
142.0787305435367,0.0
252.02484360620747,421.3
180.10369553088591,1106.82
260.64532526720023,0.0
166.31532841780083,835.72
215.29931165196578,3.56
198.86448145970857,4227.74
387.68773259704193,0.0
300.02934853035373,0.0
64.64851410978297,0.0
187.61942821464157,0.0
141.72185252804692,1798.7
123.90076790191036,0.0
135.4318709537615,0.0
146.2594855141965,0.0
152.00991080103248,0.0
143.6099513914246,0.0
107.36392518770391,0.0
118.3251000387663,0.0
308.1015868628626,0.0
436.0146376083206,0.0
134.01378038650117,0.0
96.00684680733634,0.0
66.2769602797143,0.0
137.7953074481701,0.0
53.91519704470795,0.0
100.95844072396318,0.0
319.3881410760551,0.0
250.86830459299773,0.0
253.25608079135964,0.0
206.88926900126324,0.0
105.90439182305397,0.0
248.46710265113774,0.0
145.90209460472528,0.0
164.68683814804515,2592.82
275.8103896146621,0.0
117.07890760355896,0.0
149.69004301919173,439.92
266.51752900255684,0.0
95.7722569275998,0.0
156.76914772301853,0.0
200.86566074970614,0.0
183.68631902401629,0.0
226.6457422445769,0.0
138.7020498144281,0.0
182.87697744599865,62.38
274.5781373977706,0.0
196.95977230299687,0.0
162.9733537706911,0.0
164.46578516734195,0.0
94.01637229113499,0.0
237.3781994973229,0.0
238.6735187213086,0.0
57.388665819446736,0.0
420.5314506067337,2199.74
268.77609547810835,0.0
210.9166633780527,0.0
66.43269353151034,1145.19
177.829896175417,646.34
221.10391332668135,0.0
264.6349975761308,0.0
172.80604247351863,0.0
365.92598127707544,0.0
261.7866517337115,0.0
169.56697489382796,0.0
73.09474589730128,0.0
173.99410468090215,0.0
242.68291484949663,0.0
275.26472750598055,671.91
108.51346733600043,0.0
161.41681411569868,0.0
132.46930087915015,0.0
181.26802862671516,0.0
424.55956523920213,0.0
54.46812069779163,0.0
226.28834123732554,0.0
135.8799323834864,0.0
234.8861455320983,0.0
102.59804633156537,0.0
158.79876601336363,0.0
186.6574745482593,0.0
126.35035121835325,0.0
210.8401983626412,0.0
132.43461480625382,0.0
259.63579725322614,0.0
80.53381613691192,0.0
290.96668715552187,1367.87
172.86096038803342,0.0
95.23561294709515,0.0
184.36888881289008,0.0
236.94787725535912,573.99
193.1075437890964,1547.78
176.29683018431706,721.6
281.02333722475504,0.0
365.85580617435215,0.0
118.40775258331242,0.0
202.806529922577,0.0
144.07909048169492,0.0
163.25195932553635,0.0
157.70313440134245,701.51
177.18552488045165,0.0
302.6269417998788,0.0
228.2407390054876,0.0
101.19832018964311,0.0
351.43108857482616,0.0
121.9558301565503,0.0
127.93875565360031,0.0
220.22056983536874,0.0
190.09243249973036,0.0
230.64666262317087,0.0
160.39056501219318,0.0
231.9697145842036,0.0
338.04588002340523,0.0
140.47777332618352,0.0
220.46206306087396,0.0
141.1919237830878,0.0
230.73861105725825,1288.1
117.89610557441085,0.0
167.8463958043329,0.0
94.52743515165595,0.0
49.27933673747222,0.0
335.3206903553392,1101.86
129.70847562020703,0.0
167.45765509461197,4207.58
157.82714437141982,0.0
244.43594649084082,570.35
346.376730017666,416.52
222.6740960423936,0.0
94.23205470707144,0.0
121.62636970271166,0.0
142.95162629971918,0.0
204.93278631034244,0.0
315.42471866074015,522.71
204.87447623838085,0.0
155.8972843988021,0.0
198.76043558893633,93.47
231.78016943802845,0.0
319.9242693616851,0.0
183.37106869368208,693.88
260.6792418340297,0.0
155.11376242165716,0.0
179.70421952092562,0.0
176.90282693077964,0.0
118.8751288809094,0.0
21.53251701358799,0.0
435.5836886249424,486.65
241.58153594210532,595.43
79.96115660431572,0.0
172.60612132776254,0.0
176.26037613995155,0.0
153.50198214460687,908.62
195.31421175407073,0.0
170.35656425220293,0.0
144.2918132062198,0.0
156.2899604682227,0.0
583.9069214964599,0.0
225.6304253426797,0.0
161.50065540994177,0.0
345.3859086466534,1285.23
92.71719336060058,0.0
103.97159910148522,0.0
328.9720336969462,0.0
268.48572247484987,631.8
109.16185006741277,0.0
137.21067243920476,0.0
305.7404931424889,0.0
209.83064240721382,0.0
236.4895527063366,0.0
61.74609489659865,0.0
163.2950456824533,0.0
258.00720736600186,763.55
98.8495014806096,0.0
486.26829045874257,0.0
112.79884007573605,0.0
174.03437771306744,476.1
210.65288647602293,0.0
148.01166802870134,0.0
106.4985434218413,0.0
191.26996759189723,0.0
350.81333794595247,0.0
130.72175518701187,3773.28
99.20016967268879,0.0
164.92974992034334,0.0
161.63844238486612,0.0
128.1841501227062,0.0
97.18217049233756,0.0
210.34376055524015,0.0
217.877219395508,0.0
191.2519571071307,0.0
182.66187291218245,0.0
145.99871667659855,0.0
122.71000889957293,0.0
182.4467344662993,0.0
110.15144676499817,0.0
308.6490705251561,0.0
200.64118444908326,0.0
139.02173784670524,0.0
167.0087295854175,815.79
154.74477068833377,0.0
91.01997527465223,0.0
152.36459496291445,0.0
304.9635612303014,0.0
177.9971576552311,0.0
349.52072493592755,0.0
83.4410745882393,1408.45
92.19018306001253,0.0
86.97772592347496,400.54
232.63516496516672,822.25
399.0636708311643,0.0
346.0697617655007,0.0
60.82297301995147,0.0
143.2591524325459,736.92
163.3203943739324,0.0
220.27627728840335,0.0
390.21638270678716,0.0
167.6555237752178,2093.03
190.63653014373847,0.0
111.67386198549941,0.0
158.32564104712876,0.0
184.98058324757244,0.0
188.48007949509213,0.0
242.83898997006514,0.0
183.42438146419312,0.0
245.9310514323376,0.0
392.8231514401711,0.0
281.3215042158094,0.0
244.6522414295072,0.0
216.63251648532653,571.24
118.80895325031624,0.0
183.25558839177663,0.0
348.62580231284244,0.0
198.9279915074779,0.0
113.2697828323634,0.0
144.09257933393997,0.0
267.85014417082675,0.0
381.65196532142807,0.0
232.5688744100773,0.0
137.36242642846696,0.0
146.41393321013445,834.52
711.4121466367129,0.0
166.60372883304666,0.0
127.2502452020081,0.0
259.889735661117,2057.72
317.2919130929518,0.0
192.8460209192676,0.0
254.11027311004398,0.0
420.52325540651293,1413.02
159.00533334839844,0.0
88.83969297465103,0.0
75.87399329362043,0.0
302.19165089849395,0.0
247.34736088042564,0.0
95.57982891255905,585.35
223.24084091289004,0.0
200.10884930336923,0.0
457.76494085548245,0.0
295.80963943939025,0.0
174.1634561101179,0.0
202.57849565524072,2074.58
226.35292068122408,0.0
138.69726306869075,0.0
108.44867520326387,0.0
90.11942007667338,547.2
144.71906621046443,0.0
466.3760912276935,0.0
193.22733974312078,0.0
171.34844328635108,0.0
208.85327316320286,0.0
64.2325040644916,0.0
270.4795842878332,0.0
157.51610095548895,0.0
367.31486072634334,0.0
301.9291118676527,0.0
274.0209347220764,0.0
441.10383805547167,0.0
167.3078373452783,0.0
126.7814792805276,0.0
113.00386480727745,0.0
115.4046242386654,1545.03
440.92839146636106,961.91
222.93501589820363,0.0
122.68708287579128,0.0
191.15591243543642,0.0
291.9004464156597,0.0
155.29273955677033,489.75
165.9857865478432,0.0
210.08380067644737,2846.24
256.0918646685336,0.0
222.0951427010363,0.0
132.72494000495854,0.0
219.55706495382034,746.41
124.4503179370844,0.0
197.86886934197304,0.0
136.04353362924317,0.0
161.9024767217703,0.0
139.35766758894417,0.0
128.6012809924039,0.0
120.01089730386764,0.0
228.5208070250897,0.0
136.4841635367552,111.26
501.80501731548895,0.0
138.6918176380544,0.0
164.87325679141517,0.0
161.18974989889188,0.0
183.85578645841798,0.0
442.4769594859604,0.0
323.51102523724296,0.0
110.51227474651894,0.0
120.08446385837902,0.0
80.37587080009565,0.0
209.74231109135462,0.0
158.6014977395207,0.0
192.89570339728567,0.0
161.2458567582067,0.0
262.81346746445683,0.0
295.5199614967297,0.0
188.4219559533901,0.0
102.3026096950687,0.0
100.81043912210558,0.0
98.22072855990316,321.09
165.13873267762608,0.0
229.95566245175308,0.0
117.03086876047163,1886.36
239.39335040166011,0.0
296.29823855669713,0.0
227.38024639222007,944.24
134.85392416602394,0.0
139.3042196499405,0.0
168.0779018654547,0.0
153.4920324387713,758.37
37.65511404439494,0.0
161.29391236563043,0.0
243.35433968961647,0.0
81.30501363886415,0.0
125.10076273465909,0.0
232.10257250356048,0.0
235.69963311430777,0.0
143.43736322081625,942.32
172.24950059051338,0.0
155.06935869853643,0.0
363.2068376163632,0.0
97.92573140820978,0.0
195.8789897992087,0.0
136.47151326820898,0.0
200.45403752836646,3680.97
61.20160291987516,0.0
121.48761245760416,1397.8
116.1953467461722,0.0
246.7619702201115,0.0
183.04837173109775,816.25
195.6712863392698,3487.77
131.39882974683601,2146.19
190.72626834860927,0.0
233.65263312788238,0.0
213.43119929734857,0.0
313.8913143423128,1592.79
205.358111817094,1660.76
521.3041727045625,0.0
253.7269679696796,0.0
145.4059631145373,0.0
270.5086323349934,0.0
125.29420120470056,0.0
146.99236473294036,0.0
170.2617847000008,0.0
277.88644813895434,0.0
227.5435417135676,0.0
57.01693135878352,0.0
170.1213416977382,0.0
145.42320388324057,0.0
208.58621487455636,89.1
98.85064164038738,0.0
167.8743597699284,0.0
127.89639751220687,0.0
130.78932711619439,1083.83
291.373118441521,0.0
127.17454478989997,84.93
309.3155737862333,0.0
345.08395694905096,0.0
248.17077540264359,280.39
297.4178176124777,0.0
216.80375039162715,879.72
171.8495446398502,0.0
382.51513442213337,1383.52
191.49424422970208,0.0
237.10473517899865,0.0
164.7586096275962,200.03
190.95799183113755,0.0
382.0504280381138,0.0
143.98135226759828,610.98
138.98664045723942,0.0
410.9082925160177,0.0
248.61915818438064,0.0
118.43021816247911,0.0
139.09798033533315,0.0
108.52720774905706,0.0
123.0338507774615,836.28
185.9384123278849,0.0
155.65192060031387,0.0
239.64626564815467,215.87
125.58324724043034,0.0
200.69667480928007,0.0
153.60529518634328,539.1
91.41291099522519,0.0
388.79018592223736,0.0
286.90848977304074,0.0
160.77343958995164,0.0
252.00171890752102,0.0
221.6301080922122,0.0
410.86281464469045,0.0
135.68234701219117,0.0
179.84213178442513,0.0
189.94663511607712,202.03
214.0705119429809,0.0
176.34580148314433,0.0
45.699922648057736,180.17
260.0825704601802,0.0
266.6602854357629,686.32
157.82348290088564,0.0
729.5472290379911,826.98
202.98318374408058,0.0
202.21689866016976,0.0
153.1183773671087,0.0
205.19526039982296,0.0
270.91356896037246,0.0
379.8278051312001,0.0
124.15689821784805,0.0
357.69782926300155,1007.57
195.05336524909396,0.0
186.2470904713329,0.0
184.50916420971745,1536.59
224.7754621615126,129.11
247.26410405090962,0.0
250.16997143981547,0.0
248.41173967232842,0.0
254.14250805759917,0.0
322.83807914062254,1075.63
178.03964013527013,0.0
174.48648047912545,0.0
228.72317384029446,0.0
156.5444931586064,400.29
626.2343758387615,0.0
216.30954346808562,450.17
164.5587631421332,0.0
163.08249922428348,0.0
354.9600956054545,1553.27
376.94032929703366,0.0
127.09599303375055,0.0
348.2073094759292,0.0
371.9384578364245,0.0
193.44152012532172,0.0
170.73154637654346,0.0
268.7638747621033,667.3
444.8950215570975,0.0
246.57121883870627,0.0
144.89799197700327,0.0
209.7588184570421,841.95
224.3199586438691,0.0
319.8085586177001,1563.45
97.92389405144543,0.0
207.40536925360027,0.0
141.29057665453655,0.0
536.6415782000104,0.0
198.05968907895908,682.38
106.36390067567298,0.0
69.72141595155497,1365.96
204.26044832643205,0.0
169.79409247690594,0.0
188.78953121180814,918.79
156.333578914839,0.0
187.47040115537,0.0
179.0170723580774,531.86
268.8193009179022,0.0
154.82796539741665,1310.96
327.5927807238068,0.0
203.9318052243461,574.72
233.40073410183712,0.0
279.8927680249543,386.13
164.80234342979557,0.0
111.58998469604313,0.0
240.14353815491444,0.0
231.04227572725097,0.0
167.40089515388388,0.0
233.50411323330272,917.11
59.48686244095607,0.0
183.40745681242848,390.72
213.98669619670972,0.0
268.8259002083943,0.0
118.13320300006725,655.87
252.7216955687637,1117.54
140.0204189958536,0.0
304.5709981479281,0.0
116.60204422971763,0.0
82.22059361165311,0.0
35.303353472852585,0.0
125.37438415478276,491.39
169.2011440979658,0.0
409.9233835342834,0.0
357.92605343061547,604.9
219.71331242082456,0.0
141.5999791249877,0.0
239.1880369305441,0.0
172.07265764732716,713.49
204.7300718153832,0.0
61.37823195601735,0.0
281.48820728248774,1736.6
115.00968022545392,0.0
119.5326112229769,0.0
187.2731349702933,0.0
261.0273714977337,0.0
188.64739076115697,0.0
281.60811250420477,0.0
176.74078904573412,0.0
371.7862148451403,939.48
210.26954022588808,0.0
149.39558192358092,0.0
115.75521495022332,0.0
134.90361701095523,0.0
112.08951688174392,0.0
133.5713975825406,0.0
271.0267256802955,0.0
568.8022763838502,0.0
166.46786353443736,868.54
512.4634001572927,752.33
253.78370595620166,0.0
204.7816419898366,0.0
210.3255329412416,0.0
292.3011552909507,0.0
94.46177054852019,0.0
86.96576750413347,1694.14
320.03320585540894,0.0
242.21793558869507,0.0
74.34098659553744,0.0
340.313611279977,0.0
297.2211648972492,0.0
181.17782111595776,586.1
71.24276603158343,368.77
191.3887029713856,0.0
184.33917422758554,0.0
180.8472485263417,0.0
82.1489727026028,0.0
211.4388184434447,0.0
343.7637905712327,5795.2
327.59618974630905,0.0
139.69637373027987,399.73
177.91410222616136,0.0
249.6035636131887,0.0
129.49783572021107,0.0
83.98202204572338,0.0
112.36100272426826,0.0
167.50826362314027,0.0
148.11227546540525,0.0
91.03549801122546,745.31
109.2117318750534,0.0
166.84955856963677,0.0
86.95180730565599,0.0
150.5536231686804,0.0
201.8405684052417,551.39
386.2922556515952,998.62
130.6244673686695,0.0
230.85543850883113,176.74
167.24738850051386,0.0
364.1891581091465,0.0
246.35688658668954,0.0
61.76347600987203,0.0
218.64002827294146,0.0
75.18824293091103,541.95
128.1301606688536,0.0
231.5791901123864,0.0
333.59348851169403,0.0
295.2458955596082,581.84
157.98013159974872,0.0
134.19889887771603,0.0
118.76797855011976,0.0
122.096979900742,427.58
113.20543609162326,0.0
216.65789156536746,0.0
184.54266371360865,0.0
122.01710305763484,0.0
254.94009100843076,0.0
129.857125442413,0.0
218.17155966048026,0.0
68.81836715714006,0.0
222.34104812465873,1361.11
87.11120930468876,0.0
394.46087001623044,754.1
89.36852159125333,0.0
148.3056365505201,0.0
213.1651733854926,0.0
84.76407409730025,0.0
223.9049598960524,0.0
283.02787207382795,286.69
321.6923436544395,6207.52
217.95761901905902,0.0
183.59117991828188,0.0
182.11585791190433,404.57
315.3761233431036,0.0
339.2851140124208,0.0
468.90982989008086,1726.77
186.9794921828531,0.0
231.11281268578784,0.0
145.68415416646576,0.0
159.1304892296039,0.0
94.98040491786176,0.0
255.149460928857,0.0
384.5322370975811,0.0
404.77836746342876,597.27
99.40070337474275,0.0
138.67186460057795,0.0
256.07451202813087,0.0
152.6948075707025,0.0
514.9612464769546,902.54
26.552476668288957,0.0
111.96266256662402,0.0
302.49094059865183,0.0
202.57337008705903,0.0
202.53763433180458,0.0
258.49511068215907,0.0
202.79093521849347,0.0
129.1265962393893,0.0
135.67941183784288,0.0
92.05545915511894,376.8
80.33839877979258,0.0
85.08519101657767,1269.18
137.420350442047,0.0
248.06675862137052,85.96
157.3623906707844,0.0
181.0487002831634,0.0
231.4720112811669,975.88
136.86753904858205,0.0
301.0985474073107,0.0
155.67358760997553,0.0
239.5232986251668,0.0
205.8791287059491,1464.33
467.32842713109164,0.0
140.2618220397051,0.0
151.59521651581215,2199.72
116.17304483129651,0.0
612.5436541345258,0.0
159.78010290695357,0.0
293.5309974146452,0.0
151.4750513839006,0.0
184.45878709360858,2918.87
194.66530606063301,0.0
71.33423562714877,0.0
217.16460943259588,0.0
243.19731490363387,0.0
164.1363225045114,0.0
243.19659971508446,0.0
84.85544463546572,0.0
260.63210473683864,90.75
209.99598747131,225.84
288.687642466823,0.0
253.4764604745334,0.0
168.9453401740437,0.0
170.3702573294849,0.0
195.57400561970627,1344.56
150.74199637316227,0.0
216.92824363705753,0.0
181.74491573098567,0.0
253.39220112655698,0.0
188.54256142300576,0.0
132.2348142477823,0.0
179.9272876787385,0.0
172.31307438532443,0.0
181.54004679953914,535.65
217.6863647393076,0.0
479.8662488381079,430.28
179.1627851374276,0.0
286.21949812105646,0.0
115.30505948288058,1988.26
146.3287136078771,0.0
151.43969366017447,0.0
123.81106321667193,0.0
312.27826161649983,0.0
206.9596520358903,0.0
178.58048051601023,0.0
259.7084803901869,1327.75
348.4638696034781,0.0
145.9397041818805,0.0
158.52383721348676,0.0
440.16921735373,0.0
83.65715356404272,0.0
233.71007389200824,0.0
156.04265452414703,0.0
593.6891723681025,0.0
216.21715910657258,0.0
197.6940163924691,1502.7
245.30926916318225,0.0
156.9662838297925,273.45
251.51190077055753,487.88
376.70252661789135,862.77
136.74611635920195,0.0
213.65775442431462,0.0
202.59063758817368,0.0
122.28608018137943,0.0
226.12874473614298,0.0
159.6528785958952,0.0
87.95483418114493,0.0
118.1862555652308,1187.14
163.27571893384297,0.0
189.52688614578068,0.0
107.17347178625904,0.0
352.29049106334327,0.0
350.3194203555302,0.0
212.1492662097339,0.0
106.05891646560363,1229.87
169.30127348239824,0.0
182.30911134402928,0.0
144.35702278703036,899.28
95.37277646804638,0.0
404.22431382463014,0.0
313.7038060128502,637.23
113.92122106595369,319.11
171.55595527893672,0.0
125.10121099824644,0.0
153.33953170833675,0.0
244.4850358156714,320.4
128.1436984926594,0.0
91.41243735490748,0.0
373.7239533387681,0.0
68.74024928036452,0.0
250.08333869967933,710.65
247.0246289666789,507.89
391.50193466279563,0.0
267.67417440016465,0.0
158.5362861711174,0.0
264.7688044207262,939.51
177.35490097388208,0.0
90.6197209953489,0.0
115.71787798674322,0.0
175.29193702706587,0.0
276.5246095987054,0.0
207.25387174400166,0.0
154.13199665808258,0.0
223.37693437445685,1287.37
248.6792704653915,0.0
207.6300351479033,709.13
217.5154435495212,0.0
215.06587945506064,0.0
132.22038582607888,0.0
142.5581718124987,0.0
215.4049746011745,0.0
192.61469668579113,0.0
133.12343489304922,0.0
94.44896156613514,0.0
294.60245628260844,764.32
104.92994829993052,0.0
205.65754157361775,0.0
159.44485234065803,0.0
191.19288576884762,0.0
176.73122209962978,560.39
85.28595169951599,0.0
138.14527793351843,1611.78
369.9734283115044,0.0
471.3363238866235,0.0
265.3538388070269,2124.19
157.75141308889965,0.0
115.23373416075027,0.0
361.0814778052231,601.72
168.24772155331885,0.0
92.25515570246085,0.0
169.91956723673206,555.95
131.85517003973962,0.0
259.95560505542176,0.0
147.14779525395787,0.0
174.392219065944,0.0
297.20192866134227,0.0
268.8124186068448,674.06
96.86973543892425,0.0
215.07352028793497,0.0
290.62649412121,0.0
262.05973395408824,0.0
219.3406146807919,0.0
155.3875705480203,0.0
211.36070214250648,0.0
223.9745377836348,408.27
152.4141842617745,0.0
141.19227106848814,0.0
251.26729138438122,0.0
370.3848624402983,657.24
166.68117167641034,0.0
128.3220719087314,0.0
283.9843884313726,0.0
132.168447407968,156.29
278.7168140741117,0.0
182.5590601719312,484.75
192.98520454437582,1360.01
228.11245967522171,0.0
338.392272260808,442.98
215.1150070873483,0.0
206.16308363332612,0.0
193.02849561239032,0.0
220.0365444330327,0.0
178.331219043325,0.0
382.6282944408574,0.0
118.94747781648418,0.0
199.92053631687133,0.0
151.24537215962462,0.0
114.52982775138264,0.0
160.8429640814675,0.0
216.98677305088933,2872.57
214.70035041948938,0.0
158.82510639627426,0.0
148.71504704815285,0.0
228.17485954935685,0.0
261.033362116281,1158.57
161.75754582305387,0.0
114.6920405904368,354.34
140.24942364819358,339.74
640.4534297018384,1075.72
162.51201038461886,0.0
217.6149557578233,0.0
145.37096333285575,0.0
178.23022501667776,0.0
179.78935026694515,0.0
226.77258332207626,0.0
124.19302199969341,1129.18
89.40662443382772,0.0
148.47101581752233,0.0
91.73009714537469,501.22
184.52475766824676,0.0
172.5318619787372,0.0
210.50748148687856,491.66
227.821229156742,2565.6
99.96050850197109,0.0
212.38322057692704,0.0
394.9900058015356,1211.96
153.42042225696002,879.49
127.70031968097258,0.0
70.77892042296321,1702.03
233.09359480156854,0.0
207.79446206521348,1233.77
144.04153339306336,0.0
328.2194687993517,0.0
286.3025361245078,0.0
567.3824378276441,0.0
72.14406234146428,0.0
468.4815908781933,3526.38
261.8053749893273,0.0
114.51657553822555,0.0
180.6925023969064,1369.59
188.266147971598,1023.16
123.93721993281115,0.0
226.70601648245784,0.0
111.41304778646204,0.0
123.18101329292142,0.0
360.78213053929557,0.0
296.7065925312566,0.0
129.32977629368798,0.0
186.39291348697384,0.0
104.70070429882054,0.0
253.68974474553352,0.0
624.7052738981259,0.0
119.2447985165912,0.0
360.5322663938619,0.0
248.2358009542994,0.0
199.5126458135732,0.0
139.51035063269677,0.0
121.4377992006475,0.0
241.7561821488477,832.38
220.8534547653339,0.0
206.438670516388,0.0
92.94380469081682,0.0
39.70817179070568,0.0
515.9338367431038,2202.3
136.15618766395067,0.0
92.76362438748853,0.0
192.43284003157933,0.0
416.47327863512413,0.0
171.49965872188793,453.81
146.956490997217,0.0
105.5861209870123,1579.22
234.75097749398174,0.0
464.95661636112675,0.0
118.8570238275552,0.0
284.25708440730324,935.68
214.73756217650396,0.0
166.75910860673775,0.0
237.45512181290053,0.0
219.9530441596929,0.0
143.3567484096129,0.0
212.94014510314292,257.74
211.75126675403837,0.0
138.6711907355767,625.06
355.8928124399709,4042.3
185.24524222400294,0.0
150.89827596397134,0.0
118.87434398438567,886.01
87.83160977721259,0.0
177.92332627274376,0.0
95.0494506714998,0.0
36.5358170155346,1146.72
198.96259114767864,0.0
309.83922225730583,0.0
544.8981753508774,0.0
162.43106368601755,0.0
109.25557209408925,0.0
107.69919639818401,0.0
159.2707713239288,0.0
234.43116016439097,0.0
302.453702471663,0.0
182.3475188142145,467.01
102.2730919202385,0.0
337.4018502400483,0.0
236.75164781764502,0.0
92.05881063535195,0.0
181.84468209791135,0.0
285.74415363317496,0.0
831.7307615459517,178.3
324.02715791375357,2143.19
145.5172939196545,0.0
91.00797430488642,0.0
111.9625779150069,226.62
323.7943303168223,0.0
105.28993065320874,0.0
154.8307603379089,0.0
384.2485227411551,1944.77
115.6069964679017,1825.64
220.89620144948066,0.0
224.2785821098413,312.99
247.09499717710239,0.0
132.38890514297472,924.2
182.55360979993938,0.0
104.26064516391408,0.0
124.72090719748752,0.0
152.35835648911504,0.0
126.59689935462019,0.0
344.6204957196143,0.0
279.7224274696289,710.38
234.18789178613952,0.0
189.1096459412737,0.0
125.55706503848354,827.75
185.87840121826125,0.0
165.4295417017992,0.0
267.16875333873725,0.0
105.21485602427275,0.0
281.39995643019296,0.0
43.24545130616412,0.0
166.18964340175864,0.0
162.2275276448785,0.0
120.33588251610934,0.0
118.3849888120766,0.0
210.190060198156,0.0
187.304533929093,0.0
238.1653076944761,311.5
108.31085074159505,1414.91
295.113541746056,2781.02
268.0578186157527,0.0
89.86336045898415,0.0
209.961580550905,1013.0
276.3331058990134,0.0
90.29761966861048,0.0
384.66032762244134,1034.34
318.2151734891111,0.0
229.73974028147842,0.0
91.445420931169,0.0
294.3296645105412,0.0
230.5216989675367,0.0
247.74866484439087,462.01
197.7610341535456,2018.85
216.90684432333052,331.27
116.99522582042987,0.0
101.60503451293738,0.0
242.21329964274466,0.0
143.81500349682702,0.0
113.06301701152707,0.0
241.08342523689973,0.0
186.74667265302188,0.0
190.04879763088667,0.0
124.03953455333276,0.0
177.27437257053955,0.0
223.17087237816207,282.89
486.9035205281612,0.0
159.3120715234274,0.0
167.4733785670069,0.0
56.22774784566186,0.0
205.5822841650157,0.0
147.7265129251533,0.0
211.65539547499372,0.0
247.1227936890503,0.0
208.8006734008704,0.0
202.40113213209108,0.0
154.8988744911508,0.0
233.02452444599524,0.0
468.9278727715257,223.88
88.63056620080847,0.0
211.00617594582158,0.0
175.59857853821728,0.0
299.75747612750695,0.0
138.27808455459714,0.0
173.54652724800752,0.0
127.06618176329194,0.0
230.85387350658618,0.0
150.91021296516766,0.0
445.04044225715955,0.0
394.22079585157275,0.0
502.9009170654537,1111.35
234.17731441218288,1350.49
164.54560916641893,0.0
75.551750180034,0.0
133.81190384128823,0.0
179.95794659559652,0.0
137.6950779901485,0.0
93.92020437475169,0.0
247.41828074238902,1260.64
165.74388609215754,0.0
157.21424351541506,0.0
206.68758957037286,0.0
465.19999053603146,0.0
359.0387340349774,0.0
227.230678793493,0.0
278.8260190424948,2480.58
211.59997410293923,2031.8
180.0477444919954,0.0
180.4314633087269,1379.28
99.75791777709942,0.0
168.65999767723616,0.0
135.1583569347097,274.21
166.74782559818414,0.0
205.43809028848767,0.0
184.81277509331676,0.0
181.10158245599447,0.0
77.22614223959219,0.0
221.2963441855753,0.0
311.8212341074401,0.0
205.13104018783744,0.0
194.3462031724371,0.0
138.06983997939156,0.0
392.2949511672445,0.0
262.8942740731499,0.0
144.270789077052,791.59
243.83260248300613,0.0
102.08193448396852,0.0
387.8315066006748,0.0
57.426470790553886,0.0
145.56530250848527,0.0
146.06246580280614,0.0
179.48103106207844,0.0
190.47848507068477,0.0
116.06501128747287,0.0
174.32099054110324,0.0
459.00636634246797,2558.16
642.3828780492726,835.34
118.49284224354045,0.0
267.6855898152219,0.0
491.4614085329491,0.0
125.10804466321802,1417.64
191.90872776772733,0.0
120.11199012373697,0.0
232.34075288903307,0.0
307.97087889039034,0.0
163.4192917976332,0.0
116.74721004537533,0.0
188.26959479451511,0.0
109.35215832310375,0.0
92.23957858331842,0.0
65.49293852118586,318.58
375.8314393528923,0.0
350.506430683751,0.0
148.28889777307432,0.0
135.60979316927126,0.0
187.48257643517525,0.0
107.95628051719781,0.0
252.4716284232661,0.0
278.2926133182913,0.0
219.69351512591592,0.0
89.04014127488855,1469.44
556.6460616549953,0.0
117.40703996614319,0.0
177.7037271990393,0.0
147.47913795226702,0.0
276.93428405076645,0.0
97.5955539801103,0.0
265.7693295683374,0.0
274.809832147215,0.0
80.44920681525451,681.06
226.4956522563244,875.51
190.38078723870714,0.0
117.15021136660371,0.0
98.50554045901426,747.92
134.87872321369701,0.0
324.3598536871884,0.0
224.31806715484225,0.0
104.249667404117,934.79
102.65408965963799,623.57
197.49231753911496,0.0
202.0391909407167,0.0
208.54229982216114,0.0
109.98375262401241,0.0
181.31143824288867,0.0
201.09883370361513,0.0
420.15777976426307,0.0
80.07231602900717,0.0
281.7718330546356,1645.85
144.98232549201546,0.0
256.05654937118123,0.0
241.91956586523455,0.0
239.50192096018947,1370.92
194.88425871778944,1118.29
152.93603302415977,0.0
39.88701377535663,772.45
135.3850225231023,410.46
303.8583873801443,666.95
268.9823700597092,0.0
473.7373411932667,1269.97
298.66637147688624,0.0
130.72444820223396,0.0
191.22022059454792,0.0
184.37517866596153,292.36
224.8871875660395,0.0
121.75951897087964,714.95
259.9416194084408,0.0
195.6806891634963,0.0
416.45690609163114,1388.34
102.85250383042407,0.0
273.56902354686326,0.0
132.2156756191414,0.0
265.0716810635991,0.0
160.087133941498,0.0
142.59895958338873,0.0
245.2776738674821,0.0
228.5814392488254,0.0
115.82636449082719,0.0
279.78320422150006,0.0
181.17270661369886,1231.63
112.0754236438947,0.0
200.80308600735248,0.0
184.45267036849356,1702.92
228.68659643085763,0.0
108.93789203534872,0.0
73.60860306227933,0.0
191.11493014876817,0.0
147.0886596699802,0.0
139.19159740482647,0.0
200.75149208633619,0.0
205.61765263287816,0.0
451.0094845564187,2606.54
233.8515507056417,564.14
119.55928849051944,0.0
156.20175014659057,0.0
187.4890176853757,0.0
101.1765837974454,0.0
163.336759669218,0.0
162.83564935285006,0.0
59.775433236328396,0.0
180.35304242891732,0.0
130.8565357802499,490.89
130.06353256002012,0.0
466.2773570327951,0.0
195.14453539725938,0.0
151.0299154020401,0.0
230.55599343415108,0.0
207.63391283933515,715.26
245.44828067162226,1103.18
134.4003285059739,0.0
504.1039369200525,386.14
132.08566506269895,0.0
235.5314124056497,0.0
162.45241192075363,3164.32
340.4693495971896,0.0
217.13788376073603,0.0
126.79554775714163,0.0
144.79556705713657,0.0
277.37311525589797,0.0
269.29920517381095,582.31
52.18036436621935,0.0
183.1970711952355,0.0
204.2582173160887,0.0
234.4635962576978,0.0
345.52563925969827,346.9
262.99524599685884,1093.26
122.53593783949398,0.0
97.71674155541122,0.0
267.14333196867483,0.0
178.9831622546882,0.0
110.15800911505139,146.57
119.84385937376756,1428.24
151.45948928205632,0.0
274.6474895950309,340.63
40.964366961779355,0.0
267.18175531992216,0.0
192.20838784176118,0.0
129.17690035405326,0.0
122.25212151567219,0.0
102.58883147141721,0.0
168.55993699808775,0.0
181.82657825838876,1251.94
268.45806510002274,0.0
199.48436846081708,0.0
484.21112930562214,3153.58
217.1661550362131,0.0
80.06342011336696,0.0
166.57960763691827,0.0
158.45769580601353,0.0
120.47564951508006,0.0
207.99722429476685,0.0
352.1979126381234,0.0
174.94695648732306,0.0
202.95311961169025,0.0
560.0368901684285,0.0
117.98911151539566,0.0
187.98591496602,0.0
95.66602950460448,0.0
239.45383183860827,0.0
140.58279345415178,0.0
79.18576649789784,0.0
368.98334715423056,793.21
46.732231687756055,0.0
164.59779579985067,0.0
101.07299130182352,0.0
247.65242451721878,0.0
230.9117769889765,0.0
311.05870206102685,634.64
184.3623289783634,0.0
185.5709347348227,0.0
170.43060610920602,0.0
319.8773355045741,0.0
143.44501289378093,0.0
140.84602542207912,0.0
238.96607936926708,0.0
175.51421220119667,0.0
50.80106120352728,0.0
177.6388891607625,0.0
107.0572621185513,0.0
259.3034790878705,0.0
166.2840656663036,0.0
389.53058582347876,0.0
434.95259411690466,0.0
210.06239596664133,0.0
209.27873151976328,0.0
179.5587977096322,601.54
212.69465024939177,483.13
221.83031643915913,908.82
106.56464490222805,0.0
270.1141522144043,0.0
485.9825262074025,0.0
250.31407259688626,0.0
87.11384795919514,0.0
145.8719682843905,0.0
202.7699372491566,0.0
54.792987047149566,0.0
217.81500652345784,0.0
106.42800476905728,0.0
225.4467101322769,0.0
393.4770383519155,510.36
194.07880599257055,0.0
179.4355264163833,0.0
153.71877020481787,0.0
171.96938774598976,0.0
189.08764406278993,0.0
147.69728142609983,0.0
186.76324356317355,0.0
270.78253480971136,0.0
251.4243233163123,1061.84
169.17667735378535,0.0
838.9944355131138,0.0
363.2774598733926,1215.55
151.55806512199823,0.0
165.34961954367466,1703.39
109.92589707058607,0.0
290.36653984192577,578.2
163.67938109014767,0.0
179.07251908612358,0.0
175.18824597743267,0.0
137.73361335902936,0.0
132.14902265351503,0.0
208.14128559660605,432.62
376.18217298152007,0.0
165.81029576561605,1606.22
126.95720779401478,0.0
303.66605772690497,0.0
141.480648155607,0.0
323.82577361493793,0.0
230.55274519640088,0.0
297.3315850017176,1192.58
208.27827485190912,0.0
203.80171352452513,0.0
333.0509470360735,0.0
339.2808197745303,1024.27
158.6667752351354,0.0
442.22875994364847,2166.22
187.12446791069274,0.0
138.6284942204025,0.0
152.42360215631743,0.0
192.19240430332005,0.0
226.80509464059764,391.12
345.0465872811795,0.0
128.01013492040877,0.0
217.76175958485757,0.0
213.45967874401984,0.0
135.68861182418678,0.0
97.18217045802999,0.0
168.5172252055913,469.03
173.4222897698769,0.0
229.5142678717382,0.0
103.25305824527845,0.0
47.24050798944812,0.0
279.8376841264903,0.0
205.36869773574324,493.77
266.97123116494384,0.0
184.39308254365838,0.0
132.15723717998512,799.92
250.70553339129097,0.0
134.29570702347453,0.0
380.08069059186994,0.0
117.07437648505358,519.71
203.07033089228747,0.0
111.37667002598717,0.0
100.46728182736202,0.0
110.40123595744929,0.0
215.59617079904243,944.6
249.15662866638175,631.98
343.0818684002224,0.0
173.38065612491997,1026.56
276.6616186393555,0.0
248.99626475201492,0.0
243.44948105561843,0.0
233.75682934736773,2244.83
126.32563934823696,0.0
254.54012578717837,0.0
233.66898731076333,508.01
124.694364373519,0.0
179.02102055070802,0.0
296.7636109476391,0.0
214.67266956272834,0.0
176.96656613962804,0.0
55.436396067172645,0.0
152.30461565335227,0.0
282.66527779506157,1042.86
185.03348497228004,0.0
196.55255987308442,692.64
129.96350983635125,1230.4
142.99060530825332,287.67
264.083179245593,0.0
61.531966890174274,0.0
184.52941931304287,231.29
266.4047297087343,0.0
80.99376308161429,0.0
344.82653867080666,0.0
133.5462267296106,0.0
259.17773495713607,0.0
119.30148348265061,0.0
197.5046590926471,0.0
271.57954270187355,0.0
130.19739998098893,0.0
304.3153077115888,0.0
89.82771641562121,895.7
217.0217590424939,0.0
245.3400887891174,332.48
270.1111521841045,0.0
243.44966221316724,0.0
154.94393232931063,0.0
164.01341379565224,0.0
147.90700415148066,0.0
213.404934499151,4091.42
109.50636711501467,0.0
102.32202778895005,0.0
316.4643887880996,0.0
249.64856585572613,0.0
155.59754486689513,0.0
139.5357460280367,0.0
132.20649756325201,0.0
252.48886966636186,0.0
117.71775498641694,0.0
148.30088718125748,3870.32
222.26808875379194,0.0
389.547222512451,0.0
347.40639002709514,1211.54
157.52919091915422,0.0
119.298076219981,0.0
212.57571746413387,1815.41
48.435020970632,0.0
252.44550744570952,0.0
221.20231591941732,0.0
213.62165526324867,0.0
202.36085647125594,0.0
1076.713503548106,0.0
241.45540088975068,0.0
254.96036231411645,0.0
157.8800375262534,1359.2
115.14935607315363,476.14
217.26110696763843,0.0
116.27407054432042,0.0
346.1638443170162,0.0
222.055197998919,0.0
254.37771650177913,0.0
193.899729976081,0.0
77.18709170914688,0.0
169.21826202723744,0.0
138.41429148017176,117.63
112.60094749470991,0.0
281.5312643499119,2164.73
258.034276729025,0.0
1087.9575017239306,0.0
210.7128237702777,0.0
143.77663544078584,0.0
290.39973728229916,0.0
170.6307494597608,0.0
210.3875106923765,586.8
159.34225588834337,0.0
222.91332041944824,0.0
258.6211064942556,0.0
96.52299462861917,0.0
250.1105553988434,0.0
209.16031587122941,0.0
253.20310847865397,381.59
278.34410393563587,1668.09
237.28060332866403,0.0
96.60721816542605,0.0
429.1741387658119,0.0
189.61390707214224,0.0
193.305210622814,0.0
130.94039013265015,0.0
172.94355579353137,58.85
406.60438152534954,0.0
153.31686852818345,0.0
99.52834530167222,0.0
80.49965644430294,0.0
294.65336009268816,0.0
121.72891968805955,0.0
190.17975824937952,758.75
202.98361852759717,837.26
180.6898818352748,940.26
376.195264602335,0.0
114.90289184298992,0.0
172.73094570232098,241.15
185.04044035686007,0.0
434.61345106181705,0.0
162.51651560595838,0.0
126.9238517943056,0.0
227.87369946069725,0.0
211.63116772385035,0.0
385.05306628366657,1658.14
176.97964712267833,1376.45
194.2821780133606,0.0
210.9094592240933,0.0
202.93795800622402,0.0
226.98403274085527,0.0
178.39273159505947,0.0
112.6811222810449,0.0
96.7764436127059,0.0
121.1037092842151,0.0
188.15076936088013,0.0
109.71675784944736,0.0
153.94131972472113,0.0
209.47417005826915,0.0
173.41173265452332,623.22
340.8218045995198,0.0
94.93819596413144,939.56
376.9375877781411,0.0
186.07995552327108,0.0
382.9656081221188,0.0
259.53909316008946,0.0
172.85158808126064,0.0
193.9930238369968,0.0
155.11409512327165,0.0
142.36394755816278,1183.19
32.856822964535255,0.0
283.4042489246848,0.0
100.33474822776013,2394.05
228.09788332877548,0.0
86.58413110448542,0.0
54.792987047149566,936.37
256.1599035440332,0.0
194.8252065830474,0.0
518.9388080545457,0.0
143.7326950731884,0.0
219.56580996766527,2756.44
138.71346815154996,0.0
72.43572165591459,0.0
184.87963218678686,0.0
146.7487997976112,0.0
72.41518564468218,0.0
158.64799002438485,483.24
126.73429940358422,1117.98
72.73611163639745,0.0
105.71716295556313,0.0
182.09105588669635,0.0
158.20483558734009,1375.46
166.38330209578115,0.0
183.1490634570525,0.0
147.16104714260587,0.0
159.02321890525144,0.0
47.70603019076061,0.0
245.20548408073313,0.0
168.74742371841126,0.0
79.27149219222126,0.0
123.87520709453044,0.0
127.39325060267781,0.0
140.86723463641408,0.0
364.6505964976438,0.0
168.88395162458576,419.77
193.69988556457875,0.0
122.82628334317134,0.0
52.29804933232442,0.0
135.3203099701413,0.0
104.6279393963735,2862.06
472.76659440188763,0.0
560.5841332313919,373.9
268.485397813705,0.0
141.5501181138132,0.0
168.60789126614992,0.0
301.089014007455,1216.95
92.06288163267898,0.0
251.20189837699763,602.42
157.35181349052297,0.0
299.33214445949403,0.0
129.30853353652756,0.0
479.6297882883525,0.0
126.30371585052478,0.0
110.75830352734341,0.0
335.03561000755167,1635.64
156.11944128526287,0.0
104.29024249945628,0.0
130.46243464563355,0.0
121.59568647870275,0.0
245.36282927784734,0.0
84.55023471112216,0.0
178.60773718941633,843.56
339.376312242375,0.0
195.42758520131707,0.0
150.81188588631707,0.0
177.71172768967875,0.0
244.45188625244643,0.0
171.40029152017974,609.16
215.53218482268164,0.0
138.80531182726745,0.0
158.94369889584573,847.66
238.46600368480068,0.0
251.90159814768396,0.0
191.49077057286706,591.96
157.5319059593043,0.0
136.4063392821457,230.15
87.24331442902964,0.0
120.09397672828953,0.0
105.51815678719228,0.0
211.2577299610678,0.0
301.5225099453957,0.0
196.97725144981555,0.0
269.30728231780574,884.55
113.83921110718079,0.0
177.17397202946884,0.0
195.88920388602915,0.0
232.34978144846153,0.0
98.93706795999739,0.0
120.68842623634497,0.0
203.9987378313752,0.0
271.6878889220287,3407.36
106.15688434482175,0.0
145.36702913497817,0.0
132.13579387301493,0.0
178.67181515352,0.0
169.29258239603965,0.0
218.48415021920107,0.0
129.27931595461317,0.0
201.95402951640517,0.0
354.61436077663467,0.0
132.9685072960101,0.0
174.06162885376622,0.0
154.4908694248307,0.0
171.01334044868676,0.0
351.66004127063087,0.0
192.5163434961545,1459.33
145.7389202425086,0.0
256.6596625978989,0.0
161.45752937678603,0.0
91.90985941167243,0.0
397.4386248285453,0.0
275.07081245605247,0.0
61.642463947880714,0.0
218.64454383216435,1188.41
154.20365842452557,0.0
132.78409561351543,0.0
168.0135507472168,0.0
341.60354389536667,799.96
244.1030939706214,0.0
150.42103861871902,0.0
135.0967562474581,0.0
268.82607065352846,0.0
156.3395987568213,0.0
333.9506368455219,0.0
104.71820577362683,0.0
171.9088900515209,0.0
77.0191562457625,128.73
204.81760635051552,1614.36
159.67773480697824,0.0
430.1523310042092,0.0
233.50597730838328,0.0
106.89800579751993,0.0
154.3053265865147,0.0
178.93162696983973,0.0
156.873109232135,0.0
155.25791168169488,0.0
168.19410476454686,0.0
235.34217865352,0.0
209.08489708197737,272.42
207.80544881697762,0.0
131.938237921407,0.0
195.6472745212876,1570.79
154.02061621769298,0.0
131.36776130088808,0.0
247.8815943502855,554.73
190.60789900707212,0.0
143.61559446464506,0.0
105.05955961245216,0.0
210.47990849764358,1569.07
139.58666053214975,0.0
164.95788988024373,34.19
209.02481295662935,0.0
266.06210335492324,0.0
94.36652234497933,0.0
140.49210158869474,0.0
134.80189151472425,1562.91
218.00544486698078,3310.56
263.322157471849,0.0
141.534104195097,0.0
120.01664586109611,0.0
60.07953830984793,0.0
105.90425959417887,0.0
246.41425788477684,0.0
234.66369690597068,356.35
86.63567832515386,0.0
157.90282869443067,0.0
552.1550742030219,0.0
250.45358540818756,0.0
362.2601649801518,0.0
253.64217364919108,0.0
142.43485414960614,622.07
143.906537190425,0.0
94.22296746907321,0.0
237.333641489982,1902.52
265.6258097567506,1560.45
110.33612318051357,0.0
256.3184117295686,0.0
293.31504004943827,0.0
337.7622042543259,0.0
124.16909869230557,0.0
151.2357108583342,0.0
96.29969736219662,0.0
186.0247707334124,296.28
423.43653182730964,1002.83
331.8548097676541,0.0
260.0859570361658,4733.56
211.1171646790535,456.82
125.03546279206304,0.0
184.65290146232374,330.99
215.23812447743444,0.0
142.56013045362425,0.0
163.10076066019954,0.0
101.7613293017623,0.0
131.20845588377773,0.0
113.3700953383421,0.0
140.6534356107119,0.0
221.9655889439811,0.0
114.78836900709341,0.0
149.69350968010662,620.91
174.73222410926004,0.0
255.68948182156396,0.0
316.22404889322195,524.3
104.09626458732127,0.0
223.39407682619486,0.0
133.81985972211777,0.0
77.64827064637149,0.0
251.28031268835363,947.97
229.9061374628081,0.0
162.7374637788968,0.0
181.75082790687972,0.0
214.51808532943664,0.0
247.94279593411508,0.0
200.4764469249558,0.0
194.10709740717846,550.14
169.3609025609385,203.15
140.32348520429187,0.0
312.77569284088685,0.0
217.82071049455317,0.0
191.48570754162395,0.0
171.46807671285995,581.72
127.48061682849882,0.0
124.33487830304786,0.0
711.6141680970319,504.24
328.0151302393575,0.0
161.74142094616406,0.0
272.36575223624925,569.62
119.37945955111545,0.0
31.49178063989711,0.0
215.9623434380813,182.28
504.18137594604786,954.9
172.9824030555882,1412.29
294.70193731862423,1472.68
164.5188509969655,0.0
80.07782504707464,0.0
413.7647138473185,1058.36
184.0285405277368,0.0
108.48747605179274,0.0
104.77608835795724,0.0
305.1723037977108,0.0
213.1440968658975,0.0
405.63520181160266,0.0
104.34650682801679,0.0
123.15830882394381,0.0
116.8572909965244,0.0
117.49751129068952,0.0
83.64478293508586,0.0
131.92150450633852,0.0
121.1332947749667,563.02
199.85548305285332,0.0
228.1096939420527,0.0
415.77428519317203,0.0
342.87545192512783,0.0
183.94111868454755,0.0
194.97916526188013,0.0
143.66895139586327,282.15
330.30359794551174,289.27
148.06184769557038,0.0
193.1711227314076,0.0
439.69020524497864,527.06
307.67665499167833,0.0
161.3727417303272,488.55
252.59308831652265,0.0
170.36170730743783,0.0
129.9710773642946,0.0
204.85678924472592,0.0
114.0398720316977,0.0
250.0047519421671,0.0
248.32810226319134,0.0
324.41304283802157,0.0
412.15425070348,1086.88
199.45933597047764,0.0
248.2706497066923,981.86
141.2856071896034,0.0
155.56473616798777,1437.2
267.6247174551116,0.0
142.44770830906918,0.0
78.21655608923592,0.0
209.22491176395656,0.0
344.25371487821025,493.35
349.50862155853486,1713.55
23.141928790318662,0.0
300.91561442219296,0.0
258.3830471935278,0.0
40.98886259583752,0.0
337.33014713762634,0.0
166.67004880308176,0.0
330.36618940373705,0.0
238.11805631600743,1606.02
293.8052324419486,0.0
150.54960694983217,0.0
131.17901303859662,0.0
203.03062926831055,0.0
216.78874232505635,1992.72
116.28842280127016,0.0
78.53705401365832,0.0
96.5956112028705,0.0
188.10205090910011,1724.34
144.94541541912943,0.0
216.96543025185852,0.0
180.3689075204987,0.0
224.62382810104845,0.0
380.49190966671694,0.0
220.37296841709428,0.0
176.97135342856535,0.0
179.35963650480076,0.0
147.00768007624688,0.0
214.24697058595427,0.0
237.4734814706939,615.48
309.65533050326263,302.44
197.2509914449935,0.0
71.55261447440684,340.54
308.0788920114086,0.0
221.53400953061566,0.0
347.89815928111176,791.85
323.5410816247013,0.0
218.12242631743368,0.0
220.6060679611414,0.0
143.61090999962258,0.0
342.37859914415026,0.0
1167.2156071795919,5804.7
193.02177080381358,0.0
155.5469753951221,956.41
81.22501004426157,0.0
305.3936429331604,0.0
333.0906450666404,0.0
256.39726769113093,1265.38
165.9074059946625,0.0
279.9049597606938,0.0
157.4002187869411,0.0
125.1927432837667,0.0
190.12869188102056,0.0
301.2445892379612,1251.61
174.3532218858506,0.0
219.30154350051868,0.0
93.0038604312158,1257.49
76.32727310808286,0.0
189.92540974285467,0.0
379.0501396551147,0.0
403.35686511647174,0.0
217.89869727335753,0.0
137.02945011372495,0.0
286.7184925126082,0.0
165.07764577087528,0.0
119.32504724490883,0.0
189.7510190240907,0.0
136.70570827768105,0.0
178.51757840980764,656.33
287.1314949028546,0.0
192.48185655455472,0.0
197.88485100640526,0.0
425.49084487025146,0.0
172.59361601223264,0.0
373.42442319709886,0.0
74.37345871114967,0.0
190.22776080765485,0.0
214.89558012115359,0.0
167.98022637643444,0.0
112.38983943145412,0.0
269.1822037551582,0.0
170.94824672451242,0.0
162.4555245692511,0.0
282.54417462561617,0.0
282.3129401113967,0.0
102.75400916718434,1693.27
242.58378763567984,2298.97
374.59968043911726,0.0
222.55706763377063,0.0
248.65696219897174,561.0
112.41170345732989,0.0
185.8698725329025,0.0
254.3865620938398,0.0
337.06988040743454,0.0
309.3232794633753,0.0
69.30008344103918,0.0
107.5824045329642,0.0
225.28900109421127,1923.11
262.30542369606627,0.0
162.02515330463007,0.0
93.71009539942808,0.0
219.90911520470303,1381.22
319.0222193922585,0.0
353.9754615246198,0.0
86.49617801508616,0.0
127.57912677537624,0.0
254.73871237130572,0.0
128.8136401775156,2003.92
303.0578986996439,0.0
271.8955088792603,6591.12
368.6099064001758,0.0
57.44173534060043,0.0
261.1042202647085,0.0
309.1734520435186,0.0
121.00537386072205,264.26
136.90014319512184,52.4
432.33412784154154,754.82
174.82553632395388,0.0
190.85049700674125,0.0
195.97071830958882,0.0
150.23918971221013,3195.35
108.59673108354899,0.0
168.54877806675339,0.0
227.5518444106831,518.91
191.96779050678978,926.22
192.34144599747378,2264.1
498.90477137416536,0.0
142.30278679173716,0.0
236.83509226690558,0.0
196.26994648031697,0.0
197.36930825185905,222.68
234.22852443877858,0.0
204.62512797475517,0.0
216.74343889173736,0.0
265.1432906326536,0.0
200.13821770147428,0.0
228.3942107089849,0.0
240.90804941554148,0.0
82.20742309812339,0.0
204.4451904007235,0.0
128.44042632509388,0.0
103.07459283529087,0.0
111.94187548037894,0.0
99.73704929484373,0.0
213.94890243573204,0.0
386.8520157318745,0.0
343.02664157970605,174.07
274.2846796084078,0.0
221.63347720951282,1204.95
248.39550652404898,0.0
152.57437586811713,1002.77
367.29228019088737,1219.22
240.72040526743146,0.0
274.57031156052057,787.33
224.68776746953796,0.0
249.22136121045637,0.0
165.06416840479122,0.0
187.9549645521377,3125.62
139.43041833996602,657.73
101.77832918567394,0.0
264.61436028158647,0.0
320.9560520136999,0.0
141.8688801827576,0.0
160.39987439996037,0.0
188.56848028906796,0.0
266.55464591699723,0.0
204.1620687717773,0.0
125.76919679676011,0.0
139.09692351084684,0.0
279.1699369236876,0.0
153.28397331541785,0.0
178.77959625307457,0.0
267.79376592140073,0.0
114.12911293365728,0.0
74.90202597261724,0.0
238.7731490873955,0.0
105.62176155272566,0.0
30.48848444833294,788.69
145.01911284335233,0.0
145.45871126159952,0.0
279.3046179635656,0.0
68.7709686714686,0.0
270.901146981521,0.0
209.4792082989312,0.0
208.25719097817134,0.0
212.93550828842896,0.0
177.61059608658428,0.0
457.4484676222129,904.91
134.68521021689958,0.0
169.19254954405986,0.0
140.99221473213717,0.0
215.00071285096797,0.0
87.7067159551943,0.0
335.61393305493345,0.0
217.94641047716223,0.0
171.66374764152937,0.0
256.731210720671,1962.86
454.7497375849943,0.0
178.08481364854973,0.0
309.87256986685617,0.0
299.56781867067247,0.0
306.39761317615756,0.0
191.5683010954489,366.64
306.3746910605857,0.0
239.26734036779845,671.56
95.50757450247009,0.0
290.7342267036733,0.0
183.388905084522,0.0
113.48810005079108,0.0
203.94320465896934,0.0
117.50777827428719,781.81
215.70283176888998,0.0
183.03892746625297,0.0
198.75652770627636,0.0
311.68321929372627,0.0
138.9595432029624,0.0
87.0017636358246,0.0
44.65694180841755,0.0
240.55192065563665,0.0
178.56592622486212,0.0
164.23733665124638,0.0
320.44820263049354,0.0
183.41641859868477,1943.46
133.7256089756434,752.46
269.74061225730446,0.0
147.62373513437663,0.0
118.79764302986001,0.0
258.81656748228056,0.0
213.61329181288468,0.0
120.77927502325218,0.0
96.49785107719369,0.0
115.93640033044807,0.0
66.07460947380667,0.0
117.28563796834929,0.0
237.56036490503456,111.47
206.7412709186423,539.79
144.39730569734317,0.0
154.05975145171703,0.0
72.37330142368558,767.22
312.0812987600722,0.0
208.19813664449805,0.0
208.40457868118548,0.0
260.0026115602073,0.0
108.8904185681228,0.0
187.57486425416673,0.0
350.2481559261562,72.87
207.74858927248593,0.0
284.11776519609356,0.0
71.21398060755615,0.0
75.8450087266553,0.0
218.76853606816826,0.0
233.37663464865398,88.82
194.47769535556554,227.31
129.52560193438342,0.0
250.7591565330952,0.0
138.5528295901487,0.0
230.3784112268459,0.0
278.6034273528692,0.0
244.60225480920485,0.0
96.0512085369239,0.0
251.08920283440193,0.0
190.09262219397039,0.0
203.9243878667871,0.0
83.2307381853974,0.0
163.87062658690067,0.0
158.06892389696037,0.0
21.525552169248783,161.54
176.38564362367237,0.0
104.2508983308571,0.0
82.55254314262007,0.0
148.1500144967645,0.0
259.46491575120086,0.0
303.0974672893186,0.0
176.67836541096528,8006.91
154.6776034712197,0.0
221.58427705926357,1202.04
235.88687183341216,0.0
217.66516381071284,0.0
150.35809675967212,0.0
179.642270765143,0.0
137.53009836063268,0.0
161.12681528641386,0.0
127.71939972878052,0.0
252.22798491164357,1645.4
167.09696736657324,0.0
198.6455737127311,0.0
151.19470874259324,0.0
181.82697680197734,0.0
108.31230772980454,0.0
309.48341398560143,0.0
250.9571804874214,0.0
120.8323140214638,0.0
379.5110060414178,0.0
195.2300925242865,0.0
172.87944557392805,0.0
85.8647149577367,0.0
155.48305982467255,0.0
435.9725856283226,0.0
165.60259375219223,0.0
179.86393332456404,0.0
185.43839003669268,2259.5
165.90993088016504,0.0
121.94756471249141,104.4
201.45904739552918,1464.04
266.9310175541003,0.0
110.02366929082885,161.81
152.66969855615898,0.0
128.67361398999827,0.0
219.45329870344224,523.51
105.31464216548441,0.0
69.80560733185645,0.0
145.93428815496853,0.0
137.25126231189273,0.0
173.50906938239504,0.0
69.47804026977767,0.0
143.30087066387392,0.0
584.0894210389031,0.0
159.63583983148771,0.0
250.65001905946852,0.0
180.14696301415978,0.0
178.5034118737792,0.0
37.74816239770123,0.0
171.42973840116355,0.0
148.53882987677042,1477.71
128.7419200110525,0.0
464.94289577403794,1746.08
285.15294022303397,0.0
192.37695094440835,0.0
379.46473017214515,0.0
313.72584895020935,1384.15
240.9453090529519,0.0
65.66561139196087,0.0
303.9074624176815,804.87
137.5555167341926,0.0
167.2805300329572,0.0
98.46423452788814,0.0
118.45026273011334,0.0
163.72772057519728,0.0
177.3881414073155,0.0
178.34311045560472,0.0
13.931390577669934,0.0
177.9476221130452,1147.49
255.38448997942456,285.36
385.2914994226492,723.74
236.45048866435965,0.0
56.76001878217771,0.0
225.69030613252977,0.0
347.5869113792315,0.0
486.0915288276381,0.0
343.27968288139243,0.0
260.716467214963,63.08
148.45650831217293,0.0
564.2177530505913,1380.28
235.70638480497436,0.0
380.4993942739153,0.0
60.30106327932181,0.0
128.9035908894252,0.0
151.27900918939912,0.0
170.00584440175479,0.0
209.04000489274816,0.0
276.2479555515697,0.0
56.47190707244948,0.0
294.30785588140327,0.0
141.82509368767103,0.0
141.96843430524294,0.0
198.94496563168613,260.82
154.38127901554094,0.0
155.11337257105214,0.0
206.08200320209068,0.0
160.33284526532472,334.83
110.40357300469176,1707.37
153.51833029032107,0.0
229.9711192359468,0.0
155.08719335986862,0.0
221.95775825805796,0.0
156.67539625630448,1920.65
276.18771660735064,0.0
133.20946987815176,0.0
201.6345855532773,0.0
121.2984692253955,0.0
134.34136057996213,0.0
213.07370600156992,0.0
194.29460840578307,753.06
76.98762958029681,0.0
352.7848370611027,0.0
203.5176473297244,1566.59
165.16229345621042,0.0
184.570385358027,0.0
259.0770800845617,0.0
613.8658723916293,0.0
140.71425599001375,0.0
524.4704411910533,0.0
252.6620799564982,0.0
187.16797958364586,0.0
128.15080297124072,1126.65
257.4704279363604,0.0
121.6853563455013,0.0
180.07880308571507,0.0
170.93704982949032,0.0
196.46146145025642,0.0
152.94794758063838,0.0
127.87411917509712,0.0
47.355272558867306,0.0
135.47592392806666,0.0
416.3340428746806,2355.96
109.20721913623488,0.0
188.94387624720656,0.0
179.70828461212355,595.64
145.92454346547328,0.0
317.3062212676595,0.0
233.43139359507074,624.89
263.78002376790255,679.82
123.82400876281892,0.0
136.78332852654145,0.0
216.0239856858194,0.0
122.68262754667248,0.0
231.07986191557956,0.0
298.8088162782103,0.0
318.15690182451675,0.0
186.531585792131,0.0
140.31639572526493,0.0
244.28334518996573,930.9
224.34223001221346,0.0
325.11643500769895,0.0
136.71690617044771,0.0
154.99427271669762,0.0
268.28253579154983,0.0
184.03715099788394,444.18
282.38711002800386,0.0
182.09325041763398,988.28
189.83452834967574,0.0
136.46974424311463,0.0
210.0893868998349,0.0
170.53829501414674,0.0
213.74852106903285,225.37
170.20959975328208,0.0
245.60243727895576,0.0
150.1425785365148,0.0
338.2656632452656,1011.33
206.67253080200345,312.22
128.90026989114736,0.0
185.63618038132498,0.0
91.5199618882711,0.0
301.0064316774095,0.0
105.76574398737552,0.0
194.80947493962378,0.0
211.10184537379033,0.0
266.5528435450604,1376.37
46.8935406881124,0.0
271.1616015029826,1280.7
113.76446289326594,0.0
112.70884534223083,0.0
141.6921819218202,0.0
107.72009743723855,0.0
305.8585195303003,0.0
512.2698922090703,0.0
196.8560203628771,0.0
133.51938695371572,0.0
208.54687613276096,0.0
174.97053733133004,0.0
132.75622724594749,1635.94
169.93178193623464,0.0
101.36859667059362,0.0
155.37471216686532,0.0
82.56460906178219,0.0
188.8641533105691,0.0
105.12981954586667,0.0
445.1349358344348,0.0
168.5740993046852,529.1
174.71547245007858,0.0
258.24256474162195,0.0
228.0454607326333,0.0
395.01563034086695,0.0
289.7743164363667,0.0
156.23342200262817,0.0
166.02839294897802,461.03
198.55255284033194,0.0
281.4728307491849,0.0
219.63666833837937,0.0
205.31452981701486,0.0
80.10989833294231,0.0
234.71479978825295,0.0
262.6868227178141,1221.98
165.361165001464,0.0
267.57233011591654,0.0
120.01161159051075,105.6
52.030505119737285,0.0
291.325335159694,0.0
138.46452848855049,963.29
486.9727061931354,983.25
233.87096335502932,1208.01
231.67274712530053,0.0
230.09524455256084,0.0
184.00206622011922,1353.32
139.0599183990349,0.0
208.57302907761974,421.91
159.33797509318364,0.0
106.10677809394545,0.0
201.13505665296577,1103.31
213.93093891935578,0.0
105.20531767137562,0.0
263.5276156967085,0.0
54.4322445280308,0.0
123.17100612751973,0.0
201.72911537673,346.74
155.01504462483507,663.05
388.91927025973587,0.0
113.87758892480662,0.0
283.7173518331324,0.0
180.17268025320217,0.0
106.52811935328853,0.0
189.5477115375411,0.0
287.2865603417108,1107.25
241.8536783348052,0.0
412.1272172099753,0.0
155.33515726243004,0.0
317.73863719539105,387.51
41.53959000167082,6719.44
300.6846690139199,1714.0
481.96569013341895,0.0
154.78489469463307,0.0
235.8988266417907,378.43
166.5137421435328,0.0
235.01374430706133,0.0
148.94176789164567,544.32
353.5969910257172,0.0
119.84366523012213,0.0
209.9867409458864,0.0
93.45126092206068,0.0
242.72316081353262,0.0
145.0375846315593,1029.92
674.983447431102,0.0
160.98926987010267,0.0
306.2823587966776,823.85
142.9063311939062,0.0
235.84011252213503,0.0
301.0696524617573,0.0
135.11269297912492,0.0
89.76066852055891,731.28
170.72912940826654,0.0
145.5043987962518,0.0
106.75188152563135,0.0
114.85442390571984,0.0
125.46179080468231,752.14
169.6426172346595,767.66
253.7105967834585,0.0
160.15245568955052,0.0
186.89135071901586,0.0
169.4716537071387,2136.05
222.48284795256328,1874.24
184.73050247547943,0.0
280.73173060130006,1248.57
219.51943917165946,0.0
131.8003586939436,0.0
304.2586819418878,161.54
145.79316340895684,221.33
158.752047145868,0.0
383.6795050617922,1455.22
286.04761243208037,0.0
226.22721550248372,0.0
105.93640782366036,0.0
197.09578851894886,0.0
316.70274540034666,0.0
139.76707393313092,0.0
244.8874514625371,0.0
205.39418186757055,0.0
290.17908368934695,0.0
315.53609883271116,1010.91
137.92032054263356,0.0
143.09697732328652,692.0
98.27316416514748,0.0
218.32982637060547,0.0
186.60255908875214,0.0
252.9844174843829,0.0
192.62837603354913,0.0
205.77845034119036,0.0
389.1106446524473,2139.59
154.57181100786153,0.0
181.21046523695298,0.0
464.6559298069991,0.0
193.37322986208696,133.56
190.76184018496832,0.0
237.1033315058963,261.85
148.9804059689068,0.0
136.10708577716179,589.93
260.96192693507663,445.89
132.54221802056122,0.0
100.20675951273124,0.0
165.76717919996443,0.0
280.11459441984647,0.0
206.58826907089443,0.0
202.24295292542195,0.0
100.03830538009888,694.52
216.83106403613172,0.0
152.7402194275606,1915.63
157.32030563377077,0.0
98.96307290563313,0.0
327.21805096800784,0.0
246.64348757779166,0.0
132.01806150930662,0.0
185.86688920567065,466.22
186.17417046098777,435.8
165.71986463372133,0.0
143.39491722192886,0.0
136.00223405010968,0.0
430.3667906172828,900.84
192.2986462189514,0.0
589.2394976041503,448.49
299.9847208833222,0.0
182.7608884162704,0.0
237.76401965821688,1234.66
131.2889661692759,0.0
222.41682891319067,0.0
283.1892693979112,0.0
194.50877050337604,0.0
138.5573251432537,0.0
110.4634812533823,1197.94
96.2541714704102,0.0
124.30895296750172,0.0
178.49007716380794,0.0
317.30744341653485,0.0
36.57971992014811,0.0
219.24433081538598,0.0
140.7114442695942,0.0
95.06267147128094,500.11
256.41116061814074,0.0
291.62403853775555,1774.26
136.83987482330278,0.0
178.92594554948107,0.0
690.1392481111379,4464.9
439.3349889762495,180.76
128.87924227445004,0.0
119.86532368715343,0.0
152.40473626339227,0.0
162.29131007189258,0.0
109.80411718702787,0.0
137.72757904225057,0.0
132.55832746518632,0.0
229.43573845121708,1322.77
404.76749621357766,0.0
119.92890905992988,0.0
318.6296012558402,887.16
248.55088827995607,1751.95
81.10718613412304,0.0
132.8969167284418,0.0
196.73876788433708,0.0
700.7613817200208,590.54
102.19706204558533,0.0
204.07998632083945,515.06
146.94894802205502,0.0
157.13429879167728,0.0
223.31880399331993,0.0
130.3366513062915,0.0
277.9288821955172,0.0
122.93172190875406,0.0
119.56568853795235,1058.0
161.84253636866148,0.0
231.23561719949322,2951.46
207.79219152844567,0.0
307.108489602367,2286.18
718.3225040453058,0.0
369.5076545717313,0.0
205.15120395852193,0.0
143.0357121183718,0.0
162.92063489408076,0.0
195.72577187002904,0.0
225.49494980004715,1945.72
191.82155633123907,0.0
138.93625563754762,0.0
242.1396665273263,0.0
337.81632587527866,0.0
195.1834305698662,0.0
197.89798549353827,0.0
380.6373234075967,0.0
169.65076511350478,0.0
107.60573959986895,0.0
157.98283117484536,312.49
116.46242961673492,0.0
224.0703655440958,0.0
212.8984004500751,0.0
368.1130722163153,879.87
207.8244591834781,0.0
234.30283455621696,0.0
197.14510402611577,0.0
215.33207547023872,0.0
173.172465496296,0.0
142.50269823496984,0.0
118.8336809280623,0.0
364.61652584882853,2051.71
130.0429437123665,0.0
303.14619963128536,2049.83
112.70035645404747,248.63
223.66838392417924,0.0
409.63199612059174,0.0
266.040460435146,0.0
185.9480855016844,0.0
56.40730117102588,0.0
124.31514693659113,0.0
93.07111351088784,0.0
187.2363884591942,0.0
446.6207136457622,0.0
100.71836147682096,1307.04
177.81752764340115,0.0
171.39940259198983,0.0
174.55469212553794,0.0
40.84084164654776,0.0
126.70906101061773,0.0
190.08479697313368,0.0
126.7968438441258,290.14
141.3364589068811,159.08
444.4557285552495,0.0
187.8636575558934,0.0
98.97894578043048,0.0
114.13547910111458,0.0
167.63488511786997,0.0
169.40591830509206,0.0
169.38791834148108,0.0
255.53303285182562,0.0
74.62409985652725,0.0
115.99206193713351,0.0
345.97263315385993,261.11
248.4909599063103,0.0
348.4017514740579,0.0
176.89388305870582,1390.76
422.8884722202582,0.0
180.3254043627041,0.0
383.56340084199536,0.0
143.54508183097755,144.08
178.1844620135511,0.0
1280.7867831740584,0.0
108.59208105558817,0.0
127.44494921253762,0.0
228.69081034868535,0.0
111.43312351018214,0.0
252.44638608810558,529.68
998.7123878025022,0.0
148.43043628430564,0.0
269.2850825253324,1534.86
265.5383726059505,0.0
72.1644947814017,0.0
109.60378497105246,0.0
213.2061375434266,0.0
193.05447896880202,0.0
213.46764878911415,0.0
231.79164045185976,0.0
117.30012821044113,0.0
168.49015172271325,0.0
192.20285447757243,0.0
177.12484414160144,989.4
151.06840022860806,0.0
120.59824663920493,0.0
299.42748962603196,0.0
539.5955004963458,0.0
140.73383341111014,0.0
172.46262014782934,0.0
58.66855201543889,391.77
252.0619162071709,0.0
179.27686903495763,0.0
123.94478337717938,0.0
147.62917147440348,0.0
208.86374271537923,1002.88
66.42033248146693,0.0
95.96670271338823,0.0
326.90958652079956,979.18
639.089653634303,0.0
269.2869583995547,0.0
143.8817691836566,0.0
213.12330095172342,0.0
117.16136333965335,0.0
279.081112366934,0.0
168.5047818604752,0.0
73.29003024086292,0.0
492.28883106017764,135.08
141.50836816162365,0.0
295.1256795024293,0.0
429.59274287315,0.0
256.1860005601044,0.0
75.53780169928443,0.0
148.60536096802224,0.0
210.50825014988112,525.04
213.81276157389448,0.0
137.2771465256505,366.35
509.3852574217825,0.0
323.70589021192086,0.0
195.62782381378534,0.0
217.4248304695737,2409.4
164.70814415362943,0.0
191.4764013052415,0.0
117.23798813253023,0.0
227.70484810142466,0.0
209.24579569385097,0.0
60.34301217847457,0.0
273.899808767747,0.0
259.05974062574865,0.0
624.1594249168428,0.0
248.10609468493152,258.13
358.43947794921337,0.0
147.0129116994228,0.0
182.07145494078878,0.0
181.0968662387598,0.0
98.03646519971643,0.0
272.52492333853485,0.0
157.98980634072677,0.0
166.7540145974629,679.37
172.21378770512555,0.0
143.95052277124074,0.0
246.5586762269852,0.0
122.33558299063495,0.0
83.60989022476593,209.87
210.9652412452321,0.0
122.31277205365903,180.89
178.77243936164686,940.43
260.08074257238906,0.0
167.36894339513512,0.0
182.99014290846716,0.0
174.36316462486968,0.0
165.26167565753732,0.0
206.6401626842996,1412.45
191.04388005258485,0.0
155.71525506588247,0.0
146.4430540144939,0.0
139.20745415743033,0.0
360.3635891394147,0.0
195.06490236459808,363.08
130.39100033438066,0.0
107.17205391482018,0.0
124.12825703565291,0.0
95.36452326911318,0.0
246.28495937446726,0.0
118.66940574223585,0.0
158.30285232300176,0.0
438.21464504473926,683.1
300.2934164794454,1140.19
534.951984853765,0.0
165.16476246422113,0.0
156.2294483815148,444.22
104.63299128410796,0.0
122.60648781868713,1019.75
262.3935352402317,0.0
242.46328947900204,0.0
198.2512185256098,275.75
227.09278918074816,0.0
373.5589125325998,0.0
58.59282341290464,0.0
176.5922507422229,0.0
149.52222961436848,1445.6
204.99097611696521,0.0
122.37567196224165,0.0
172.75603103482484,0.0
132.75612630175465,0.0
188.51955364164783,0.0
229.67937705062988,0.0
453.36173726441416,0.0
234.03650394125833,0.0
133.0062421781756,0.0
104.90588248338544,0.0
312.1091540862319,0.0
192.83051680566678,102.95
139.9216786165022,0.0
200.74352806920407,0.0
922.4762412413141,794.04
116.60496730184776,0.0
197.0098599637057,0.0
437.98563421860973,3085.46
328.86877223696484,1415.8
376.59202517760565,0.0
207.48829962748246,0.0
84.54341306038441,0.0
145.05824415724575,0.0
168.0675336444967,0.0
219.93946745852858,0.0
59.239922537959615,0.0
173.01908596493686,0.0
75.02592921944328,0.0
129.07649926834495,0.0
314.2859626831338,1116.91
288.27163316087587,0.0
114.88292427165885,0.0
252.56468994087322,3212.96
97.53209451426054,0.0
293.89407147894036,0.0
93.30842814963377,0.0
158.33662104594762,0.0
149.96223930727766,0.0
390.5318942828558,0.0
130.90217855415764,0.0
131.5736461750874,0.0
343.7743753278827,939.47
191.2834268523725,0.0
83.81768358694546,2276.04
230.1874146806034,0.0
260.13111877497806,537.95
102.1182061204492,0.0
260.331268395157,0.0
174.21761529759564,181.29
103.81564639027562,0.0
99.03256497815413,0.0
140.17094410212795,1088.48
649.3567960887598,0.0
309.6375723252491,0.0
156.11502407832788,0.0
193.12064323038248,0.0
214.98693915432546,0.0
169.91166909937056,394.71
268.78947333078463,0.0
159.73045276832167,0.0
112.42737021983228,0.0
293.7467422134822,0.0
497.30889703603225,0.0
79.59363490678342,0.0
671.6404100452924,0.0
192.22589320737163,0.0
137.40798525672466,325.91
161.41360306376282,0.0
304.83662687481603,611.2
295.758458513345,0.0
195.6846898622773,230.46
459.4368075405267,370.73
170.66705561877134,0.0
262.4904934086663,0.0
119.6075023166719,0.0
91.72717668646662,0.0
227.38955915541248,402.96
310.22535413526015,1973.78
179.26215974815915,1211.15
289.8734763046009,0.0
235.13183654261013,0.0
142.21898784478668,2187.17
198.12687387333855,0.0
303.6608071602576,0.0
207.08562649317435,0.0
282.4280049402595,0.0
156.61838232263145,1285.99
597.466743186818,0.0
337.0878550001254,112.42
120.33156801322646,0.0
523.3506264266567,0.0
79.43738063896718,982.6
125.89534653560305,0.0
123.68809571282532,0.0
208.90846604830296,0.0
221.618900271491,0.0
93.87990917960946,0.0
154.04596192731717,0.0
141.73527507740596,0.0
189.5503428504353,0.0
200.46543634632687,0.0
182.83857387659248,0.0
260.9379810142291,0.0
134.10785758359722,0.0
207.58632520075764,0.0
313.7177901747522,0.0
181.2458447704566,0.0
273.72469668216166,1368.52
271.2503713297123,0.0
135.42746400211684,289.67
229.25096128954306,0.0
143.25656404681874,0.0
104.0305435662961,0.0
169.24806912682405,1687.66
134.87100808373484,0.0
187.27678455501427,0.0
118.82266346597788,0.0
136.9896511355386,0.0
186.3721023974727,0.0
142.32363851348876,0.0
186.75007318534452,0.0
236.2864693043588,0.0
149.89046460149322,205.69
87.02374351579121,0.0
78.12049045978986,0.0
300.6089310270539,0.0
155.85844306033258,0.0
189.463269660144,1568.54
219.51549653889856,0.0
150.69622899055,0.0
119.2235333229702,104.68
104.55406247653906,0.0
154.7595688212555,0.0
68.86509704333517,368.99
183.1406110517657,0.0
206.89627204390737,0.0
242.44894226394032,500.95
52.57831158540672,0.0
92.88727658746713,0.0
200.20470579353514,442.58
356.0389911711469,0.0
389.6289957225848,0.0
84.09568565398787,0.0
241.3613428932279,0.0
177.52627972350143,0.0
184.68001751959383,0.0
657.6118393968281,0.0
72.2434917448927,0.0
110.76087941061218,319.83
116.39163674689125,0.0
213.9197026560211,0.0
155.29956281796242,974.52
131.78658384513645,672.04
208.963091369771,0.0
218.4301094119263,0.0
137.95286571050264,0.0
50.31897932784179,406.82
469.7559838908791,480.06
290.37396489081146,0.0
264.8303008728981,0.0
283.33305094125114,0.0
262.60044152292556,0.0
195.0331574712095,0.0
253.25858227624727,0.0
243.033604293587,0.0
186.46233267279305,0.0
164.80513234120403,0.0
181.62590120720228,0.0
166.27056011304776,0.0
149.599409092484,0.0
170.47375332915195,210.71
145.28833469860876,0.0
94.38489523291342,0.0
170.89471794349242,0.0
229.9312829966394,0.0
171.32216176477985,0.0
155.36506683456216,0.0
151.7226805109052,0.0
224.64719434785877,0.0
246.76490048798198,0.0
163.9674971571153,0.0
299.68648216101144,0.0
144.44472924191084,0.0
173.2077104549919,1067.36
212.43791596371423,0.0
132.32767609003142,1161.0
181.95490560881254,0.0
166.62521246612104,0.0
726.0790768539391,0.0
461.16975345110086,0.0
189.60723542797749,0.0
513.8060114796546,1539.8
134.13243447894558,736.45
449.2334750726373,0.0
174.63896644619703,0.0
188.4088217070469,0.0
204.96900701865172,0.0
158.15504412655827,0.0
113.78972439945001,0.0
86.94309282571241,0.0
124.101582453828,0.0
173.1553143078497,0.0
136.98957025320038,0.0
161.31994775336665,0.0
117.17915808198488,0.0
106.71664188218344,0.0
69.21154834534484,0.0
140.18351357693288,687.56
371.18911326308205,0.0
256.4400678326832,0.0
119.5853141862519,831.13
258.6861150116744,0.0
167.17755784263886,0.0
90.26174715746514,0.0
205.19990971164074,0.0
155.89489782873116,0.0
172.87586748166166,0.0
183.99049847547846,403.49
181.6957546450282,245.77
187.21363656355774,643.22
129.7221500094144,0.0
260.4725855857659,256.93
158.02344081515344,0.0
247.20888715385388,0.0
82.99835231746108,0.0
200.88310073719694,0.0
150.72986564706255,0.0
155.98787379925935,0.0
84.08264777984157,0.0
104.04025985000312,0.0
182.72739021692422,0.0
150.16354180751046,0.0
248.57836826493156,726.13
195.43485884274355,0.0
538.4089676912166,0.0
186.22686971238232,288.38
181.61204768091258,1160.66
76.64793859621523,0.0
104.2578046097824,0.0
106.6230492154292,0.0
80.71580759863953,0.0
189.71366717548648,0.0
125.06954301340544,0.0
169.72516952070566,0.0
173.81762148542884,0.0
288.5470453280805,0.0
82.96648151380255,0.0
146.94182756260165,0.0
552.6622345303587,0.0
120.59064918794307,0.0
150.18722799604254,0.0
103.07850630788474,1034.9
126.19045651009877,0.0
175.65403269415293,0.0
224.50057523352393,0.0
133.03282849948542,968.58
189.79727934865494,171.67
115.41252158314316,500.12
250.71727321975862,0.0
251.12369096822866,0.0
249.67121360121055,0.0
92.48541917333448,0.0
174.1991723041692,347.05
124.26807995439022,0.0
228.0403671043307,1021.59
92.39466111334026,0.0
174.84468707764512,0.0
185.75360706982013,0.0
282.8710088106254,0.0
163.48806586266664,0.0
133.10100023069927,0.0
297.31335660746475,0.0
167.4301231967482,2174.11
189.59481464151688,0.0
136.7131915671092,0.0
163.14631070845957,442.88
122.54961211374714,0.0
159.97282480660738,0.0
144.3368043416139,523.43
188.35844604602633,4857.52
190.3710178991542,0.0
241.53102639432748,0.0
266.84487644940106,402.6
309.7555340509257,0.0
119.56176768829208,396.77
373.01138087527386,0.0
307.9330119986898,0.0
245.78347141575637,0.0
478.5249156648848,0.0
162.17668581600577,0.0
160.10134324764098,0.0
163.39480295247432,0.0
133.92427172145443,0.0
189.71784761265263,0.0
167.8753947678642,0.0
44.18002957706344,0.0
307.41620123398866,0.0
167.22498833480662,0.0
185.5795411398919,0.0
654.4222531589822,850.92
521.2075715069017,0.0
209.79644371321578,0.0
185.77078408941026,0.0
121.84538731309048,0.0
171.51487183679035,0.0
143.69801674066883,0.0
212.67984733812256,0.0
151.34756048887448,0.0
179.598416527987,0.0
260.1746014462965,957.73
173.822139789856,0.0
207.3490139434457,0.0
377.24956111670025,0.0
279.581210945493,720.29
111.55279794210891,0.0
78.37591139865194,0.0
124.93633067153779,0.0
192.1620259402998,768.35
182.73533991107044,0.0
119.02813803822283,0.0
179.08158770150507,177.66
159.38908900014442,0.0
121.52836839325198,0.0
94.64135594351669,0.0
137.8979187375033,0.0
138.15844901451007,0.0
237.2460667261331,0.0
123.60248393541168,0.0
190.02917988834636,0.0
106.04218420843954,0.0
191.8754032836436,0.0
53.648032215509545,0.0
147.45977221188167,0.0
97.98800020438513,0.0
169.89804810919455,0.0
198.25900903592046,274.8
276.07237279246186,0.0
250.03943455459665,0.0
212.4977201943778,0.0
216.4216834032945,0.0
143.35078271198003,0.0
145.7213005522047,0.0
177.38588186141493,451.83
313.0707150003957,0.0
130.23306059743052,0.0
180.377956147317,422.65
132.67449243843552,2115.52
136.4764727292522,0.0
98.36579695747238,0.0
250.54158666972603,2129.7
116.20933730250405,0.0
204.86256577079894,941.27
258.32953583507975,242.59
197.9529774412751,0.0
191.18751569810013,0.0
98.7070988948111,0.0
109.68431859707418,834.51
195.2426519595419,345.24
236.49562233165278,393.24
226.54771762913018,617.74
172.49436272676638,0.0
233.11287747976408,0.0
174.827726114094,0.0
228.01356457728085,0.0
128.8296251113165,0.0
241.05597473390367,0.0
218.8831444200421,1919.17
145.32853876791708,0.0
85.82891193840638,0.0
155.7097429684509,0.0
233.23343580973687,0.0
90.88990646221785,0.0
315.4342894765992,0.0
298.9950487808236,735.46
208.0757160466453,0.0
227.23403461573406,651.53
239.5094389907823,1278.97
271.83818691238906,0.0
326.7858563685527,1163.21
288.15973407579315,0.0
399.34960122845854,1382.0
105.9634569644811,1220.29
153.13502953664488,0.0
137.48846605818582,0.0
204.57788942805718,0.0
352.5042235731922,0.0
378.69405917014564,0.0
374.25388681771153,375.02
227.2679931403218,0.0
123.59560597171759,0.0
126.43833912380663,0.0
112.03668203588059,0.0
182.26834453233667,0.0
217.6747039881761,1616.02
218.09907642680074,0.0
420.0309392914809,703.98
184.45628679865953,787.2
159.75908061463272,0.0
166.70435670504122,0.0
212.60579277557667,0.0
396.22132726430084,0.0
193.30287683524026,676.29
470.180712744534,0.0
201.99621473127976,0.0
431.6547181964541,0.0
272.5153836613727,223.57
277.6451502974817,0.0
305.3129525302059,0.0
234.04708674363835,1128.35
358.4807692886104,0.0
149.9385726331892,0.0
259.78559657787474,0.0
85.09791146688083,0.0
134.35715689798937,0.0
240.85744995544604,1186.78
278.2405546143284,0.0
103.27084202016107,2100.16
244.49036020033418,0.0
470.15911626548996,0.0
146.5156422980326,1750.2
139.99806420299873,0.0
63.153185392641284,0.0
68.43238742652113,0.0
164.41416672096207,0.0
214.78855674791913,0.0
217.37416096612168,2456.21
116.76557535568725,0.0
516.5674709620073,195.05
89.28342153581082,0.0
112.3022019003426,0.0
145.54454203133994,0.0
163.98556440657546,1235.56
251.81268044503042,78.73
464.47455006640297,119.86
227.0917325521483,1261.39
304.84522856036415,0.0
78.7713416488267,0.0
259.16479215924954,0.0
1007.2712488157453,0.0
270.9497714124462,624.19
169.6876292189174,0.0
367.92772815117024,452.67
234.82291290937988,0.0
158.28895285334602,0.0
105.87122701003253,0.0
147.71135035314043,0.0
162.23913611395136,0.0
203.83777981197414,2980.78
209.44652246335576,0.0
151.30286098483737,0.0
117.44238547232436,382.87
163.98080202544153,0.0
609.8470283759774,0.0
295.60352057192557,0.0
71.94244976149201,0.0
126.63728134836353,0.0
88.50810710143111,360.02
224.9290615685292,0.0
291.1838583838986,245.26
277.6566909340317,956.44
199.09103763612,0.0
126.19713634505241,0.0
107.49914533982069,0.0
150.2168697945715,0.0
192.00227382278425,0.0
141.24263778074305,768.83
152.70819399106915,0.0
123.23805452784853,0.0
198.33364129533987,855.51
235.89823553782463,0.0
274.3494919189575,1753.96
147.700365052185,0.0
207.5484164650519,0.0
369.0644806844893,0.0
153.657890362489,0.0
142.5472995984376,0.0
296.4340154453024,1191.64
173.57312938726284,0.0
164.03054067486616,0.0
152.85825376614505,0.0
178.26403964948727,0.0
173.40658065683002,0.0
99.85820875326002,0.0
237.8656935830849,0.0
271.72725255484806,0.0
175.30433092086957,0.0
305.8232554831164,0.0
251.223856717705,0.0
152.74170496649822,363.52
142.5746054009603,0.0
101.95839590783939,0.0
111.66923642649253,544.23
317.08896024699266,0.0
404.87783843872984,0.0
226.19069679521445,0.0
238.57314319165224,2523.15
181.59261391324168,0.0
113.00283901554128,1314.98
191.94556371099029,480.48
167.56517119171522,0.0
166.62424071055128,0.0
289.9189232032842,0.0
79.96395423352477,0.0
330.71596727457035,605.05
177.8837403813855,259.86
281.49056428319847,0.0
95.08238338245144,0.0
189.72999224290433,0.0
161.6011648735868,1142.1
540.7079723413933,1854.79
202.74587164019215,1635.12
227.87699889738047,0.0
192.7979199782639,0.0
338.76740685373926,0.0
174.08189067484682,0.0
93.68692455643546,0.0
110.81880205220573,0.0
287.5142899469319,0.0
92.49726444002074,0.0
82.10139581656873,0.0
202.37197932554523,1532.37
163.0260320028876,0.0
1432.7995112117299,0.0
214.39991730083005,0.0
150.63469925159086,0.0
278.8719415307019,0.0
163.67940867868703,0.0
135.979621989097,0.0
144.02880091789626,268.66
50.04267345076107,0.0
172.31189159589755,0.0
225.11460176809953,0.0
174.31905714207954,0.0
126.1248024417096,0.0
112.14923722446653,0.0
552.8859536888144,424.57
171.15544356069003,0.0
151.49713098018313,0.0
199.90110156150635,0.0
226.737802759103,0.0
253.75615683441785,0.0
72.67694064435322,0.0
77.48839991966163,0.0
145.80253056049318,0.0
198.63849943464388,0.0
400.2363063099993,0.0
440.57078985633075,0.0
200.2407716382352,0.0
305.75779902643706,0.0
214.4234610013559,0.0
277.71067958715616,0.0
490.11500793822466,0.0
113.3227046165386,0.0
193.833598362703,0.0
139.6219491103954,0.0
136.81815550809995,0.0
218.66020921962064,703.72
126.54183505707819,0.0
219.17878880258067,0.0
282.2701660625915,1274.46
184.50233514212806,0.0
112.41615843981926,0.0
139.69120875458907,0.0
236.57260757595714,407.88
81.04520798552174,0.0
366.3993193187593,845.89
163.74094961717233,0.0
199.17622482196967,0.0
268.06548562836275,0.0
157.17657313435652,0.0
219.61637856899296,0.0
128.46974971970673,0.0
154.5631892096407,0.0
340.84582081907087,0.0
142.92644104526832,0.0
140.52965939548338,0.0
108.96167876086064,0.0
307.3015344108485,0.0
116.74567716360264,0.0
154.97368475778867,0.0
272.0159463002353,0.0
329.6487427647517,2448.18
138.98945713053044,0.0
186.3494802474266,500.98
207.74259931056173,0.0
262.64394862129853,234.82
186.72872467194057,0.0
232.2118422731991,755.28
135.6847224623372,0.0
219.95329115922132,0.0
262.02742929062026,0.0
203.2778032568637,0.0
145.98559108164352,337.63
231.58984500530548,0.0
455.2063573864344,0.0
132.48249014812163,0.0
313.95070870030645,0.0
436.55352399264973,0.0
253.30489063649117,0.0
249.71973862407685,0.0
227.8242162616258,0.0
189.92635499901695,0.0
300.69665120051366,1031.49
450.1580540716143,0.0
181.51936146238054,0.0
93.86327028879363,156.34
179.91317432501842,0.0
165.9154199953327,0.0
207.41620511053068,0.0
84.30989621826791,0.0
148.19084632287186,932.97
92.16112733054784,0.0
166.95445009838437,0.0
240.6666648280252,0.0
175.4435629870457,0.0
237.1417065602237,1527.57
187.44452437004705,0.0
146.55590421509106,0.0
104.26908307241773,0.0
162.53350447909992,0.0
116.01026634431403,0.0
228.82487066675532,0.0
112.40689708371117,0.0
617.1335242256799,1205.11
267.2779459086013,0.0
192.41749942686778,0.0
225.32301345745486,0.0
191.74590471518084,0.0
169.8867913831248,0.0
180.71993717582882,0.0
92.7771102826181,0.0
119.60631735877661,0.0
281.5765997990721,1947.77
146.3564773418313,0.0
259.97095148905726,0.0
211.25486142321733,1249.47
166.6910460584468,0.0
128.94576787947628,1812.92
206.45132056855073,0.0
187.40037334811933,1528.42
187.65856429154144,0.0
162.18856461393415,0.0
233.0320331076363,0.0
252.74818030083432,580.6
176.4555006387471,0.0
211.52901277529668,362.02
273.14600030407473,0.0
159.24701961606831,179.97
133.00528047873343,0.0
114.67135830346898,0.0
154.74652207129176,0.0
141.93680849754972,0.0
94.96647766594164,0.0
242.74239740609735,0.0
79.91994249593219,554.92
226.82696072883917,0.0
398.183810542035,0.0
118.90298333619029,247.73
94.627355087369,0.0
200.95462209527756,0.0
143.91793522530648,0.0
256.69953734912593,0.0
172.27181711694692,0.0
167.93189905166045,482.72
88.61905786344494,0.0
133.29467142371004,1338.66
156.8329879980103,0.0
133.97313730118245,0.0
200.94281818219932,0.0
149.38268902002045,0.0
147.30128425993854,0.0
110.75227869809443,0.0
138.62805436511383,0.0
143.5467293090427,0.0
303.14643776475066,689.11
259.81118862967077,0.0
270.5659975865064,0.0
212.4937912992224,0.0
97.63597341573849,825.51
114.31082707757055,198.88
243.4926448395952,0.0
127.32817400190974,0.0
196.05417357423016,444.22
101.0103997046276,0.0
127.21340524777791,1110.58
68.18563100996883,0.0
90.63318789896293,0.0
181.63307735506874,773.63
140.06782885673206,0.0
165.1856269181611,0.0
214.4609331139772,0.0
213.2332880574292,0.0
264.3422800910037,0.0
275.69958307084715,637.39
189.78095472517853,0.0
157.9731519626754,0.0
155.10667825870783,0.0
106.54000552512962,0.0
235.18182193342915,0.0
53.065918269615985,0.0
163.31606986424922,0.0
254.26240760363618,2550.8
164.03272776859347,0.0
166.287990498681,424.22
137.55711612736408,737.24
339.5566616928993,1655.01
199.8583982379683,0.0
285.3246060352044,1865.72
141.20343966329634,0.0
129.90921935786972,0.0
289.42308473787074,0.0
126.40020687626989,0.0
122.83447623385241,0.0
151.33944220237717,0.0
389.2612263266848,0.0
229.3535343821611,0.0
329.3374840350134,839.73
107.32296720506993,0.0
154.86403736542056,0.0
232.33265100784092,0.0
192.22504817591715,0.0
172.51331147263573,0.0
193.13756050295615,0.0
97.76335121224388,0.0
181.76811013568224,0.0
126.28019963932576,0.0
174.37889063556614,0.0
154.39907757330735,716.31
148.0888492284844,0.0
227.5121757344952,0.0
315.4648906625754,479.64
298.95893629159224,0.0
174.2292665556586,0.0
171.61148139078003,0.0
131.58442054147264,0.0
102.7705595767481,0.0
145.04099987477193,0.0
135.1703413606673,0.0
110.61217407315053,0.0
322.473569268806,0.0
244.266119847999,0.0
119.00529849118568,0.0
207.9035291289035,1277.84
175.0848699298089,0.0
346.99059594328327,0.0
147.60151362744062,0.0
522.145174867882,0.0
353.232641074879,1148.05
108.78406978649129,0.0
48.99745807049008,0.0
135.50027011617667,841.85
138.95208742552046,0.0
145.56958874625175,0.0
224.52579132760786,0.0
484.41172363969855,5051.76
229.66395385573364,2162.51
153.44232170080426,342.34
204.211870067293,0.0
109.41865739703762,0.0
97.19863720363311,0.0
215.99787236201013,0.0
182.70333361860176,0.0
152.28201309982362,0.0
397.6533298562775,731.06
232.15520568322506,594.28
183.93624590193352,0.0
194.67331933964158,0.0
310.45554538636617,1699.06
93.3011308583831,753.69
151.92697933599948,0.0
293.1884261361844,1268.35
276.32421224506123,0.0
354.73522430961475,0.0
113.37917809233939,0.0
159.71572969684394,0.0
296.3492772748727,734.91
408.34834944624265,909.87
106.48443642861963,0.0
241.29971689230115,0.0
125.35667373058496,0.0
185.02321101729572,0.0
139.8676930106862,0.0
135.85454419743934,1268.46
72.3254168417438,0.0
210.88852907961038,0.0
242.51469345523452,0.0
168.5873635657338,0.0
138.2311821945004,0.0
162.52102115043107,349.01
134.65159411477157,0.0
268.05366590485386,229.94
145.0673818625586,0.0
354.3685833339449,0.0
106.61494851123494,0.0
171.9492972454586,0.0
157.13949660300133,0.0
187.86529941112985,0.0
167.67905436198475,428.57
866.7188179691265,0.0
144.88145036398046,0.0
173.96684669709106,0.0
154.8231079616684,899.7
108.25365536930306,0.0
183.7195223668188,0.0
142.25702937239106,138.61
213.67952151762827,0.0
238.26070109554783,0.0
802.426165220144,0.0
161.87086680740936,0.0
122.08204042564233,0.0
165.39915182901882,126.11
293.2122056421428,839.03
167.91649589736915,1134.93
231.15626551898922,0.0
89.33720287332812,0.0
208.1295173023823,0.0
186.32742882814105,0.0
221.04363174638695,1157.55
245.056433954638,1152.25
181.8900295766947,0.0
149.96523456248926,0.0
146.489603382093,0.0
358.0143674559853,840.39
124.76669339090121,741.6
335.38531690488816,0.0
152.24279443067633,0.0
139.25289249765098,0.0
181.7015314080707,0.0
181.75139424996365,0.0
111.86367434137378,0.0
266.4537420979608,1751.38
347.7102458614728,0.0
291.4553542961036,0.0
237.39444746392633,1283.02
85.05979747864204,0.0
285.7138354840064,0.0
117.3046633433973,0.0
130.22316206685272,0.0
167.4073535217516,0.0
56.79627696801736,0.0
34.500886136147614,0.0
127.78085967246658,615.47
65.15064774570111,0.0
130.0484656157932,0.0
67.20101841091736,0.0
63.69569816073929,0.0
56.260592859267305,0.0
119.42883755079569,0.0
48.25129469954074,0.0
114.68213275498668,499.97
260.79019608552966,1130.1
53.57963742756072,0.0
64.45664575498783,0.0
302.45088684715336,0.0
335.41659113175314,0.0
126.79224366291734,296.69
214.69884300423865,420.74
181.6282228149084,0.0
147.1326693654527,0.0
178.01997573050946,0.0
156.01000933613665,0.0
201.8085496800115,769.62
136.52511750657774,302.83
143.2982860178693,0.0
140.51412516504504,0.0
527.6868727180511,1705.01
504.9082485235439,1370.66
43.38145967328382,0.0
273.6874981466564,0.0
192.68003107037322,0.0
305.72025304485487,0.0
104.18731509619533,0.0
294.57873423420506,307.73
178.5374603577716,0.0
147.27457665447406,0.0
112.53350054788653,0.0
551.741112324703,346.45
357.01802286309896,297.9
136.81114627186355,0.0
312.154465228358,0.0
83.28430538255323,0.0
225.32656601203604,0.0
117.4240996341789,0.0
408.02249278964575,2558.97
147.86591025197222,0.0
135.5568093609033,0.0
282.00757882874825,0.0
200.5672726735456,0.0
218.70028663841558,0.0
172.3002246342401,0.0
89.95323166591339,948.92
270.46690788882637,0.0
170.551717628282,0.0
377.97669276320966,0.0
251.79322146963784,0.0
131.73849119571602,0.0
285.7953862298196,0.0
187.06706937488994,0.0
112.80463297200149,0.0
245.1879575145256,0.0
125.57220102826555,0.0
188.53280249563593,758.45
277.5567244256499,0.0
208.62229729548014,801.4
188.72465785166483,0.0
144.41665257968606,0.0
141.44563227007512,0.0
202.27491820124226,0.0
207.2857537552364,0.0
265.05665842374884,0.0
144.06544570441963,0.0
111.72674566954045,0.0
112.8417939864543,0.0
353.2432252554862,554.96
221.14397517383307,0.0
374.96687288783664,0.0
121.17213635101533,654.36
143.3971308575897,0.0
292.26742080556,0.0
95.13578347874186,0.0
212.62403446603855,0.0
244.45208973546573,0.0
104.08809083783231,0.0
155.03088095622627,0.0
150.53357448587093,0.0
162.00543644039942,0.0
158.03741503126108,0.0
89.25782692018957,0.0
109.7999459701952,549.59
247.1568436169092,0.0
232.9165433032301,0.0
141.59748254826513,0.0
228.38453697301185,0.0
203.49549875921397,745.16
279.0808821162055,0.0
249.2266341943598,0.0
80.759321540872,0.0
145.8492828425964,0.0
192.19397632230445,0.0
136.3311758791848,0.0
234.458221132437,0.0
125.38234758098157,0.0
257.87841094093596,0.0
270.0635883224641,0.0
114.29162713670091,0.0
155.61972742609504,0.0
186.19715527634256,0.0
85.69087620662295,0.0
215.1385536994959,0.0
129.68286370049142,0.0
70.10568472176365,0.0
266.9489801730257,0.0
227.63133929296126,0.0
104.12251087364228,0.0
117.36223086150866,0.0
51.480427052583536,0.0
173.02570147326958,348.67
338.72174270259256,0.0
321.33824937378023,0.0
289.5045286274486,0.0
180.70989800829668,0.0
258.1502244053472,0.0
154.12389465542293,0.0
198.2604554666599,0.0
182.02560341368158,0.0
198.84761671976008,0.0
211.73429162373105,0.0
158.02528649222108,0.0
177.11736891944352,0.0
248.50652740171364,0.0
364.2116545912691,0.0
149.71305990702288,0.0
140.641892978405,0.0
112.35703193607549,0.0
103.5166017047431,0.0
195.20630181240963,0.0
216.50796327482612,0.0
217.46507143660756,0.0
249.9331007355723,0.0
138.01736252681056,47.4
259.7316779323731,1808.73
105.06210029764733,0.0
126.55571859698397,0.0
212.85426317404867,0.0
137.72398316267964,0.0
542.616412467691,0.0
185.80156916053699,0.0
550.4954274494582,1317.58
810.1134951540382,0.0
67.91875695495175,0.0
139.23259835054085,0.0
214.60160058320923,0.0
291.130919628249,0.0
182.61785167720873,404.92
124.59716970524269,0.0
127.76372793487023,0.0
134.45839971345333,746.31
122.23617590388588,0.0
130.49511586436805,575.37
146.6350504606741,0.0
560.5912040155544,0.0
137.60491255353807,0.0
158.15793225338825,0.0
403.5230098849333,1817.19
232.81484787506815,0.0
223.68327533166456,0.0
121.81954051193877,0.0
117.90585785767351,0.0
179.0247828250437,0.0
265.07846201579594,0.0
105.75987408445725,0.0
196.1432814373362,0.0
381.11286199703864,0.0
127.52700337020569,1050.16
211.80564660236104,0.0
162.24828625989147,0.0
348.0968111544106,435.53
161.27463472588528,0.0
251.1806565548205,0.0
299.4579229137794,0.0
336.88302086888086,0.0
153.55553407709772,0.0
208.68056419499618,0.0
189.5369801402352,2279.34
227.42912316786482,580.73
136.96528130819155,0.0
162.2043431367127,0.0
305.0814543964465,0.0
254.34444152920116,345.26
221.30052685140296,1046.95
174.72525346103123,0.0
170.74625391053723,0.0
304.6335846023427,0.0
199.77091974376236,0.0
215.4163344534192,0.0
344.6306529091411,0.0
167.33183512393043,0.0
163.45713916020102,0.0
40.27838115085618,0.0
396.8016831087243,0.0
250.29655054953457,0.0
100.17916498143651,1653.58
337.6311048116548,0.0
298.7483930268361,0.0
263.7633399787043,1928.5
363.90604613444987,534.05
303.8824314095437,682.15
222.12193841728953,0.0
228.62411367228339,198.38
192.40989488981214,0.0
135.9591512043562,0.0
139.57549790432859,0.0
274.25732838296244,746.12
176.59415292871495,0.0
144.86647061507415,0.0
379.1084576904301,0.0
300.17022596448044,0.0
155.0913711691467,0.0
139.46846158116574,0.0
104.93321822226163,0.0
136.11284966598802,1482.74
74.81357377830967,0.0
155.36564941884663,182.47
113.31757276255539,0.0
229.85003334487703,0.0
69.95274661229483,0.0
293.2460864744897,568.59
46.993403193246536,0.0
161.17348401612588,0.0
690.1362797721711,0.0
191.51172458118384,0.0
210.235031195173,344.48
353.2284070825122,0.0
183.02145524197167,0.0
137.56247045122075,0.0
103.54119278659505,0.0
237.88497694963064,0.0
169.81178870699554,0.0
370.906855255677,0.0
712.269001342606,0.0
163.9856795299125,0.0
622.7905969210074,0.0
149.28252549785114,0.0
136.05275729398898,0.0
178.80171529846197,0.0
168.76819901695458,0.0
272.7460764993871,0.0
708.9866597775178,0.0
170.05951015551614,0.0
74.27832060976787,0.0
257.3194869056467,910.16
138.86942018593913,0.0
197.6818849181441,0.0
276.00433991540405,0.0
242.80776772572412,0.0
212.73294576877305,0.0
121.98870089668037,1180.09
130.70973167155935,475.31
89.74208822085465,0.0
114.41870843905228,0.0
127.46453720544297,0.0
323.1314167937156,0.0
122.18238500588531,0.0
178.60040499347775,0.0
169.94578087428786,912.46
433.14803666408017,1008.43
202.74449620167107,1000.69
346.78002911555456,0.0
221.6229397474376,0.0
37.55001181143294,0.0
480.06499690730357,0.0
187.66993617639415,0.0
272.3068146985157,2170.36
214.21763435724705,0.0
235.23375005163263,0.0
163.7664282926611,0.0
234.62232526787088,637.83
324.9835649811659,435.32
161.6738439537773,0.0
281.3044673397857,395.34
148.69739357348587,0.0
203.1678736646749,0.0
157.31613090022228,0.0
99.70554667775703,0.0
143.33427094660743,0.0
213.0008614787234,0.0
131.57022924496573,0.0
191.05778151499382,0.0
204.78876886008223,1158.33
468.1916305458669,2483.3
210.00351901627513,0.0
159.00907332979793,1085.94
346.7751893997415,595.77
204.13913415073978,0.0
84.46584663864321,0.0
170.27668504413697,0.0
152.84364204575684,0.0
141.4525139304007,0.0
195.16406785015496,0.0
250.8473405996109,597.61
205.64778436093397,0.0
66.5091783157629,0.0
137.27686625308166,0.0
269.1235741300081,0.0
136.70769175233923,136.5
210.6340138405228,0.0
380.2776903846273,0.0
135.46347975785767,0.0
182.38655162906736,0.0
283.5664400133829,0.0
463.7328663092504,0.0
448.59681156170535,0.0
136.78454591701936,0.0
251.91363309616855,270.72
320.09648685794775,1668.67
304.41890805053947,0.0
243.8819797360306,0.0
134.07101557467004,0.0
163.1275443680218,626.39
149.49889904652025,0.0
88.94232833588589,0.0
281.7428308816578,0.0
240.03084260905078,0.0
250.4520389994575,474.04
156.83157566197818,0.0
90.16070471481095,619.62
179.15363405481344,0.0
270.631234706616,0.0
57.88783703105072,0.0
167.73223929243966,0.0
249.6782618369792,0.0
171.9908247870584,0.0
113.17347523063665,0.0
156.24040394303262,579.81
259.52733100485653,0.0
194.8986065151945,0.0
128.88261308532262,0.0
100.18517959164788,0.0
286.8862882407287,0.0
184.17032313764471,0.0
194.7513332977804,0.0
278.25589458905574,0.0
171.1798575660951,974.42
202.37370460958147,1341.95
395.1290977648536,3622.98
179.98438194221913,0.0
366.7355574636079,0.0
107.23561596694483,0.0
277.25422367861034,0.0
216.8644636052337,0.0
393.7587913007359,0.0
294.76119741426004,0.0
270.2117974884299,326.27
161.1515962182527,919.9
172.24664969283552,0.0
117.28717135954763,0.0
121.27522667830641,0.0
335.29900714828295,0.0
110.29945140819832,0.0
80.22003136451218,0.0
213.7592813192197,0.0
205.8692784041149,282.67
165.00161836263635,0.0
185.1101667920746,0.0
113.34880816038579,0.0
147.95930527181827,0.0
249.81802213736506,0.0
187.36444922365934,0.0
92.0744273036171,0.0
230.34025211468858,0.0
264.98482195903136,0.0
146.7632681516035,0.0
87.29760786860385,0.0
312.34340559104925,834.54
136.24398753184974,0.0
320.27287168827667,2843.0
293.7992254871464,0.0
266.369630386598,0.0
132.75423047945748,0.0
237.1632639075068,716.08
124.6775003258278,0.0
661.3127854184543,0.0
109.88755375585814,0.0
268.9515846664855,0.0
434.1160085085349,0.0
166.24097473910103,0.0
101.30421633384358,0.0
173.619072571875,0.0
204.32611763503462,0.0
149.8968100102142,0.0
248.76525212423098,0.0
52.09407054801964,0.0
174.1377377769606,0.0
210.77251422216338,0.0
148.83107521100425,0.0
72.06181134865979,266.18
161.96778061778807,0.0
360.02816085804784,0.0
139.88630955868246,0.0
227.63910433983193,0.0
123.13391852884823,0.0
232.32472227280368,0.0
221.95354384202045,0.0
174.93766783996566,346.67
260.65195015704575,0.0
220.26868166377398,0.0
180.33926335022687,0.0
204.69841755383572,0.0
188.8468804203086,0.0
82.81201877101645,0.0
369.4642305285326,0.0
164.46170973765524,0.0
260.6459781041042,0.0
293.30047494284344,1614.6
109.59453832612819,0.0
201.67346609240738,0.0
148.44089667769532,0.0
65.2762276925408,0.0
169.3058695859973,0.0
265.22132518646544,0.0
119.80243206494055,0.0
316.4233883574578,333.91
168.01446073740806,376.73
166.75678105742188,0.0
76.87150658613463,0.0
182.8005211345848,0.0
290.17026595095996,2143.21
245.73115965129432,0.0
281.9798259424906,0.0
95.40606836294998,0.0
214.0618560348484,0.0
144.4025749450239,493.37
185.76229820634524,0.0
134.09429854071297,0.0
167.4444151867261,1695.19
239.9891163665801,0.0
173.53110534287146,0.0
115.72311294777248,0.0
163.9204462085656,0.0
203.4031960387767,0.0
200.18917162680916,707.49
155.5111669596949,0.0
291.2008084715301,0.0
242.21924185115154,0.0
236.76356784880278,0.0
240.54591633192325,0.0
123.96389696591363,0.0
152.31622735828364,1332.32
207.00547015231714,0.0
185.97246556650396,0.0
175.8137126726539,1520.43
206.47245276362727,0.0
258.6343425863979,0.0
140.24916811054933,0.0
105.66959775968893,0.0
137.81182742288726,0.0
185.28416304476337,0.0
118.53686373223063,0.0
575.8436744637474,557.82
253.14585902041557,0.0
56.667248595855554,0.0
165.74234548042634,0.0
107.8188032785043,0.0
166.261144539613,0.0
141.97848415016333,0.0
165.97478159563389,0.0
220.72933331862984,0.0
173.82823057596528,0.0
225.56390542895525,0.0
129.08977427635156,0.0
140.326690311976,0.0
83.87518513997327,0.0
213.74786776398903,0.0
250.59098538400596,1081.48
144.66551326060497,0.0
609.96981328695,0.0
218.92993799772555,0.0
277.4630310454788,0.0
106.30504460880276,0.0
344.3913574783051,1153.94
219.91683495248859,0.0
154.59779533324482,0.0
133.519986934006,0.0
344.0488576685242,0.0
227.9560018208668,0.0
139.0709606339135,0.0
137.9152286740991,797.65
188.5462175433948,0.0
295.87840823839787,0.0
109.67576897599254,0.0
144.29472123770483,498.6
253.20903370573387,0.0
113.572281859392,0.0
237.90468758645812,0.0
123.37196685673206,0.0
184.1697293173492,0.0
288.71022934892915,0.0
260.93566601096427,0.0
162.51744002972808,823.47
204.66062364372286,0.0
221.09290979880208,0.0
133.6505082484688,298.93
221.70819441078706,0.0
601.5660992463605,0.0
81.75546800016211,0.0
362.1296999465807,0.0
310.3497744341379,1101.66
156.60457367946577,0.0
188.21789194274237,0.0
167.41142463567755,0.0
77.5836814458747,0.0
153.60639687980208,0.0
132.83541576725574,0.0
131.92962013271452,0.0
302.0583018647692,0.0
77.74611280585654,1383.22
96.39528290692566,0.0
116.77165821914586,0.0
91.25041427356393,0.0
409.90910185088546,0.0
237.5672497452728,0.0
185.98810464354912,925.96
447.491366781882,948.98
199.69147071096174,0.0
228.09011996766142,0.0
342.8628389572463,0.0
242.86716672394763,0.0
173.2714138405857,0.0
203.10893502193366,0.0
364.67071722892604,1564.16
399.0028271614943,0.0
159.70994269448778,1123.26
234.8237435558478,0.0
159.15231987119373,0.0
123.53364992195344,0.0
168.8568995206705,0.0
164.29371777766872,0.0
343.3604480417256,0.0
240.89742520753586,0.0
269.76431783341945,0.0
155.21394318067814,0.0
181.24293639699917,0.0
90.93142264044552,587.67
162.60703960301885,0.0
132.18273555426532,589.2
136.36552594191446,0.0
129.57689886782262,0.0
272.8540777758285,0.0
407.4212472563168,1036.66
414.8453747460887,0.0
207.76832267458482,0.0
103.24572680063916,0.0
320.8630125863984,0.0
313.030290996285,0.0
257.540911356399,0.0
245.22427357695307,0.0
209.91815973862106,417.68
155.04825829044879,0.0
189.43736418882725,0.0
228.0055730657434,0.0
158.54273201695284,0.0
166.33546313103315,2096.68
96.1422273718228,0.0
137.06119931047394,0.0
200.17627500228033,970.89
173.80381734582565,0.0
132.1298937374216,0.0
145.91183368594375,0.0
75.80584273644881,0.0
234.71704007798155,0.0
269.5967937702623,612.35
204.71890899362467,0.0
197.80056836277467,0.0
213.1486714255323,1042.88
237.07952712365667,1012.99
242.4433702686378,0.0
292.46621170846925,0.0
201.4516769136965,0.0
140.95381697774866,551.34
213.31154126950068,0.0
144.7810289641557,0.0
111.7017131710494,0.0
118.26617325409966,0.0
129.71801402118217,0.0
263.2408886467729,0.0
196.98649542010324,243.65
164.19735862732554,0.0
212.01922283744145,0.0
88.16421805338835,1331.16
152.93226650951433,0.0
200.0034423699822,0.0
292.54531303933675,0.0
152.8298089858593,0.0
145.17276756785765,0.0
296.69003176058146,0.0
348.5420875676248,0.0
150.01121416593008,0.0
165.09050974562965,0.0
167.93833603789213,0.0
234.21475911610463,0.0
199.7539250576047,0.0
189.4219673220443,0.0
123.70198358921392,481.58
102.83488724529141,595.29
181.33698481413248,0.0
114.74902007023479,0.0
199.73631640899697,0.0
139.33437567949204,0.0
132.26624051298424,0.0
105.25706138171482,0.0
157.72101723486213,0.0
237.56707592239883,0.0
201.2551214725804,0.0
115.83666170680381,2067.86
246.2856880509956,0.0
197.71566578151953,3377.49
368.71180709803957,0.0
376.89195723004997,378.98
164.09477587594847,0.0
89.03455626181726,0.0
195.4263604855323,0.0
115.4989049627772,0.0
123.12879212587055,319.36
214.54936106688817,0.0
224.27020595533494,0.0
208.79951584661995,394.64
514.0533312475928,1417.14
148.9124496559443,0.0
251.67974742336563,0.0
472.9320588307777,0.0
247.9159542947449,0.0
65.40273630274895,0.0
214.19982383356813,0.0
252.3254323485964,1628.48
142.09401828444024,0.0
150.56458435786837,0.0
116.90605402897114,0.0
211.46115440152923,971.07
225.48618561924653,0.0
272.7424558378265,0.0
455.22160894805916,0.0
149.28122379507778,1580.5
325.5787170826555,0.0
217.97411164204982,0.0
123.33789552779633,294.34
173.94670969347288,0.0
402.57780978385637,0.0
131.36708739303208,0.0
253.97536674117578,0.0
236.92643443131433,2213.7
234.24577566283313,509.68
156.1892941072308,818.04
213.63511356529946,694.57
216.05972254527222,0.0
83.93584508628443,0.0
163.03084811229266,0.0
228.76154822888003,0.0
395.5712951964457,0.0
204.81739870457542,0.0
243.76306631599678,0.0
214.41551725931038,0.0
162.52291682594708,0.0
274.7520009167881,0.0
169.02210458407978,0.0
212.4814546124721,711.13
91.77797339364152,0.0
126.7879582273922,0.0
254.98083016377424,315.66
215.1629349918399,0.0
214.2061408672461,0.0
112.09235512891428,0.0
112.88029939382602,0.0
138.53233235550076,0.0
187.39971002797873,0.0
151.79503400767285,0.0
81.38587490706611,0.0
110.78078776196928,0.0
149.44184225236518,0.0
219.6385635731661,0.0
141.5974936468878,411.93
117.32461238880144,0.0
294.0867919175174,0.0
238.29285211168792,1767.03
241.7200326814305,902.52
203.63861324494735,1210.12
163.93089713017403,0.0
462.2797028253681,328.06
441.3941595752758,911.1
203.33429758214515,0.0
170.62832752447306,0.0
252.8024887377373,0.0
86.2883349324768,0.0
97.57068413876694,0.0
118.83664946741551,0.0
102.24488310462834,1135.4
175.62707427635428,0.0
107.4955969709495,2344.22
164.04034919006514,0.0
172.1602534424643,0.0
352.4952834843062,0.0
136.20439525788234,0.0
125.92316118994272,0.0
147.7157192661039,411.61
284.97659603807546,0.0
154.19454027469976,0.0
947.5950394764859,0.0
166.60155800509156,0.0
159.3742089568664,0.0
157.58393088603842,0.0
81.80856712046719,0.0
274.3916921228702,1082.01
64.93225072691219,0.0
163.30824213396085,0.0
202.63625685683925,0.0
253.37326423841208,0.0
112.26655313491459,0.0
187.25043685329834,0.0
226.76045171646453,1027.5
166.89718316430572,0.0
162.00385657699974,0.0
262.5882722197749,0.0
168.0653788665028,0.0
146.4695944940259,0.0
490.38107299570976,0.0
120.32119287699439,0.0
333.1286295628315,0.0
100.88568699488985,0.0
152.90157039932197,0.0
100.08077199721313,0.0
102.69213978585421,0.0
123.09916954130861,0.0
329.8553710889208,0.0
278.8393205644102,524.83
156.0274976959985,0.0
137.11107286903945,0.0
186.56160688051406,0.0
215.0584122225611,272.64
237.09723956440186,0.0
171.8028512379539,0.0
123.45077718070468,0.0
184.971510957257,0.0
302.2895429093472,0.0
102.85640051532086,0.0
91.25593112945344,0.0
109.58668969445046,0.0
165.26446883304595,0.0
300.95300967741804,0.0
472.3358078996419,0.0
166.36228292668747,0.0
130.11556702731048,0.0
107.27896217894629,415.65
197.24557260831193,0.0
233.381617341116,0.0
67.407872448373,0.0
64.26038929384724,0.0
184.7101575342679,0.0
136.65941471800582,896.53
228.5962707875931,0.0
205.92688053206572,0.0
352.715113422752,858.91
122.36445296804887,0.0
58.7667510934709,0.0
125.44971010445894,0.0
322.978119445631,320.33
93.07986743806289,0.0
117.026424289557,442.3
151.35947734054463,0.0
266.71958119837876,2022.98
184.0049518435061,0.0
102.20506849742189,0.0
276.9896453667733,0.0
251.61920023834432,221.09
165.88120083652134,0.0
140.62698281459578,0.0
378.8570811142578,0.0
402.39140716978653,1600.55
237.7850490799456,0.0
277.425213016325,732.25
345.6227683827931,0.0
150.38311041015515,1087.72
192.97876434146113,0.0
118.05442366390258,0.0
278.6514632028506,637.3
132.31962772414246,0.0
213.10571527822023,0.0
234.29092591641873,0.0
167.52635732310856,0.0
246.27091132349307,0.0
290.0145474384718,1920.7
270.42723276004864,0.0
78.06550820611496,684.81
201.9518763854259,579.91
137.67840279525453,0.0
129.35996126562193,0.0
130.98861463526492,0.0
135.11268185983872,0.0
83.35517366984843,0.0
171.19016790051427,0.0
117.27713467366219,0.0
147.591587875351,0.0
48.1743398831375,0.0
499.0282860582541,0.0
108.18194304677529,0.0
131.86461608584375,0.0
110.71091615540927,0.0
214.70580860840883,0.0
167.81608550496276,0.0
387.3175306997915,2228.5
92.35276946547386,642.48
31.567091195562625,495.7
180.16260822728603,0.0
309.1744582220285,0.0
128.0481114292776,0.0
150.33536344012748,1364.78
174.55583562755797,1949.17
182.01464386614015,1541.32
125.94220611998412,0.0
147.59959793043845,0.0
389.90058592062695,0.0
184.33028615958085,1702.3
144.18798336594614,400.36
234.31538737486778,0.0
261.78593575346133,176.66
255.68558781284253,0.0
110.67826119844031,814.27
85.10136797237337,0.0
116.31817628897035,0.0
94.91223902722291,0.0
280.79749364693646,0.0
91.03598507128427,0.0
228.29225711645364,0.0
177.90891909229066,0.0
120.08987541003819,999.43
334.3136886185784,426.23
169.1432816805936,0.0
208.80194473579425,0.0
206.4443793864441,160.53
149.3194562762027,0.0
315.1185789888199,0.0
125.58257039869706,589.82
151.6732033118895,0.0
273.6377630344336,867.57
133.03082353806207,0.0
147.76787140420984,0.0
304.40092175288925,0.0
220.8002453730009,1299.38
311.8520610242902,0.0
169.31081988147847,0.0
273.2774344828942,2373.09
105.35667888297327,0.0
206.73250056411763,992.66
209.4093282232908,0.0
83.28265987496634,0.0
126.38417030587829,0.0
152.93226650951433,0.0
84.54069673125436,0.0
221.91719351709716,0.0
397.3283450848731,327.9
234.50526034018733,0.0
793.9232531195983,803.62
241.93947700977486,0.0
178.61569528178876,556.44
133.6053264150506,0.0
202.47130349151345,551.23
342.09827242591524,1088.67
316.32181882799085,1206.91
194.6518074187348,0.0
196.30632529756946,3562.74
117.52419734635859,0.0
34.95641155400768,0.0
151.6304508189286,0.0
266.17060416507167,0.0
130.52008371142716,0.0
132.09589411134954,0.0
214.04109094093224,46.09
351.4925993647749,0.0
329.6565050859046,2164.12
196.10830895438622,0.0
143.43612990293485,0.0
95.36569463492032,371.35
222.14058141312708,0.0
117.19680567697833,0.0
130.67576410146998,0.0
131.20672999335756,0.0
201.03301417539893,0.0
101.81485936754348,0.0
292.063376478562,0.0
337.1963301621282,0.0
139.35260638620392,0.0
125.53241857145143,0.0
146.79660529396753,0.0
92.75080909428502,732.72
388.48080007669296,0.0
220.42522178887623,0.0
130.17126158097705,0.0
155.2307267582396,0.0
195.8745135964462,0.0
194.2641239402125,0.0
287.45468990412144,0.0
302.031865087803,902.76
395.72397022841903,0.0
121.07881186146543,0.0
127.23399744769716,0.0
95.8774348431939,0.0
266.9416502138747,486.11
305.7229341224986,1780.6
203.10615505374176,0.0
192.89357033516805,1186.96
238.0273646422149,0.0
358.95922501971893,0.0
139.9293489352766,0.0
108.55039754413617,0.0
237.45064269880004,1309.3
202.15984804685445,3725.94
167.07986036865202,0.0
170.68986709765124,0.0
111.40776140204245,1064.3
222.56768358047478,0.0
89.26789067661512,0.0
181.91056378948218,0.0
307.91905216943866,489.16
118.64459132911003,0.0
133.89810600486769,0.0
64.46398535682302,0.0
248.76160903633777,0.0
167.7738735353973,0.0
345.5818168693271,0.0
132.37329078323717,0.0
128.50313811249458,0.0
209.65027412918775,0.0
238.7799573390209,779.28
135.3941121871645,0.0
132.04319685962162,953.46
237.27713500214864,0.0
376.79727762339064,0.0
161.40912784241198,0.0
207.09160464176355,0.0
246.54483959142465,0.0
122.20012042188849,0.0
123.24479403294704,0.0
231.39054442822945,0.0
160.85840157502443,116.75
176.27021111913598,0.0
295.8944433970685,0.0
217.73490178830053,0.0
188.78159176041947,0.0
232.2982678769627,0.0
186.7547729342896,0.0
170.25199232231063,0.0
112.31105834025638,279.94
171.31089479826247,0.0
76.75227726975614,1719.87
107.15432516796714,0.0
233.9293230095429,0.0
211.83187081924703,421.22
185.4898120124639,0.0
49.68542420145652,0.0
231.43152973311769,0.0
123.81712397983324,0.0
125.76759079094923,0.0
273.9386999927684,849.48
160.46258486729056,0.0
184.1244076182332,0.0
175.39741298086352,0.0
102.99312704523335,0.0
237.98328654572398,0.0
345.5513258754384,2231.69
198.23558742645693,0.0
106.91526759829996,0.0
295.0129813455419,0.0
160.14267096191662,0.0
113.99089499251158,0.0
129.26992707444154,0.0
93.3504228762271,592.34
221.86040136525452,0.0
139.5156515268483,0.0
137.6759766181003,0.0
221.93478841775936,0.0
170.35568721184526,0.0
315.7099078946456,312.69
104.8208089673902,0.0
142.1351449178631,0.0
86.11158788367138,0.0
222.0484290944652,0.0
175.3678017799828,0.0
158.74080592631873,0.0
280.99161230105466,0.0
277.50392230570003,0.0
59.391982435203545,0.0
133.0553504369404,0.0
142.83454824987163,0.0
245.19136465456052,0.0
215.80589818397874,0.0
249.81098852582934,0.0
329.0002921793616,6371.22
336.9360212444232,0.0
268.26652996654207,0.0
202.9473174691951,0.0
310.4464419804806,177.91
224.71311829690515,174.85
160.3340340015914,0.0
161.37251503279901,0.0
102.13799389520223,0.0
226.25423389120888,0.0
56.83588675037284,0.0
89.54156455200621,0.0
206.09694549282034,360.95
88.8353815280038,0.0
181.73534514234652,0.0
287.50079406547485,0.0
178.58006467249953,0.0
133.05782026523943,0.0
197.8179521050399,0.0
176.01187118844737,460.81
133.10134746718938,0.0
96.66817277720955,0.0
218.4356785343598,0.0
260.9531090080428,859.03
258.17726148726314,0.0
179.5695936900707,0.0
242.40403143580303,1288.5
183.10228292110065,0.0
168.479347124891,167.24
383.3888398652177,0.0
236.59203436578767,0.0
185.14809352979518,0.0
607.7209150269385,0.0
227.58213298494908,0.0
139.23683574515795,0.0
258.9780541794654,0.0
237.68846017822176,0.0
202.13680414420148,0.0
224.2961819486987,0.0
180.66909887703977,0.0
122.47727127645805,0.0
170.20523082958,0.0
247.82646223005753,0.0
318.32051905409213,931.01
338.59472308667034,0.0
165.57969756815493,0.0
125.59703079468875,0.0
107.5926139227658,0.0
249.46462463366908,740.1
208.07204584258088,0.0
277.47091971366655,0.0
177.72482233194867,0.0
173.43870665054413,740.89
206.91959655420544,0.0
295.1964458824593,0.0
247.99436085897415,0.0
129.42314093480857,490.38
139.49201935044346,0.0
63.12662599292663,0.0
214.55044918716357,0.0
304.70211587439553,0.0
138.5666575459988,0.0
303.06262198138745,0.0
65.08015136790155,0.0
286.7781528403164,0.0
161.53087883873798,0.0
307.0311295188044,1459.27
543.3898409809487,0.0
111.8662165400701,0.0
187.77156686478762,0.0
81.23276709792137,0.0
188.99488938124793,0.0
231.29834635059927,45.37
259.52801395867965,0.0
159.00741684266336,606.03
171.53051441584816,0.0
136.9779153171502,0.0
114.04976361624628,0.0
117.9050823475501,0.0
225.67736430393452,0.0
115.5176337079814,0.0
385.30279485247087,1031.29
132.10009969817557,0.0
282.4529909987699,0.0
86.11236258188514,0.0
238.88856828173613,197.22
61.05701464230794,0.0
356.63820271516914,0.0
183.94876253875051,0.0
151.2361717267864,0.0
484.9682334017885,0.0
152.7241022536022,114.82
190.28486472814785,0.0
150.73292700201245,826.85
219.16063437563406,0.0
83.28698784672784,0.0
111.13029774591986,0.0
93.86632828888855,0.0
151.84388606381003,1257.6
211.87064350706498,0.0
130.22784571428255,255.65
83.47838941592636,0.0
131.42711488027288,0.0
190.1915176047531,0.0
207.51254517798742,0.0
262.3126371405648,518.82
199.23791189362618,0.0
294.5590392627652,0.0
328.8098684980467,2628.32
117.64352296503029,127.26
146.33220903647836,0.0
229.76335589884306,0.0
140.75212985336543,732.02
192.71246621862122,0.0
177.46582948360376,0.0
181.9458492615508,0.0
293.6853036041219,0.0
224.91637878907562,0.0
189.33810177722555,0.0
371.77248408054936,0.0
29.843122777719746,0.0
105.65798838271911,0.0
237.72883481012312,1022.68
419.84270174972613,804.36
130.6207254652495,0.0
174.7577144443849,0.0
293.44666730387524,356.02
135.67201382257218,0.0
205.1486838832231,0.0
153.90242409436684,1383.68
121.06965127114148,0.0
146.7962733597366,0.0
525.0079631219811,0.0
158.8243717928688,0.0
170.09629348853116,0.0
187.8638677186729,1494.68
120.11016761184607,0.0
161.11112114100476,0.0
177.59445025580544,0.0
131.16915822521153,0.0
206.71225693412995,0.0
65.00649478264147,0.0
138.30757698276255,0.0
179.95895416016617,0.0
95.57475564228174,0.0
235.45655367822567,0.0
186.70976051974884,0.0
198.57465946624916,0.0
236.81452539834706,2411.86
153.58713830348992,0.0
225.46658992475008,0.0
316.39467848453194,0.0
262.36882051139,0.0
374.5916216653455,0.0
140.84346539311673,0.0
337.3012195022683,332.71
260.2004049220969,0.0
253.82674114240746,1588.8
149.63202125790832,0.0
181.6503919142203,0.0
207.54986902694705,1734.38
197.68433198876687,721.24
121.7236287636938,0.0
141.4611098342933,2095.05
194.76973701875207,0.0
305.643886354043,0.0
95.39903291938067,0.0
336.0232692676886,381.99
104.14250247774244,0.0
203.03775922371187,0.0
46.26400712496029,0.0
159.3622948121722,0.0
354.0765065303052,3477.7
109.18866816888607,0.0
102.49447481050919,0.0
262.4627124364809,0.0
191.0548785977737,0.0
138.0957891786238,0.0
384.08676939000816,3772.91
126.19436398477075,0.0
230.4070811743148,0.0
345.86563961005345,0.0
188.2622153807049,1261.01
138.62148992376726,0.0
270.8284295235901,233.68
184.3679048304918,0.0
229.1550448477455,0.0
171.59920529835054,0.0
192.57839642969395,0.0
119.4045360249264,0.0
141.43047891555656,0.0
85.60748687924236,1232.12
258.7196814164313,0.0
225.25713743123643,636.87
299.3764699777621,0.0
155.25311241289143,0.0
310.9323039268149,0.0
109.0016519251764,0.0
256.8992093842161,0.0
112.46399253677866,0.0
53.754002336586815,0.0
213.2832837204611,0.0
53.493999538255274,0.0
184.47994934081916,875.92
296.50924037583025,1036.21
221.8032676931229,0.0
106.39473673545787,729.51
230.8551372333264,0.0
238.3652790462087,0.0
243.5642675200015,0.0
61.391184298762596,0.0
205.1342471147815,0.0
187.32467484655052,742.73
208.20999811783645,0.0
240.00705746602554,0.0
413.0117879710148,0.0
268.4204469360457,0.0
94.59178234943519,0.0
123.93609612824599,0.0
124.72442034707639,0.0
137.69297422993702,1787.57
159.48971531183477,0.0
173.89953275802492,0.0
207.51069683217895,0.0
258.7002777506866,0.0
140.45225621418038,0.0
252.88217566265402,0.0
298.87272736115233,0.0
81.5724386895811,0.0
187.60435028548645,0.0
295.3003347167455,0.0
109.14213800127935,0.0
109.21323424183376,0.0
176.193086636869,0.0
60.390361326760754,0.0
130.98085848699426,0.0
269.2042523851807,0.0
249.5209607453005,0.0
212.09415674746083,787.7
150.89738857013808,1057.75
251.44345396615026,222.03
173.63050770891766,723.95
156.29981316679724,0.0
113.56859407740059,0.0
196.79848788219334,0.0
144.06529609285263,493.36
274.18813514634854,0.0
144.82012392579696,0.0
258.0461840369326,0.0
257.18436667437237,0.0
213.00768767070554,0.0
178.76505282143572,0.0
181.7143569291264,0.0
248.77437589781852,1427.59
202.75202202349325,0.0
289.35975392452013,0.0
7.754587642706626,0.0
292.6669004794219,176.82
134.53104919588455,0.0
288.50694508637855,1325.53
1066.8708729117143,0.0
297.96079396046207,0.0
175.6362491795852,0.0
276.0053369466712,1859.68
529.7214452167859,0.0
253.88611037282388,0.0
72.83755250794572,0.0
155.53275914012875,0.0
310.81656121111513,0.0
523.4759944705747,508.56
201.79694048520304,0.0
196.18641414157395,2793.45
246.7500256274278,0.0
44.706617445669565,0.0
218.34211558967385,0.0
108.58630517486378,0.0
334.10610445899465,0.0
159.84124008709287,0.0
234.34008707510782,0.0
166.4441536347256,0.0
164.1856875343374,0.0
296.69790741033813,0.0
198.55687139805153,0.0
186.88280224131586,224.65
358.77330812894104,0.0
458.580968232859,0.0
309.13971096697986,0.0
311.60047006601894,0.0
102.62500469426618,0.0
624.0913897951956,0.0
163.58976000400926,0.0
130.2924275374072,0.0
1155.0738256030797,0.0
162.78321191672578,0.0
285.8742626033592,0.0
101.92140227797056,0.0
161.1049152285886,0.0
213.23038493869146,0.0
502.39322589596196,0.0
272.61660084300973,0.0
270.3356971358397,0.0
286.72716561244073,0.0
154.0917514310087,0.0
134.29862256122365,0.0
135.36606878011037,0.0
258.97859973217317,2473.19
116.38978717141676,0.0
77.83250304716614,0.0
180.8995171052616,1417.56
130.8565357802499,2368.76
170.03515991187916,5132.64
152.22313835650596,0.0
104.21350321882116,0.0
189.23670019828165,0.0
91.17358410028277,0.0
144.06779229322512,0.0
172.15417455180852,0.0
261.4861364321201,256.98
180.9953072695162,0.0
188.29021311799067,0.0
320.10545277398154,2952.0
228.09285411355302,0.0
160.43718590364352,0.0
204.02742632884974,0.0
354.71519170813264,0.0
157.47757554838518,0.0
295.6711142401713,0.0
231.14801274375242,0.0
84.71254424581572,0.0
182.7011066691617,0.0
206.81535721529278,0.0
93.013955460092,0.0
270.21884497870116,0.0
246.4016776690576,0.0
310.2255092932844,0.0
224.60143296938597,0.0
239.94412213302027,0.0
138.28823400932785,0.0
141.74466968898162,384.26
267.4822415991093,0.0
217.47891357634626,0.0
136.915178536505,0.0
227.36661789625936,0.0
204.53448959462494,529.83
323.35400928633726,0.0
209.40422962144012,1301.35
116.24587293536297,0.0
119.70270495749433,0.0
133.84086155328208,0.0
215.51891409885062,0.0
115.52217741874838,0.0
148.2770603621643,957.86
210.31918981309147,0.0
175.8185217506911,2828.01
293.7222509758542,0.0
150.42285402397877,0.0
79.3925657745751,0.0
532.9080822751941,0.0
91.51304342640367,0.0
559.7008496793458,930.06
166.13789597021542,0.0
245.31150256319154,0.0
257.26489513430755,0.0
121.79972566893808,3002.4
223.70364610366812,4953.57
214.13764515903281,0.0
180.4828098971772,862.54
95.07144040722481,875.08
162.31960731227636,0.0
100.40552863351834,0.0
235.16045740713562,563.84
125.6025609792427,114.25
209.29073713633773,0.0
202.97943128227652,0.0
144.83796444713252,1200.96
300.85660029967585,0.0
109.82684543690411,0.0
145.91128438926938,0.0
270.395209134361,565.57
200.69667480928007,0.0
172.86002984185043,0.0
196.4771234069054,517.38
122.81554287837021,0.0
387.1659322522781,1992.71
323.0488767412227,1421.76
142.59961833292778,0.0
169.97041540183395,0.0
399.94681827217966,976.32
74.4103529116255,0.0
123.79511291317183,0.0
253.73739270106987,0.0
157.45372393089116,0.0
235.95113560645888,0.0
87.73713606142414,0.0
297.1789049822827,0.0
218.7099666282161,0.0
103.32023276576552,0.0
248.1687699006053,0.0
217.1769447261508,0.0
172.3775769963022,0.0
220.1668860350183,0.0
193.3434734600684,602.41
210.69830379839178,0.0
249.8650806192875,213.57
242.00356172110395,0.0
236.03724242707534,0.0
280.7169588115955,0.0
184.69026868967342,0.0
106.13190689747428,0.0
191.5741528323983,0.0
297.56195751670987,0.0
153.82838785957543,0.0
248.97479265307717,0.0
139.61651211755546,0.0
154.04357700077296,0.0
266.7646695300818,0.0
372.5933812021182,0.0
265.5558079636931,0.0
185.18436284567164,0.0
228.0590114689588,0.0
172.52016504529666,0.0
355.1095714288463,0.0
157.73974047532485,938.14
142.69753361691386,0.0
357.8293747909962,976.55
174.46568742428857,0.0
137.7738046172879,0.0
329.55364315320355,0.0
181.61908496082523,0.0
217.41419184875394,1023.67
162.67929177040187,0.0
87.44227534672682,635.96
505.86585013846087,823.19
152.354593484697,0.0
268.43390072472596,0.0
783.5258157027857,0.0
63.396985649382174,0.0
250.72445001290524,0.0
137.29107677374364,0.0
120.14433796716649,0.0
209.27486231229784,0.0
111.25434090670943,0.0
264.25908998101033,0.0
171.86818257428428,419.3
305.47240093016836,0.0
151.8547004509914,0.0
344.6517854995955,0.0
166.2313826814547,0.0
266.28632561553,1311.57
262.2826314430343,0.0
358.71240191429774,0.0
270.842210796195,1841.98
157.2870502446678,0.0
222.01025118941686,0.0
180.02682852847738,0.0
253.44696819323934,0.0
187.17556300164597,0.0
127.99656770908746,0.0
172.07974592904296,0.0
213.0966939531845,0.0
121.21824231459085,0.0
180.6304452583457,0.0
259.386569005526,0.0
370.4579323999361,0.0
355.03118348480854,0.0
263.13614154447066,0.0
254.38819331569886,0.0
224.90743371057758,716.25
175.95688344286512,0.0
230.04645133459738,0.0
153.71638957152555,0.0
149.60550349790014,0.0
124.35326407116739,0.0
335.58166092502876,0.0
226.48023516130814,0.0
206.00914048446984,0.0
221.57204997960736,0.0
254.45357211430021,0.0
193.3531925452571,0.0
105.02538768879829,0.0
120.79053532509234,0.0
436.095205631634,0.0
892.1765430996637,0.0
193.40288735444824,968.16
247.14507552453196,0.0
108.1997675315036,0.0
112.06219358877993,0.0
278.1588710267913,0.0
199.52529812469416,0.0
165.78800042722722,0.0
258.22313814347467,0.0
191.96326222435536,0.0
142.41858381853658,0.0
132.38702684899553,0.0
321.19592033398095,308.88
97.82060842258977,0.0
173.6234139519527,331.89
179.55937034617585,1694.34
142.8517805402313,0.0
169.93764306193677,1503.6
236.45037073941847,1146.17
186.84321232031576,0.0
160.50177211982037,0.0
225.8375247782007,0.0
94.42592527089111,500.32
108.08048706191182,0.0
345.79993514200464,1199.19
118.05435682376455,0.0
125.35518625524715,502.12
173.3308207861164,3304.69
165.43947878278982,0.0
145.63806854368727,0.0
459.1716622102327,195.05
81.29479198116655,0.0
178.9623863159434,0.0
169.5530384654061,698.04
220.50475253363905,0.0
170.05901851442292,0.0
149.56090789635923,0.0
133.04530625567628,0.0
135.15080193510389,0.0
134.8390165633056,0.0
80.86164019565459,512.42
159.7761839564194,0.0
233.2028661203918,0.0
556.9944165490986,0.0
252.49238946504533,0.0
159.3625258479766,0.0
164.16479276307885,0.0
177.4270011194521,0.0
238.78301610643328,0.0
420.19973140864647,108.44
397.3953732412891,14.84
204.34095755954124,0.0
252.55271407335368,360.67
251.1925419246402,484.06
246.06576430918042,0.0
167.74896573036548,0.0
162.5214321207114,0.0
130.49862579708784,0.0
282.49041367883234,0.0
216.6764205593161,0.0
153.88237669810243,0.0
140.14149084260913,0.0
143.03256522322062,882.91
140.03935443893099,1232.38
165.01306220269228,0.0
271.0563225357332,0.0
115.16920407200327,0.0
63.774741027044264,0.0
253.60625641913444,0.0
201.22216337403805,0.0
190.513240036491,1447.77
66.90350879416347,0.0
142.93093120237899,433.82
216.68506499018642,1531.59
210.4810542435038,1075.78
118.5516236895702,0.0
93.68896910261905,0.0
187.85389771106867,0.0
207.7518671587037,0.0
287.0416141987821,0.0
307.17906607742145,0.0
133.21656270922955,0.0
240.73077986593574,0.0
161.38778589015894,0.0
217.57565040455503,0.0
179.57577677789953,0.0
309.41439127665797,0.0
139.41261220486177,403.65
322.9495961092857,703.42
86.01107243530404,0.0
652.6586264688802,1418.06
132.45459709416846,0.0
160.42321594878314,0.0
255.64274816568312,0.0
135.49867157281122,0.0
180.80177021896156,0.0
230.84678358015452,0.0
78.53574943737529,0.0
198.50901628012167,0.0
178.63171523293562,142.04
171.0402932843034,0.0
156.03236405020618,0.0
141.56773999362528,0.0
353.8608858231991,303.28
437.35568083942394,0.0
216.32269757759786,0.0
79.4336935337232,0.0
262.701383220132,0.0
109.26404335048058,339.99
77.18977105989539,0.0
382.96578131882467,0.0
119.25949380679654,0.0
215.12216227289218,0.0
207.4447286574735,606.66
415.73206681922585,0.0
141.87632635317527,0.0
254.67683384702292,0.0
174.8242576151427,0.0
131.6349789093016,220.88
263.71165398206466,0.0
283.55553217507037,322.36
107.71829493839923,0.0
144.7526117437873,0.0
158.58443296816304,2333.94
70.86305414532467,0.0
264.1366006654496,0.0
160.18981709869738,0.0
366.3404172090675,335.75
382.0397344232723,0.0
338.88997510041656,0.0
195.03630804563073,0.0
317.6732083808194,0.0
236.32407264888417,0.0
317.3951538734485,0.0
198.10194153782498,0.0
178.07963096057802,0.0
119.39340410441406,0.0
167.71394177535944,0.0
258.54196096943707,0.0
122.54967413486176,0.0
148.0829586219138,0.0
143.96297193024571,0.0
114.03696581845851,0.0
90.05510449733671,0.0
100.13282895073668,0.0
251.228468160316,0.0
220.87341865543144,0.0
107.52359600819467,0.0
80.62948013042661,1194.48
125.1266291045848,0.0
122.08313320528471,0.0
156.9737204414055,0.0
151.3190522158263,824.67
223.12751622499985,0.0
349.553025289201,0.0
148.84146183431395,0.0
172.51178841440952,0.0
110.4071581968808,3589.76
188.236036247288,0.0
155.1598870212062,0.0
200.11326493188056,0.0
230.8136984803078,0.0
320.24312443414055,0.0
79.18270244410876,0.0
118.86570718257042,0.0
126.92087027601613,0.0
161.16337632323945,0.0
164.8214898394992,1973.85
349.80803155396865,0.0
182.42831430772023,0.0
120.02024440365298,0.0
155.75076432667174,0.0
541.7272512222308,0.0
143.34389786295267,0.0
285.38841697779503,1106.39
156.26399965769335,0.0
215.85182749337463,0.0
411.52484119490003,0.0
314.72782275519876,0.0
200.0769534967504,0.0
404.05221847587967,352.32
131.87638295694248,0.0
146.49452875573692,0.0
316.8125417912097,0.0
373.0746894314625,0.0
147.9671801030217,0.0
147.9603280040467,0.0
113.40247871215138,0.0
161.07813237123142,0.0
141.15019204998146,462.84
465.1076929382776,0.0
139.30567577818897,0.0
139.35844569803174,418.81
228.1420601975061,0.0
140.06723244504764,869.98
306.1519610963053,2320.93
114.39694987641911,0.0
176.19664661850467,0.0
177.2853870091973,0.0
203.17807589150695,510.42
167.32539218132337,0.0
262.88303998023343,1578.74
78.826787670694,0.0
233.4152859865445,858.27
150.9505461588553,0.0
213.72503827852216,0.0
352.2281473337026,0.0
130.64249832792967,0.0
57.65709727547411,0.0
326.0445485842025,836.13
363.3390574078208,0.0
267.90318995047966,0.0
195.2233150526489,0.0
109.2801568372572,0.0
572.0321260503019,0.0
396.2892094922675,2721.06
267.0588823336827,0.0
117.86852932169809,0.0
263.83703560947896,1448.14
157.2406706586467,54.08
385.53749723470156,0.0
160.4279714422473,0.0
126.90223702610592,0.0
217.30554562403316,0.0
263.2891295170431,0.0
235.1262126793947,0.0
231.78895636140837,0.0
272.05200033022413,108.0
147.7228900032995,0.0
241.03098102210342,142.33
199.98443955896911,0.0
141.98750663776354,0.0
107.712870057566,0.0
130.1496909392017,0.0
472.36484430546204,0.0
128.44883497741705,0.0
160.39578494678324,0.0
129.36575030893235,0.0
225.4273006208997,0.0
225.21980235881244,0.0
282.9359214320929,0.0
98.4089941771852,0.0
419.72245259482963,0.0
102.36304646859469,0.0
332.4068389252988,0.0
207.24580797124517,0.0
146.8976035972575,0.0
203.79960781430566,305.11
170.6011976014947,0.0
167.84619138232827,1510.31
261.86416317106705,143.37
345.23737730141687,0.0
80.29102351500985,0.0
189.47292818145968,0.0
229.90785203769175,0.0
147.74003576214926,0.0
258.1888888209179,0.0
520.1809137197446,0.0
229.58544582612348,0.0
178.08877028295564,0.0
237.25588226831778,0.0
127.21152208115664,0.0
359.5612304917372,0.0
36.807003634805774,0.0
146.67971326768333,0.0
167.1426575691097,0.0
124.53537226786553,0.0
104.60801401835853,0.0
194.7678838299351,0.0
322.58816008255275,0.0
163.00525047130955,0.0
243.7018086875978,0.0
145.26128594461636,0.0
116.05943771681311,0.0
144.8668346530611,0.0
249.61118359715238,0.0
183.0797647009106,962.67
238.22841467502843,0.0
185.39658709764603,0.0
347.56834784585556,133.41
30.079582657086455,2042.43
180.55795869234882,0.0
183.5840628017963,282.79
182.0453587626463,0.0
296.7217889652664,0.0
185.4659494918906,0.0
240.29186643472366,0.0
187.5815745645023,0.0
150.53206628462053,0.0
111.29565034206051,0.0
100.93315049662736,0.0
315.2862485817544,4512.96
171.18481089682916,0.0
261.50014300660916,0.0
579.5510591776845,0.0
180.18286950668377,0.0
176.58730988559904,0.0
114.06915785338953,802.21
157.74711507060294,0.0
142.47742595136518,0.0
273.5679568563436,0.0
224.03536854586483,0.0
168.34260962651595,0.0
250.53904294365887,0.0
87.58817153078444,0.0
165.15456854000635,0.0
241.3429199897533,0.0
85.98525847624471,0.0
169.28537100029223,0.0
123.8365523497659,0.0
114.4363652591381,0.0
372.54257342906,0.0
165.01561775949435,740.74
300.299873926658,0.0
250.85341360058447,0.0
227.84983488920489,368.18
93.29800932526099,0.0
171.35489883797678,0.0
102.40098879994326,0.0
150.14416654396925,856.39
176.5258472669381,0.0
157.09764392471084,0.0
137.2903881083521,0.0
224.28518669439597,635.15
109.06113360731447,0.0
76.68030771253983,0.0
182.00115256745804,0.0
237.6915998917987,0.0
236.39008982257278,908.69
74.09753889142056,0.0
222.46013595600112,0.0
115.14812809258315,0.0
225.79153983602683,296.96
204.92986083829362,906.42
172.59088204087948,0.0
316.1834696574515,0.0
319.7235362040993,0.0
172.08993440111942,0.0
198.85130115727696,0.0
184.0610749506693,0.0
67.24862487128816,0.0
348.2144284322076,0.0
196.0121350497898,0.0
168.83419080208267,0.0
332.40186841653826,0.0
75.58420094381314,0.0
244.8931600017541,644.67
152.66280454900922,0.0
157.5265051761945,0.0
107.69420073782616,0.0
195.86471007414502,0.0
233.0409960946233,1146.52
155.22332032681146,0.0
226.25901425116552,0.0
229.33144416805044,0.0
139.43436850023247,734.91
127.48024276034097,0.0
274.34973870783267,1501.29
200.8500409191994,1925.95
342.5174054589894,0.0
227.87086575191586,0.0
158.0157937215654,0.0
1032.1134418785546,0.0
210.23581847141594,0.0
145.38716261988728,431.38
228.9110607194155,0.0
175.16029562916782,0.0
233.97251792313287,0.0
130.427837947049,0.0
318.291911991323,574.06
151.7366378305763,932.29
240.19005030179378,0.0
197.63176116397742,2752.99
346.12474807691586,0.0
157.2766810538978,2030.47
158.02087905170723,0.0
174.6453998395665,0.0
169.483520784459,0.0
219.57233414059922,0.0
256.64275199427846,1022.78
364.6763008638077,0.0
109.66388669624399,0.0
154.80171901973515,0.0
266.259238908124,0.0
124.50959726074261,0.0
206.91668216534674,0.0
186.5433230509707,0.0
295.5849388684197,0.0
235.59150988466376,0.0
58.50550295140439,1044.36
149.40414135124297,0.0
316.61452092523007,0.0
152.93226650951433,0.0
186.90439870862377,0.0
104.42239728710929,0.0
111.80345741541716,0.0
371.11108384131927,0.0
415.84306759663536,156.08
204.39997654588547,0.0
60.90656693131547,355.03
52.90267659833431,0.0
45.058208165875044,1631.48
214.68206622590398,0.0
382.28487435026284,0.0
123.24182069256031,0.0
205.4490951866618,0.0
116.4780794541685,0.0
236.55244375147373,1099.62
440.36176628859914,0.0
123.50401588479245,0.0
170.33158102410275,0.0
307.88321379503446,0.0
135.82683631695218,0.0
116.52410581640372,0.0
147.74801996125703,0.0
67.35400970709281,0.0
359.1392570086312,945.13
354.90811238257226,0.0
164.99316823822875,0.0
138.9600462276346,0.0
328.9779082503736,0.0
155.2331831045496,0.0
236.49879171404282,0.0
197.57322207140487,1748.66
121.5541933918612,0.0
249.89697760995244,0.0
307.46090026068094,0.0
149.8866991765173,0.0
214.2723167881751,0.0
183.98381419633893,0.0
531.7873237469264,0.0
171.36728571782615,0.0
202.50509144133792,0.0
99.32963183546556,0.0
155.23947748000742,0.0
231.07604500197357,0.0
78.4123560927746,0.0
223.1135980955754,2395.76
186.75311059576745,0.0
258.09692665212674,0.0
143.33582379806128,0.0
77.91915911623086,0.0
728.2573209878335,0.0
272.15925529364165,0.0
139.71468984875568,0.0
280.38780062534863,0.0
133.13856975735055,0.0
434.5418939569118,469.42
250.6740418340181,0.0
149.47672940344364,0.0
181.44534265460328,0.0
130.7671997022143,0.0
284.0136880710058,0.0
390.5818032202912,0.0
137.9988653593136,0.0
86.89599732935531,0.0
175.90115977416352,509.2
187.5575100564848,0.0
226.79991083763213,0.0
221.94132390312708,797.99
224.82134581498815,406.1
58.687922321752886,0.0
301.11446229451263,0.0
197.0168434060222,2103.88
244.60601285588876,0.0
446.4712878858093,232.69
154.3555416658799,0.0
379.3154809895638,287.85
207.30167608808338,0.0
286.89830719155026,1324.4
218.66752760709426,0.0
215.52541902210822,1461.85
110.04441198326926,0.0
247.96843500915,0.0
88.85494523581531,0.0
157.19859525557854,0.0
92.15696517155338,0.0
123.0962950367795,0.0
149.7276044456691,0.0
215.94965605288164,754.72
188.22856775886416,0.0
180.30460662938398,0.0
156.2028490971445,0.0
261.1477272272018,0.0
146.81512323086096,1580.37
219.63281013037496,681.6
195.5372598945117,1658.98
302.9450563947686,933.35
173.4434006599508,0.0
218.13251398364403,0.0
147.94993169869073,594.49
92.85329354668167,0.0
260.9674549064561,0.0
91.26125542672308,0.0
157.64253500453353,0.0
124.36395056953232,0.0
289.96042218339994,0.0
323.8585671482191,0.0
107.55538652144666,0.0
397.2307971903747,772.89
278.38905571102123,1524.86
199.79232943570727,0.0
230.79629695568914,1010.3
210.21903468136955,529.41
416.8414217877595,1344.19
213.3911971242457,0.0
192.48930533580761,682.42
519.0889229733662,0.0
246.92611205396236,0.0
159.5478630237248,0.0
260.8114850052945,0.0
247.33094775753906,0.0
251.23199533562865,0.0
243.2661717133419,1135.08
92.95548678979111,0.0
192.2426070638959,0.0
140.58243184716164,0.0
162.77368417855124,0.0
165.15690415285314,0.0
154.79385121492695,0.0
103.98855099635004,0.0
168.42595951601766,1230.74
165.0825270404855,0.0
97.98837535774767,0.0
145.04832786049982,0.0
101.29158399517486,0.0
211.04546228891823,0.0
171.11872476037792,0.0
247.58958430588763,0.0
290.738605643659,1107.35
107.67026088339497,0.0
68.28032358296068,0.0
167.8721262888961,747.74
249.61225396068767,1095.27
311.899594801581,1305.16
184.2709465106456,1166.67
88.63641259546982,0.0
136.59456567310053,0.0
186.62179886732181,0.0
231.7658188039938,0.0
166.30010819056614,0.0
126.82624507495034,216.11
206.2632579014846,1696.08
243.57492931535265,0.0
211.74700424208424,0.0
160.73965201323,96.46
99.13860577582172,0.0
109.54048681166388,947.69
133.42715880320756,391.94
128.79412033047706,0.0
194.3818665924572,0.0
135.16055467799583,0.0
112.97376577965353,0.0
98.45707505031639,320.47
92.52372106895038,0.0
197.26095962572828,0.0
227.18569674122568,555.59
197.9618187445773,639.17
136.00289215320407,0.0
129.03659556815893,0.0
143.15852452308866,1078.93
249.0005650832783,0.0
68.71664120881591,0.0
267.45049201959074,0.0
486.3390317917014,0.0
121.39337009643212,0.0
209.4818283566073,0.0
183.9799547167724,0.0
143.68565333622843,0.0
185.2927486254453,343.1
489.67767279830264,2794.8
240.33404062773295,0.0
318.9550461147097,1014.72
198.29656336936057,0.0
197.60557258487788,0.0
462.3922963054086,648.59
259.3530248831201,0.0
205.75678049991942,0.0
158.45731373649113,0.0
98.70122678223667,0.0
177.79095838943152,0.0
112.69174590578848,0.0
152.81822606612613,0.0
293.8104892412749,0.0
156.99522807135637,0.0
113.53654941177876,0.0
198.89218005160876,0.0
297.57286679015573,0.0
377.20133051802077,0.0
637.9185195983682,0.0
123.5276236096304,0.0
91.64672346107562,0.0
184.73135620472476,0.0
170.95136923268853,0.0
216.28998319398272,0.0
181.1649069080361,0.0
80.05809991280054,0.0
169.41688248018792,0.0
149.43166336390084,0.0
189.03324979136534,0.0
186.77488525999058,548.15
78.67055032885614,0.0
40.7731127335238,0.0
203.0115490216089,0.0
319.7039087589019,0.0
112.66109399094856,0.0
195.50659431698733,0.0
244.12275247369323,735.91
228.4074041591099,0.0
86.87819680240972,0.0
102.15585448585323,0.0
223.74249872309954,0.0
228.39765499059368,0.0
215.6779381660034,0.0
47.125201558046626,0.0
254.61522494090426,0.0
247.58800712118654,0.0
196.75406996917863,0.0
199.3899354696306,0.0
199.1945563124813,0.0
141.1772826782007,351.46
245.8862185173104,0.0
178.8692796616982,0.0
399.39785421075476,806.92
86.93106976616798,23.3
200.56656723976505,0.0
176.24533844146256,0.0
136.76312476299032,0.0
96.76098373747641,0.0
150.318550742042,0.0
390.47322032635367,0.0
168.4391828044704,0.0
315.19108279123,0.0
187.40670706751635,0.0
47.20801568205146,0.0
113.97073250188791,0.0
232.70419734967726,0.0
296.1278249933351,0.0
229.21725935100716,0.0
248.57131580826388,1307.86
268.98845614011606,0.0
198.88644642878327,0.0
252.0405955016367,0.0
413.5300131857094,733.25
245.84937631245998,0.0
153.58742831960868,0.0
137.26036637461252,0.0
180.11239553464478,0.0
151.44518072022476,0.0
104.00118536408469,1223.75
265.40445995571463,0.0
288.1527254413868,0.0
77.25631640444185,0.0
280.98396268413546,2508.23
134.66413390945098,1062.06
182.45302462349358,0.0
222.97158636233206,2862.44
135.06480755638356,0.0
144.32631549323395,0.0
278.40789200464445,0.0
230.80439192344957,0.0
219.73608094694154,0.0
155.82452231388677,791.18
103.69231113221258,0.0
277.8112982442287,545.55
146.05584632578007,0.0
228.21395476298002,0.0
222.37241707060275,709.38
166.53163761594413,0.0
103.03709196091798,0.0
84.36624273660807,0.0
46.37914464618375,0.0
494.35390451017867,0.0
382.14746508668134,1800.37
191.60041143149192,0.0
159.35986658464952,0.0
223.5904731253569,0.0
213.00966592285548,0.0
110.772349767632,0.0
157.4972545916102,0.0
215.27504875863784,719.63
77.42408815578364,0.0
393.2182707145452,700.57
404.28911806358474,0.0
121.96107217893403,0.0
120.38040797227377,0.0
252.60211475329106,0.0
208.84305670571806,0.0
175.41105527605436,0.0
155.3538983090242,3494.1
179.19753897976744,0.0
373.6084072298246,0.0
413.12653050264487,814.48
303.99230264946726,0.0
322.0564162307642,0.0
202.3910228452122,0.0
317.2253414212493,0.0
498.27706698745476,465.58
131.18194589142098,0.0
227.24515446642468,0.0
125.77886823589351,0.0
325.8633843974946,0.0
194.52271243974985,0.0
367.65451311303235,908.52
259.84808697939286,0.0
231.973065963133,0.0
202.25228663486533,0.0
118.89857632950907,0.0
206.67062278055485,0.0
125.32255854109167,0.0
196.96087217101837,0.0
238.14249979025394,0.0
143.58631450155377,0.0
328.66687273918495,0.0
256.6144515437659,0.0
260.10416883530627,0.0
226.3687854566031,710.22
180.77424659713398,0.0
151.6731728702079,0.0
254.558569226184,0.0
168.73513588656772,0.0
112.42985266986803,0.0
133.47603032758812,604.36
140.85029589661505,0.0
178.14326949346528,0.0
243.6151005338994,0.0
281.54680195501896,0.0
158.55885181093947,3195.86
165.93166775663926,0.0
255.05604457537314,0.0
177.94797725200527,0.0
115.63073460817478,0.0
677.411326903258,0.0
161.43691194811663,0.0
258.95260664327554,0.0
261.3682710546896,271.51
165.63735309978586,0.0
349.09379409024706,329.51
108.0101243798858,0.0
224.14694171225383,0.0
231.35948376178322,0.0
81.61346089762814,0.0
169.15558268496355,0.0
393.0236927805082,580.18
369.5516563854069,433.68
115.74064989945722,0.0
234.52321066786837,0.0
418.2551259646712,782.55
179.19720488549476,0.0
135.09074421196019,0.0
196.7186365434466,0.0
114.95992510123314,0.0
163.5275723873658,0.0
274.0309523265588,0.0
311.5824268500572,0.0
97.28422344294859,0.0
237.2068631224875,0.0
152.75661404335196,0.0
160.47993615988355,0.0
138.21796059878656,771.26
194.45700298773446,0.0
263.0133788737998,343.61
269.84348227625696,0.0
120.35334407027781,32.76
58.978615062464314,0.0
471.36138477171664,0.0
292.13289693053156,0.0
237.8954874924043,481.64
281.91426875293314,0.0
132.19557177102843,0.0
226.26950253107685,0.0
98.75143008132477,0.0
202.3479007460802,0.0
596.1442709158258,0.0
172.5431365000406,0.0
222.04401921687457,577.74
132.03928569554822,0.0
326.98064472988807,0.0
231.18476577842634,521.02
130.23559019700764,0.0
138.5297626194226,0.0
269.63309514513105,3935.78
215.33075919618557,0.0
262.1884133314857,0.0
118.49178712022157,0.0
371.8302541944864,0.0
80.29221543704949,0.0
91.53036314276234,0.0
98.63703915152341,0.0
134.7362198738072,0.0
412.88348914404276,0.0
170.18038920672348,0.0
189.63044525333913,1026.97
322.801651848961,0.0
209.58287477678604,0.0
133.08108119507543,0.0
231.7975928074575,0.0
176.1678581229293,1352.63
94.09039999670897,0.0
434.56718462155163,1737.83
331.0913462337028,0.0
325.1510048522991,0.0
204.75598987663128,472.36
218.0933362602291,0.0
166.7119016416288,403.65
230.24823339945027,0.0
257.61242532196013,0.0
136.49798241770998,0.0
115.36012205727106,2381.08
99.666137123796,439.2
330.1184196441732,393.68
291.5824859195643,0.0
167.28001028342445,0.0
120.7640632610616,0.0
259.465426805005,0.0
97.96321791418707,0.0
133.01238766849923,0.0
163.7588918412713,0.0
95.27014505331941,0.0
222.14908889893326,438.08
222.00074989916573,0.0
180.04929068344413,0.0
330.928909272752,0.0
122.60419046903364,0.0
199.64792363631784,0.0
153.13294094375325,0.0
190.43040572444852,0.0
260.6120548914555,0.0
144.78748186450025,497.89
131.78978754206108,0.0
162.7635090163382,0.0
172.40853918141698,0.0
176.5613891566852,0.0
463.3382965199546,0.0
137.48275972802065,0.0
424.9687736429133,3943.78
116.06826772445092,0.0
156.59027492562043,0.0
229.03224919807116,0.0
144.5380704535253,0.0
250.82164976706986,0.0
188.04724745227554,1030.7
110.91485505714411,1793.58
262.3796804077166,1295.58
349.5612073097225,0.0
168.13850125816575,0.0
205.84202290136076,0.0
116.22241603440636,0.0
145.9881375768096,0.0
228.1020262468951,0.0
221.68124198521724,0.0
98.50465370181928,0.0
230.04092995103866,0.0
216.65544343971118,294.02
259.5337225218139,2761.44
252.64050287726315,0.0
215.55790754691674,441.29
163.17335954030773,0.0
91.89292371389185,0.0
234.19739185463627,0.0
224.67055355631885,0.0
163.12187766332883,0.0
159.72336847798147,0.0
362.4428859013491,0.0
279.74901777055607,2546.84
255.2464661525089,0.0
400.8863313739106,0.0
218.49941570629335,0.0
193.73823827708688,0.0
177.29857974670833,0.0
89.85191936461189,0.0
242.9646387073512,892.26
175.49733632135207,0.0
131.09931906767335,0.0
175.20012955888592,0.0
236.08068824597356,690.45
100.31329552395704,0.0
222.89060372168288,749.46
152.5650021540728,0.0
101.27799832702163,0.0
228.00748375419786,873.41
154.06919071500639,0.0
91.26392335385513,0.0
421.6054847808065,0.0
169.3545618859004,0.0
275.365334468586,0.0
208.13693980887788,0.0
189.25343925640703,0.0
138.21182326040838,0.0
210.67390352100324,1057.88
267.1089951551165,0.0
188.60717714411993,0.0
65.87191899431821,0.0
84.14767918171471,0.0
167.27010126462218,0.0
229.23899863491818,1829.4
224.08877326794774,0.0
456.4859206872143,0.0
292.8166659578501,895.19
197.2919625444318,0.0
341.84111983421064,0.0
188.38564244479247,0.0
227.46631699469987,606.6
135.46092501552226,0.0
144.31197306959209,0.0
199.2506164304087,0.0
88.05981995397094,0.0
173.9442773914546,0.0
138.00707730137177,0.0
169.8394446791847,0.0
220.64183396717505,242.85
507.6294652711594,0.0
132.91431206952245,232.88
97.62286279086669,0.0
83.10057602946755,0.0
147.5435659348202,0.0
145.91117204032807,0.0
162.79036960352522,0.0
156.38475196133697,0.0
208.63745974984448,0.0
131.86977481885776,0.0
98.46158537255897,0.0
211.3869295570243,2976.16
180.65753485389334,835.78
119.99390424815877,0.0
229.72420948235646,0.0
248.4688670035082,0.0
215.8088458223651,0.0
356.60775161585707,0.0
264.3629216997714,0.0
241.8720995298144,0.0
119.92529074640302,1720.53
111.40823959435296,0.0
155.22109103508657,0.0
101.08328283987662,0.0
219.69014031486458,0.0
455.63198937106915,0.0
157.16638655013898,0.0
251.97007440213176,0.0
204.11360697442066,0.0
161.15054175382275,0.0
130.9621462142359,0.0
167.47928060260247,0.0
566.22286899159,0.0
128.3132202814079,0.0
136.6289612449818,0.0
214.90742075610726,0.0
196.5245312869821,1023.8
187.619875641825,0.0
345.3958681103965,0.0
137.4940717345973,0.0
138.91994232956665,0.0
358.895607677078,0.0
188.13734924710022,979.83
174.15554380111476,0.0
458.30648606044133,0.0
177.2376176007771,0.0
145.39408387800205,0.0
131.8526715784016,0.0
106.06332142606135,0.0
223.03920049360522,0.0
133.36061187582948,390.78
131.6765108299489,0.0
32.44527298177503,0.0
150.9343754149504,0.0
186.10830848561025,568.17
96.56980574492242,0.0
189.33604488750413,0.0
151.8557384661393,0.0
145.94440890500107,0.0
221.31168296404275,1151.28
211.4575725444367,1492.91
179.19138842197995,0.0
209.3751091351461,0.0
173.56528212798833,0.0
240.52791529474962,0.0
207.87397936566634,1126.51
156.75388227870764,0.0
383.11610216025525,0.0
72.56465106314883,80.48
213.76410218599023,0.0
294.148468604309,0.0
163.12802779305602,0.0
415.2855310220218,0.0
140.23891339287113,0.0
282.0512249368226,0.0
254.63389391998749,2342.68
230.03713618406172,0.0
139.50134034015068,838.74
182.36090983666864,0.0
271.1497215165925,253.2
179.9252398689995,0.0
145.37614105602592,0.0
143.75093224960023,0.0
227.0998920672546,0.0
186.25073435056393,0.0
230.3107029874516,0.0
143.982107746822,0.0
553.5080656583458,0.0
163.3816712381076,427.44
152.3958669069204,3204.51
82.14201281802181,0.0
253.11382457720606,0.0
181.354530248499,0.0
304.9322962326705,0.0
126.34213023270162,0.0
120.16321000985761,0.0
138.98041782122445,0.0
105.58586254710747,371.31
225.50224153143685,0.0
377.08410509337835,1544.06
100.23102588631023,0.0
182.15952829889625,0.0
130.56623645030902,0.0
171.33166537069744,0.0
163.31371603388985,0.0
110.84205441698207,0.0
235.57134049025578,0.0
150.46193239552295,790.6
95.44085758497386,0.0
166.01051273945032,0.0
403.8815814780999,0.0
334.949360702739,1132.22
230.299448661114,0.0
371.95904248688134,0.0
244.3200917883001,0.0
235.80089758513984,0.0
122.10023835027367,0.0
99.50054391841059,0.0
104.06252485199812,138.09
135.25171474801445,0.0
264.76580267183857,0.0
78.57153550017595,0.0
182.936051448982,0.0
163.6318892496147,0.0
92.90022524875513,0.0
622.114925972104,0.0
184.16309205541617,0.0
185.18022832801995,0.0
84.57783331936027,0.0
239.9230007198863,0.0
115.19020397458709,0.0
108.12470833973542,0.0
328.4960928117972,0.0
229.27375607564593,0.0
114.69591393043277,0.0
143.11283626480682,1781.55
126.63874669802347,0.0
371.2995229923852,1517.22
191.78473330595872,0.0
280.9218669452765,0.0
77.60096800853212,0.0
89.30281610905605,0.0
342.20397116583905,0.0
199.21809125651367,0.0
168.02114739847337,0.0
194.29790739151045,0.0
225.6942351258697,0.0
304.5230604742241,0.0
77.6943482000727,0.0
210.44402765840374,0.0
353.15974922731084,0.0
171.78866967133493,1814.07
265.0867896829269,122.26
359.2799556233579,550.24
181.1196498237339,0.0
256.9144914835597,0.0
339.8421044960153,1097.2
1466.636191771332,1061.38
136.36045111318947,0.0
115.29116592934767,0.0
100.15497518847549,239.74
194.26594434716876,608.47
162.3882695105864,0.0
105.10742774008183,358.18
330.7706651755503,0.0
302.37124707656324,0.0
151.98170905425795,3683.08
191.61198788307078,0.0
227.21321862698727,316.35
173.01067318174822,253.63
88.76709430630372,0.0
718.1476417487502,0.0
77.45081673152347,0.0
76.75817760900811,0.0
260.5542061268833,0.0
163.0273616208999,0.0
415.3523272546276,1570.43
360.4337238945256,0.0
114.70284801644382,0.0
618.6920564893323,0.0
247.50741387976473,0.0
106.19230786181399,0.0
510.37972698251446,1803.75
628.953730273638,586.86
100.7760774580035,0.0
179.7567810430848,0.0
180.59953943061294,2411.62
318.0450664551248,475.52
221.2563468257081,0.0
127.61086267092766,0.0
83.06031834903308,328.72
174.06187660941427,0.0
199.65731288203654,1395.64
309.85578147665,0.0
204.25132830136803,0.0
151.46988983688178,454.8
187.4345283703504,0.0
194.78782684262228,0.0
485.9030513704125,0.0
57.14044289736142,0.0
101.4977698563574,0.0
28.885996786571077,0.0
139.25707982470283,0.0
286.9852144079854,0.0
235.67620597331643,1354.8
99.46791042268192,0.0
91.75885854044706,0.0
569.0633483021633,0.0
244.83459443738548,0.0
97.08771102130463,1176.76
187.6492217813119,618.32
196.55954534712907,0.0
133.7411674354896,0.0
49.881533192996606,766.32
119.6190504233743,0.0
439.29495143275017,1609.18
224.6205039648268,0.0
288.07101156954855,0.0
108.4007858191118,2954.98
138.42479520951184,0.0
268.07033154893065,0.0
109.93473740771377,0.0
149.29160697062312,591.24
195.93241950842136,414.94
184.6599559271131,0.0
131.18738849836694,0.0
69.53845852006282,0.0
135.7744740467954,0.0
189.7840603841258,0.0
236.96359424170834,0.0
243.32649489398088,2003.17
181.04189696928202,0.0
121.32395156558492,0.0
184.51019837404985,0.0
137.11362259600335,0.0
225.77288691402595,0.0
141.55054356030234,1332.78
193.89294490032228,0.0
254.54737845459468,0.0
110.7650309491968,0.0
154.50248622045265,493.28
140.98916365868112,0.0
147.14849349612663,0.0
70.9696249508957,0.0
182.70276902523614,0.0
465.307264928829,0.0
309.9664997258747,0.0
140.42384050213477,0.0
263.57984406353074,0.0
186.14207805038836,0.0
126.36692966175437,245.67
119.77811884960609,0.0
248.99998002644915,821.17
164.97591351485804,0.0
154.06244233195326,0.0
120.3042473299127,0.0
180.25579852019138,0.0
227.16624685294414,0.0
115.6091955736868,898.48
240.9723802378058,0.0
186.41069324616507,0.0
92.93964786888509,0.0
677.7852856826279,541.03
368.942901185016,1441.16
215.75452804956373,0.0
117.72947116014274,245.23
272.8944108692773,656.82
243.51488893737792,0.0
128.16431973137216,0.0
392.0737389789622,388.28
222.43226227517118,0.0
210.32790883294408,0.0
221.81248805385857,0.0
90.32099621414326,0.0
90.76478271766263,0.0
270.9539102894657,0.0
109.11067736889775,0.0
184.4225358763197,0.0
107.5884703647964,0.0
339.72432753948306,0.0
284.90906341642426,0.0
295.50093782574726,0.0
112.72269706826388,0.0
289.5016172377649,0.0
115.05867391417846,0.0
219.24012123217,0.0
156.97116254581115,0.0
157.35404125795714,0.0
439.960019357325,1166.65
147.0644584045503,0.0
195.6144821978315,0.0
354.35184940152016,1862.83
172.18350975366758,0.0
162.56896260263548,0.0
102.86171478486254,0.0
160.58423835007883,0.0
162.87330882323195,0.0
229.79326043559632,0.0
180.5132003603648,275.83
286.50892427298174,5303.92
179.98890642016298,0.0
181.6450419546015,0.0
104.87927452020543,0.0
289.255983544737,0.0
137.75255647473537,0.0
246.69067098166545,0.0
150.3526830216577,0.0
106.52104272285548,0.0
161.8791626784198,1514.46
281.0385533740885,0.0
134.9636379657826,0.0
193.54589029616577,0.0
144.38566572486047,0.0
275.18384414670675,0.0
169.89106055111407,445.7
166.89669262307652,0.0
170.7871578166935,269.35
78.82019289088048,570.01
217.93459237829305,0.0
205.12306808525886,780.55
209.52187833295372,0.0
163.25228026960525,0.0
193.87096039706722,0.0
69.54892699143751,86.07
614.4109213175012,0.0
221.9492931512268,0.0
631.064693693977,0.0
161.35349801401125,0.0
285.3924422651027,0.0
246.8224200413177,372.08
346.925466691604,968.59
165.25162959475193,0.0
126.52522143262247,0.0
142.94724165918188,0.0
288.93582014647575,0.0
137.63710250182444,0.0
108.71778917626054,0.0
169.78391321619245,0.0
144.6301365600627,0.0
279.68913463058186,0.0
122.2969358914307,0.0
201.7784314410679,1289.09
253.92025615346245,885.18
398.8816314024872,0.0
168.3888045211573,0.0
238.66864711366884,0.0
162.64430732900402,0.0
43.88615965324558,0.0
274.19742415347025,600.67
239.256139298126,0.0
207.10129907006564,0.0
332.1745633664596,0.0
157.34257615450196,0.0
244.33155661870805,252.4
213.6056202015551,0.0
267.13430879659165,0.0
153.48822821514366,284.64
133.93374424029284,0.0
263.36937361496933,0.0
233.8022172133947,0.0
333.7517639935402,0.0
334.067845723973,0.0
159.6955536739756,0.0
277.6989188913713,0.0
42.1799569017646,0.0
192.1045632905742,0.0
184.76727172017755,0.0
164.3653733804403,0.0
146.4208990744546,0.0
163.40211171700625,0.0
59.001424365775534,0.0
246.37373357695216,0.0
108.11911305719325,0.0
172.23326457285177,0.0
149.61114291635562,0.0
222.12942331606988,0.0
305.8997361837237,0.0
277.72452837803354,0.0
229.87836260561448,1425.0
196.3629320149158,0.0
103.61434919955263,0.0
157.69554615801277,0.0
546.5861668640625,1972.87
190.2546591628326,0.0
181.69380432448855,0.0
182.88654457502184,874.58
352.3073920291244,0.0
80.27707484639323,0.0
225.31206554660898,0.0
160.74943675352105,0.0
133.8329995923317,0.0
177.50595376675696,0.0
188.87835620523555,0.0
424.30166645466437,1728.02
188.79456358846292,0.0
202.8234983207338,0.0
647.7847333668497,3605.22
125.96649012025149,0.0
127.72968002287753,0.0
477.0445985265726,0.0
91.05762403712224,0.0
272.27705160479996,0.0
143.1331146096973,0.0
174.24013367102123,1360.15
142.83164852763664,304.57
150.259761073055,0.0
102.62110232403037,0.0
241.85147497732314,0.0
142.06484645554113,0.0
125.80963880852767,0.0
155.31176135848838,894.12
125.30126221981409,0.0
169.52604611648752,784.63
265.06524299153944,0.0
314.08877757923784,0.0
142.11739345199268,0.0
236.6441021833109,0.0
209.52375155576968,356.06
198.15766223509013,0.0
180.50148211337626,0.0
236.39692297324254,0.0
157.68546773737808,0.0
143.93638611616043,0.0
61.21508385034629,0.0
214.87500043515834,822.92
275.42045643458977,0.0
173.78359424084096,0.0
168.51498047714333,0.0
154.82479243844193,0.0
133.703166414116,1550.13
167.27209866632998,0.0
180.97294496110004,0.0
199.88828022755862,632.22
119.16840296802428,0.0
116.48201471168471,191.96
339.8345078306817,1544.57
210.49797703581663,649.84
309.0256146176286,0.0
99.31722804470243,0.0
152.92286802617818,238.54
128.51791449611648,0.0
486.60668850872077,0.0
136.11460104524966,0.0
30.69304342660766,0.0
430.6599449360154,0.0
127.5360598862822,0.0
162.49117453364948,326.53
420.98368079366935,0.0
188.16909390037796,754.91
111.15055350285527,0.0
221.81149576846803,0.0
151.1295672624806,783.92
135.83840660530961,0.0
139.3589248985383,0.0
130.91277615496338,0.0
235.7372495067909,0.0
118.58756885583918,1138.05
187.17338881039623,0.0
209.3400187710398,0.0
96.31149854567792,884.26
143.30717822001077,0.0
185.93732490777555,0.0
122.47963708469368,0.0
207.3410113179183,0.0
466.50829810646565,0.0
262.97354079049603,0.0
330.05148198576177,0.0
232.53458341038183,115.71
145.3262867505148,1451.01
211.913900739093,1322.3
206.22972421729548,0.0
104.4495134707734,0.0
181.80462378813408,0.0
195.56383851080562,0.0
187.41301387359619,336.26
246.30797355950688,601.77
174.20604474401208,0.0
261.19293833063784,553.24
114.29733888105265,0.0
310.39395116962083,0.0
549.4854584983128,2141.92
302.0444740321676,0.0
284.4776555732621,0.0
143.17170104340263,0.0
186.15704567220303,0.0
163.3021766066325,0.0
173.2280922786742,458.28
32.252927230618745,2054.48
137.0653864403951,0.0
93.61760820300347,0.0
165.5830810758594,0.0
309.8498900679442,0.0
116.50990310668433,0.0
174.28602698710938,0.0
186.02624348336786,0.0
320.74071995566715,0.0
123.321510678652,1112.0
145.13328906221832,0.0
245.5481522019497,1554.04
184.30279398672283,0.0
197.66340103573657,0.0
176.33573958909818,0.0
157.6044868544396,0.0
258.0093827382266,0.0
181.98157607120964,0.0
201.09519805809023,0.0
453.156867949932,699.93
263.34008867460744,0.0
122.70070060265984,0.0
492.85978689817046,0.0
195.00868855469105,0.0
348.46507507727324,0.0
437.0189046941284,561.41
203.71217442417222,0.0
252.57619568189622,0.0
123.92311321062697,930.02
276.77959408970924,0.0
163.64066884646275,209.99
166.62400602047097,0.0
187.5457719852324,0.0
279.0916984211043,0.0
133.77854949887967,0.0
217.19192828511683,0.0
128.9746717232232,800.6
40.24066955407208,0.0
313.217573013438,1826.08
78.4457100394855,0.0
172.3710248839496,0.0
114.57259626227408,0.0
91.15865590649481,672.09
230.89181840743805,0.0
479.4891182061155,0.0
114.47916584909493,0.0
196.46853370198534,0.0
63.70206255504,0.0
370.2908241008188,1762.28
247.55639892832858,0.0
123.17896273281882,3094.2
254.80062567344726,0.0
112.28885154916561,0.0
365.9837967233634,1115.66
141.04499283480362,0.0
256.50406908923094,520.37
176.79673458174324,0.0
113.32799232482365,0.0
82.4255371870092,0.0
126.53226173961212,0.0
204.53851752545776,0.0
261.89896598336503,0.0
178.097927676782,0.0
251.9456243879803,0.0
582.1800660622312,0.0
134.6206547354113,0.0
103.61854109892471,1636.44
120.16443707789152,0.0
124.28192731991146,0.0
151.67161263282028,0.0
181.68470668178796,0.0
184.01195695349685,952.87
140.73642263488713,0.0
164.33522352435514,0.0
385.0071325677256,0.0
389.5260707689727,0.0
186.751411315189,0.0
195.84427408417636,0.0
151.16555870379202,0.0
217.77855302446886,0.0
421.64164168159897,0.0
198.92828504686997,0.0
84.53051727872592,0.0
162.23374569796596,0.0
202.12772908870173,0.0
268.42865004355065,0.0
130.35808000975956,0.0
199.79242900902437,3173.84
278.06952903704587,1090.69
238.98662150082131,0.0
137.8871341449654,0.0
147.5695641494144,0.0
117.87012544746511,0.0
184.53242638881713,0.0
202.58308779736964,0.0
124.7035958062427,1792.12
294.5107329662873,0.0
112.75329049371582,0.0
82.43630753316955,488.72
148.95889461625836,0.0
104.79541354852819,0.0
184.9997752990537,0.0
498.79632343397793,0.0
125.05999538946492,0.0
40.3209274190146,0.0
170.592066586942,370.27
191.38493901164736,0.0
161.25365766547577,0.0
216.15875770222607,0.0
252.5586893166373,0.0
137.24354000406092,0.0
117.58500332603398,2848.84
148.6601626839054,0.0
515.992719668123,0.0
119.2133487979179,327.94
306.7268756728416,0.0
169.10182929977012,327.22
67.09902503018158,0.0
106.62757591673684,0.0
239.73772167542924,0.0
362.2692443438104,395.78
171.66039584218464,0.0
43.71635858183257,0.0
230.28754497155109,810.09
301.4688942462545,0.0
137.5023292483024,0.0
129.52704283771908,0.0
107.0201432897165,0.0
122.25425269960408,2581.2
201.80013424702244,907.44
201.63879268887501,0.0
136.59733849509135,0.0
211.46404268147873,0.0
265.1366955352964,0.0
111.22383211522353,0.0
222.16223820597097,556.52
216.8682012797601,0.0
159.43642806347395,0.0
186.45416156847966,0.0
239.72759360347803,0.0
181.9065663068398,0.0
219.33118864249715,0.0
238.6063164402728,0.0
216.71906016280892,0.0
107.99400990853087,0.0
197.06487884609194,0.0
367.0458626744775,0.0
174.3007945297527,819.66
187.4829239605429,0.0
388.0051010905445,0.0
228.9527740232741,0.0
137.54076808013744,0.0
536.8725908053589,0.0
288.67358288864284,0.0
228.68287528796978,1187.11
378.0459527073469,0.0
232.2100530613342,206.58
407.20027351502347,424.79
198.52810869348085,0.0
166.5429090872298,0.0
81.37226563936397,0.0
310.5484827185936,1227.81
121.68086591725223,0.0
83.48149656910302,0.0
153.3004453868301,0.0
114.99723550318107,0.0
95.6290270102433,0.0
191.61182980566178,0.0
391.57890208348294,0.0
154.91109147128918,0.0
98.34854156787651,0.0
228.013049371168,0.0
201.53054893784963,0.0
173.13173968601367,0.0
263.65172052922304,0.0
448.231710762533,0.0
132.66480991440756,0.0
295.6416994766294,0.0
221.83253019005855,0.0
167.11750991098955,0.0
171.2093272788505,0.0
225.18406191092978,0.0
157.07966239770874,0.0
167.11052575102434,0.0
147.8571506393229,0.0
231.740070960903,0.0
142.46858471618378,1806.58
186.48344019321092,0.0
292.45224657129864,0.0
355.1003282990722,0.0
205.75242232673486,0.0
154.9828555856837,0.0
95.58886642560884,0.0
153.21993449615252,0.0
143.34068629908847,0.0
140.5459492494452,0.0
127.49134977540716,0.0
117.03276380254981,0.0
267.9412049833545,1932.3
84.35821509386845,459.56
84.0158850943977,0.0
222.3582070429519,0.0
65.89804190475215,0.0
178.12841390745214,0.0
77.5633296422902,0.0
205.65324769622117,0.0
233.18144578601974,0.0
107.8032012122689,342.65
466.97391614309385,0.0
334.64871514367917,0.0
155.7503281562947,0.0
82.95359485112311,0.0
162.30776559218987,0.0
280.0369058826409,0.0
382.32721872980204,0.0
220.55726087103847,0.0
581.7963078460847,2994.3
119.78556525775403,0.0
153.36941454984765,0.0
344.86007131334964,0.0
197.24533081235532,0.0
531.0612475957873,1425.64
332.9728388838235,0.0
100.96972272805982,0.0
158.82369953276768,0.0
376.5830804580827,352.49
285.98494146977913,0.0
150.96775774513495,0.0
211.89805053875418,0.0
139.70949387504075,1172.6
263.9940344621199,0.0
168.11821819735016,0.0
150.8584751318678,0.0
295.11932929886876,0.0
366.45562020089505,0.0
254.70436456741768,0.0
156.6111553806128,0.0
299.512461824351,313.08
116.89032346376673,0.0
206.25277788652602,0.0
205.60571190730346,0.0
111.21785641450245,0.0
231.50022746801554,0.0
368.88795392346907,1254.35
222.43737545166255,0.0
419.5189948984489,0.0
155.836096551834,0.0
311.1762353905053,983.89
315.56693991025014,0.0
122.15355350383281,1243.32
187.8333808328281,0.0
267.2572564802915,0.0
157.6558019322573,0.0
236.67778654684804,511.85
62.55240866420198,0.0
166.42883552211765,0.0
129.51222340164247,0.0
181.69208870158468,0.0
258.4708827670169,1495.5
190.20622321883963,0.0
151.05219592813094,0.0
114.20210402421196,0.0
262.7647273747065,0.0
111.72427019207953,0.0
331.3962759817828,1705.94
137.60256191303554,0.0
199.0845038891767,2157.79
274.74283396193704,0.0
347.31977799415864,0.0
230.8777735958326,0.0
161.0618135845285,0.0
117.24429232510684,0.0
187.94088943363704,681.25
335.50677956855026,0.0
178.66234124650225,0.0
137.23221548758147,0.0
76.0958206092882,0.0
172.60088865521897,0.0
210.89470865192575,0.0
99.49573364644246,0.0
133.70776560487272,535.58
167.542758071438,0.0
156.87032998806268,0.0
101.68333421509344,0.0
130.33696610560176,0.0
181.55119800040438,0.0
331.9185286700647,721.76
191.49113153854216,0.0
164.07026624466883,2148.92
187.44668638861918,1051.58
343.8654931960577,0.0
119.85814027534468,0.0
295.0047703729397,0.0
253.8756935582274,0.0
152.92718580452964,1886.3
155.13663113276476,0.0
159.22568978391908,0.0
137.64481331950262,0.0
198.194302699727,0.0
173.76437234998758,0.0
68.45801072047554,0.0
124.8321921273192,0.0
242.2871398095953,0.0
90.92352623874562,0.0
184.46222258767725,0.0
175.41159742096755,0.0
194.5941361476228,447.12
139.43517012543484,0.0
130.11201396011617,0.0
493.78698597616403,0.0
126.65220765393612,0.0
198.17913445648244,0.0
798.5829287585444,0.0
276.2206219675236,0.0
320.36203098536606,0.0
275.1005878692919,0.0
239.56270414542377,0.0
158.84625659283515,0.0
102.68890437059983,369.11
107.61254610871462,0.0
328.0595974978257,0.0
137.40544198209005,0.0
183.94278322827424,209.14
506.4623842487605,0.0
212.8438148251854,0.0
225.48771921853015,0.0
431.5518991720413,4521.2
305.8785251222032,0.0
207.18389729512327,0.0
110.4280534941329,0.0
185.41098503237313,245.22
260.26881427875,0.0
338.193411344545,0.0
161.9860871076991,1406.43
213.10167563013297,0.0
151.43779827138962,0.0
668.8099000241016,0.0
152.8968507745036,0.0
141.51972567892744,0.0
378.14164919126006,0.0
48.94442503549604,0.0
58.69539678681914,0.0
132.52880762409714,299.61
108.52525458140957,0.0
352.93299697813615,0.0
49.66627824994166,0.0
17.2477845234921,0.0
106.93371983901132,0.0
186.18059899092725,0.0
360.2847982890882,0.0
188.4329624586762,0.0
213.88284314204415,0.0
229.3472299314214,394.75
120.69544128258089,0.0
82.99789746171346,0.0
241.5812733941644,0.0
267.35786116467585,0.0
350.61476066095673,0.0
150.6011502217709,0.0
255.38657256652647,276.27
161.051426297698,0.0
237.8588427847207,0.0
277.16972921209145,0.0
190.89803314190232,0.0
143.08360187735235,0.0
142.52428432980278,979.86
315.18694026750836,0.0
251.48704311129742,0.0
181.32707560147279,0.0
292.6750850478836,0.0
207.74720098428222,0.0
491.7605228721977,1096.43
251.9150320610567,0.0
133.83013559941796,0.0
134.62346623419248,0.0
195.93832944084198,0.0
118.8147034711921,0.0
150.91741754838057,0.0
192.75073344815945,1389.69
239.33290375652263,0.0
235.50347544526642,0.0
362.52903697217806,0.0
139.48197245331008,0.0
224.1650668632526,0.0
67.49751013201302,0.0
200.29444987050545,323.65
164.55879795823088,0.0
138.1809282189988,0.0
231.0134732211575,0.0
138.99759583020239,0.0
117.00085115961149,0.0
148.6465461172526,0.0
100.48770981424904,0.0
134.75863228885308,0.0
210.81431713164412,0.0
140.69126771080056,0.0
291.20142010462655,0.0
242.69373448774817,572.96
118.35027952227617,0.0
158.33674387942247,0.0
200.01717658578707,0.0
95.30843362193511,0.0
156.604161583667,198.48
204.76091794274174,0.0
172.78236848404973,0.0
222.00355166440983,0.0
77.55514891821508,0.0
325.9158263244422,0.0
154.2501329948795,431.31
367.51670519634774,0.0
136.75097796807444,0.0
392.1963748494472,722.83
174.1486839714367,0.0
69.7043916339307,0.0
138.8251230221768,4113.12
161.52108616715216,0.0
219.7973895525496,0.0
138.88001381776132,2068.98
519.242460366893,0.0
197.82235742861357,475.29
182.13763646628348,0.0
295.9204187661964,0.0
176.0430758674988,0.0
131.43981472571033,0.0
246.34206639554228,0.0
100.89318069244574,0.0
103.49583311329607,2189.09
190.97900134997877,0.0
121.10535600170181,0.0
315.04038471875924,0.0
276.9033742103009,0.0
380.84594360245177,4316.36
205.42121753288043,0.0
126.77454790701016,769.72
211.11436385382908,0.0
156.15506595706267,0.0
175.8813551974161,1546.22
250.7191851475307,0.0
189.03350277646882,0.0
323.43080860768805,812.45
223.4730269709104,0.0
210.072134513258,0.0
217.8959134688349,0.0
350.4324868906258,0.0
123.44875668755039,1216.8
125.65694961478853,0.0
176.86010644282285,0.0
200.29876411596038,0.0
387.9426052998724,0.0
294.36343993347896,0.0
70.51283307943497,125.14
217.2020198646775,0.0
57.24006527382321,1128.71
229.02846829337062,0.0
100.28119951123348,0.0
117.70430729317474,0.0
69.0501385769892,0.0
320.2766713934051,0.0
192.00468934448432,0.0
197.6722238679876,0.0
177.28639128308674,0.0
140.0768571249356,0.0
108.2361215904258,0.0
50.80946772588996,0.0
263.80950905049235,223.5
247.17937288838687,0.0
187.79170411326217,440.69
157.82884089373545,548.97
160.48934262519387,0.0
182.77995733049264,0.0
272.0637455157639,0.0
207.64723449512695,0.0
135.69237944972818,0.0
212.69802512561392,0.0
287.11992461210974,0.0
242.15197431140538,0.0
192.20116315529341,267.88
119.64241188796224,855.78
406.26398828201104,1163.68
170.82311315455058,575.52
167.5892172776063,314.18
126.27770044086617,0.0
336.4161253886231,172.55
172.62281307772798,0.0
285.5521007855262,906.91
117.30045666253,0.0
365.769003348604,3252.04
159.5278445627112,0.0
553.0133459486899,1410.03
182.2828008490348,0.0
180.84587217459827,0.0
142.4949437730029,0.0
225.17731572514882,0.0
144.00524964711215,0.0
112.32556381179613,0.0
184.42361206670503,0.0
369.9213982828653,372.32
349.7013881294383,0.0
148.53563065792267,0.0
272.5373341859949,1287.35
232.51637660245015,0.0
235.25887682241148,0.0
234.14104249556496,0.0
107.09186603001646,0.0
242.18140771525174,0.0
350.1689574198676,0.0
124.12648563275502,0.0
137.87084278068403,1010.28
155.45026457392285,818.82
229.82566808270582,0.0
210.11613151066223,0.0
384.065897428063,0.0
112.0105302843243,2136.36
126.57902820201434,0.0
244.11877543276088,0.0
98.42707434035653,0.0
252.50067570747967,0.0
184.32739374069894,0.0
129.6320686742764,0.0
179.23656713091776,0.0
142.35781030959637,0.0
225.0386330068423,3056.69
291.09277820663846,1026.76
147.19096801918022,0.0
154.37688952530922,0.0
155.96444333536985,1780.3
443.59691812336314,0.0
188.39809945556433,458.22
334.22316211673717,0.0
278.02790192355076,0.0
118.77532141990181,0.0
392.0916106204765,0.0
223.9256203755135,0.0
240.1172067063439,0.0
127.2543850625548,400.86
317.00550155006664,0.0
143.79611639535304,0.0
176.23927142939255,0.0
158.51585946326787,0.0
185.41731099790417,0.0
211.5501927464765,1999.16
366.93305311655746,0.0
150.8065511989936,0.0
65.85821930025332,0.0
246.95881577498005,0.0
130.69466358565208,0.0
264.5993477733675,0.0
235.44777200527906,0.0
143.80442952353548,0.0
254.4233837689738,1236.75
124.18434268792268,0.0
85.14055866461761,0.0
104.96852744251,0.0
462.0097548788576,143.89
243.9192729951141,1057.97
298.9255859200029,0.0
169.65909123522195,0.0
101.34948500896283,0.0
342.48688492666525,0.0
184.0068160500999,0.0
241.2217259629655,1517.74
159.71942400365583,1973.11
704.8527885,0.0
78.73551416816812,201.76
169.3313057695238,0.0
390.90154050005225,0.0
95.0531915689558,0.0
64.99252284432269,0.0
172.09141752829416,0.0
223.15139857462117,389.11
169.14575141459525,0.0
159.0235178499327,0.0
187.563198729995,0.0
132.28234410571977,0.0
303.73038017140954,0.0
139.48668768570937,562.37
167.7283627181694,0.0
172.6452474132803,0.0
158.72179895725972,0.0
259.8125942493666,321.02
208.70437270431893,0.0
190.18203003722152,867.6
128.17128647069345,0.0
137.9599081194155,0.0
182.04159205350504,0.0
151.23794770816158,0.0
126.74599326338942,0.0
207.41444140668793,0.0
105.50304080679884,0.0
201.84903528082862,0.0
120.49106775154195,1220.37
181.0855242892919,446.62
143.14408093232996,0.0
135.85739110533225,0.0
877.6630378301872,5403.88
258.1698264636564,0.0
71.17418734998635,0.0
162.14000559361605,0.0
169.95924981455676,0.0
101.54278508156749,1007.34
340.6808641458773,0.0
152.07588967333754,1196.97
130.57365381017584,0.0
647.5902244369397,0.0
235.8770455292415,0.0
203.49327957741798,357.4
170.3257581229167,0.0
212.81848348580928,0.0
123.82483309109344,2159.73
224.0272831302592,0.0
245.8983591760903,0.0
66.6206414030851,0.0
102.18190716612602,984.09
104.03259220308557,0.0
266.7035537541598,0.0
756.3860410487613,0.0
166.61495573395737,0.0
193.05684464734227,0.0
107.90949406906654,0.0
186.32766283286668,0.0
168.66800037250127,0.0
103.55563823734744,1649.04
283.98578453374483,0.0
361.9962573831957,0.0
190.58548893420001,0.0
157.28582748863403,0.0
103.6509652925236,0.0
82.85220220210043,0.0
172.54565821469842,213.52
98.75672278825883,0.0
256.16909836570187,0.0
173.5883404382499,0.0
139.08302640901817,0.0
508.2210229285046,0.0
208.4385664819191,0.0
99.66282881492307,624.12
319.62801266092947,0.0
246.14861524063332,1182.35
191.56723718047076,0.0
336.0958896812297,0.0
221.94267938736152,0.0
115.67510259468169,0.0
341.14336588153697,0.0
318.834070119012,835.58
77.06849643962309,0.0
190.1295742723209,2669.54
158.5036988407308,0.0
189.47776076418538,635.15
110.97340268048362,0.0
188.80212258737907,0.0
142.5405724337354,0.0
298.6092341195655,0.0
208.62121162686734,1661.47
138.1898990631846,0.0
171.65942429776385,0.0
230.72280738689503,943.93
118.47368608306913,0.0
188.98714976599686,0.0
272.99346629295184,0.0
159.61851226816498,0.0
236.05797413541063,0.0
90.82303042682719,0.0
93.11892976726318,0.0
169.70463137722547,0.0
90.43722298648443,0.0
175.59789230412372,0.0
210.65544500536575,0.0
182.83560529175057,0.0
124.02570934937424,0.0
83.50846082543245,0.0
120.82904726120917,527.5
96.7072123480393,0.0
224.4612046333679,0.0
217.49531009372842,1521.97
226.4612627792182,0.0
253.72953950617418,760.08
259.66630398224214,0.0
137.76064168901112,0.0
148.24220461359232,0.0
103.60161331193284,0.0
220.39957047897224,0.0
182.8899506172612,0.0
174.5640531597192,0.0
194.84590793089643,0.0
209.94416151910266,185.12
182.42114485094393,0.0
521.8452751016089,0.0
188.41283628043917,0.0
128.1638649848534,0.0
166.45318528857464,0.0
258.8732265589045,416.51
186.66074721953788,1935.12
76.37469870014492,0.0
141.84038922156927,961.31
108.34845230071284,0.0
218.6316588563783,1060.09
245.58743347478682,0.0
148.43104609740607,1587.52
189.386199711948,0.0
66.91048822977942,0.0
73.53492795899436,0.0
376.5486647120489,686.23
107.80804944624434,0.0
308.34277596158245,0.0
116.52190427954768,0.0
295.18111464608984,130.93
151.609305836818,0.0
241.8229839930462,466.45
237.921965976952,379.4
156.41039602284653,0.0
330.9251313804968,0.0
320.02813541948564,0.0
69.1673267456801,0.0
125.81400232638036,0.0
151.15403853663597,699.4
312.1063121240126,0.0
99.7725803741216,0.0
102.45911662778936,0.0
120.60606901398351,0.0
366.6303683687446,0.0
80.48666985829072,0.0
286.791153096383,0.0
158.16221722332025,0.0
121.52394103316362,211.23
183.5277235908351,0.0
223.71196809865774,0.0
175.0883885135868,0.0
137.08408787040375,0.0
216.02401372027808,0.0
100.79854435834673,0.0
155.20703057063199,0.0
171.05296292618414,0.0
168.66944432422596,153.31
159.72036205204554,0.0
142.90386790034137,0.0
83.28635377852112,0.0
210.78211293658305,0.0
149.80940822600374,0.0
195.04436090668088,0.0
117.67388909187407,0.0
212.39382112240963,0.0
174.21797174399236,0.0
331.02798519568586,0.0
434.64105873475364,0.0
488.61758704160525,989.49
126.89676224154431,0.0
133.2464975836278,0.0
128.06800354651668,0.0
156.54974145165517,1124.5
164.50962340519152,0.0
155.07381359190285,0.0
283.5029763589679,864.21
74.55523088373207,0.0
267.97439834948,3919.84
138.06371434595036,0.0
135.72332562646457,0.0
287.09217545866215,0.0
316.56029937382084,0.0
123.33109371548076,0.0
105.93163825201898,0.0
185.54591426263082,0.0
170.11221842424422,0.0
271.72257069379526,0.0
223.16386611333112,0.0
179.04670361278787,0.0
282.1361466492637,0.0
306.8927424457975,0.0
128.6904351466063,0.0
186.43046169361008,475.34
130.42445287768825,0.0
233.31915989710774,0.0
334.40599374516904,0.0
183.95798369663905,0.0
112.98494528139403,0.0
103.97705170294553,0.0
153.80384372940256,0.0
97.6046439936602,0.0
130.26158402014065,737.58
135.23829867267534,0.0
321.3144067305431,1570.18
139.3056063724318,0.0
117.66251269119986,0.0
341.0371004925446,0.0
93.67638986236159,0.0
94.22748294487107,0.0
107.22385234707914,0.0
272.39519333302087,387.57
240.45780799589457,0.0
97.08587890964972,0.0
222.73258243416984,0.0
156.25028386862368,0.0
99.15986704640058,0.0
215.74505693039873,0.0
112.65857332080182,0.0
105.29658103702951,0.0
278.1989904763379,5197.5
219.37785096812593,0.0
125.65183247400068,0.0
190.07608038725215,518.67
195.46767780027434,0.0
153.54594341938844,0.0
222.7210755849802,0.0
133.88892050000757,0.0
398.1520104001962,0.0
288.3668111381192,0.0
236.53889359359104,0.0
162.22463492098908,393.45
241.59022251414518,0.0
191.81325456981668,0.0
215.84570418119114,0.0
126.71676553572178,0.0
260.6857654375382,0.0
148.64075253447064,0.0
118.57558197799443,0.0
310.5915094617668,0.0
181.78827256101363,632.96
94.11269395711484,0.0
177.36322209162455,0.0
112.1290743267063,0.0
794.2951536698971,0.0
106.43740219647408,0.0
713.4931119216934,1323.22
201.79356342926013,0.0
122.75387341649447,0.0
223.68318926555523,3695.96
246.68955151327276,0.0
127.91891118332286,0.0
226.94131251409016,1820.3
206.15795425331052,1458.08
142.18296489519503,0.0
157.4715455117933,374.67
395.27696299784185,1217.28
123.96084724992801,0.0
447.6667013132108,135.58
306.41250407286645,0.0
395.28278582743366,0.0
265.25984144511875,0.0
86.86812042908193,0.0
105.00962903236548,0.0
116.36918576775881,0.0
210.90546006196638,0.0
291.79110885712265,116.96
130.39559449972742,0.0
204.71744698583228,0.0
189.34499228643497,0.0
208.51080328649536,0.0
194.17277538751765,911.24
196.7658311729124,427.05
310.3328116849741,0.0
377.1798345234019,624.75
231.42456338926428,0.0
165.1762265528189,0.0
97.25355890310304,0.0
229.38418504457323,0.0
250.50669939059745,1133.37
117.84948951050082,0.0
224.8392346723088,0.0
121.12338969513992,0.0
231.7109324955312,0.0
125.14660054122093,825.37
107.41281877729674,0.0
112.02456175881386,0.0
104.0428966105416,0.0
89.51380091472006,0.0
118.15815388462485,0.0
224.5075265113745,0.0
320.9803295509293,1300.66
246.85623754849857,0.0
195.06094808141296,0.0
300.1539981237445,0.0
173.92122518247612,0.0
137.63604990689058,174.87
183.89145797933568,0.0
325.962222949172,0.0
238.62622617770072,940.77
135.9524322312455,0.0
217.26361681176346,0.0
126.2091289275518,0.0
130.29852414395995,484.9
563.1869666121969,0.0
312.3705628239408,0.0
197.56566722157564,0.0
149.09903958412335,0.0
134.62106992307565,0.0
207.0531143163002,0.0
53.267612034208,0.0
242.8597250143955,0.0
257.5697858282195,198.63
155.67263401778462,0.0
272.7149592166437,0.0
301.37308936192176,0.0
379.5136779368875,0.0
176.2367661719092,0.0
182.2866323778243,0.0
165.59879862862377,0.0
292.53104442799673,0.0
351.9128009198429,777.76
169.20677144259486,0.0
235.15422613797318,0.0
168.43952773643792,0.0
105.43635336268804,0.0
171.97369887253677,0.0
110.27605030184576,1665.02
156.83735629674555,0.0
172.18919959343464,0.0
356.681484923087,0.0
299.64250755180484,1558.41
22.77650042186291,0.0
133.1806829142413,0.0
243.87439169441578,0.0
200.6168712821092,0.0
248.54676115037884,0.0
144.51364474364917,2701.26
139.42759751696133,0.0
199.63122064776874,0.0
217.01775209748146,269.21
170.61648668063643,0.0
184.9130677530212,0.0
143.46486063557228,0.0
116.65411986332614,624.13
97.3695790936683,0.0
175.36426403657487,0.0
189.0262238434154,334.09
88.65375619764963,0.0
217.31814968577225,0.0
227.49723610330844,1671.68
238.220977446372,434.3
233.14821525649262,0.0
158.2430093550653,0.0
171.07173531462414,0.0
228.8812183582737,0.0
282.9940483716969,0.0
379.8593428261247,899.43
233.97563846366418,0.0
164.45873458865222,3225.56
145.16946969296941,0.0
120.65202278344843,0.0
160.16751649637365,0.0
217.79109081476818,0.0
133.9355565643904,0.0
166.2201466609053,662.28
127.99505165246988,0.0
153.5283774675434,0.0
190.07257648790613,0.0
242.8567343721948,0.0
170.30092236403593,2274.3
153.74423021138642,1829.74
317.7951035156774,2001.97
122.89295247107144,0.0
194.0339862038934,249.05
260.9640011633635,2739.12
143.11892842423754,0.0
193.31509657865564,0.0
89.99561434946163,0.0
122.99745470123119,0.0
128.61444782161666,0.0
76.23003221907976,0.0
163.2272502408838,0.0
296.9153344791704,0.0
310.49311095012945,3306.4
111.35400861269852,0.0
147.18550707504673,0.0
219.03638648794765,576.06
212.8224733387401,3236.8
277.9392797015417,0.0
190.37450733123427,0.0
97.53515957112901,0.0
187.2481886692347,0.0
236.20039546805697,0.0
140.69031060330875,514.07
153.96947264547592,0.0
99.28483566605858,950.41
177.33990092205778,0.0
144.3554466437467,0.0
247.7624450592719,0.0
178.24656828968926,0.0
283.8725035851295,0.0
125.89886764184067,0.0
239.85295078045723,0.0
163.7356600300393,0.0
142.0715388801588,0.0
226.5897499988064,0.0
91.2747158280237,0.0
75.68876216359682,0.0
99.16016781372771,0.0
138.70109541600365,0.0
264.8418653183082,0.0
223.16427704808495,0.0
128.40894523168564,0.0
310.257460174157,0.0
265.9901658762518,0.0
535.1167521244198,0.0
231.8490372151696,4172.71
268.95128563653475,0.0
179.1907951801899,0.0
142.17685428814855,0.0
204.47572947999177,0.0
207.55648264525306,0.0
228.45857578965615,0.0
264.7369281109811,0.0
227.1574872187776,0.0
129.8052194628904,0.0
510.3622147275216,0.0
212.3581547232061,2019.25
83.05227561332843,0.0
164.68147518148353,771.53
157.22437098756046,0.0
206.98497142482148,0.0
215.38486055250897,0.0
149.35930272335222,0.0
194.21756392367195,0.0
72.20427405606279,0.0
206.1875929022001,0.0
377.8164152253599,0.0
233.41960044831853,1456.54
181.58417993748307,0.0
149.59952009632366,0.0
189.56333924047317,227.38
230.6339221256849,0.0
266.06747220840305,0.0
212.92153789493133,0.0
228.2448091065727,0.0
251.82668305746796,270.74
156.28983640266276,0.0
176.9020913195052,0.0
159.12909924288462,0.0
111.81424397744662,0.0
243.84034134307606,830.18
198.1385053855151,408.38
450.86979320246763,0.0
308.7491024371784,1653.98
234.6343099048886,0.0
178.25281046062315,0.0
133.7625888077127,0.0
534.4171321727665,342.27
182.0319435188518,0.0
222.22855380001468,0.0
144.56253247776664,0.0
239.84611322930414,2767.05
110.35697057689114,368.09
91.07218958330922,0.0
214.47834626784118,418.86
140.9618586193343,0.0
134.15158960935761,0.0
265.8764701017253,0.0
233.33881134621106,0.0
193.6068858132787,0.0
223.55525574505586,0.0
235.3282147405476,637.33
93.78364387708173,378.93
218.30408214384332,0.0
150.01553426525913,0.0
28.972151244356606,0.0
82.59332999898292,801.98
156.0849638839153,0.0
157.03267638776717,0.0
491.59087950058654,0.0
119.40503800905933,0.0
394.51340980809266,0.0
303.6627786869836,0.0
122.1758695098113,631.62
151.64758569000662,0.0
242.2404876271282,0.0
107.24758500516285,0.0
64.78252012816245,0.0
117.66163757846131,911.82
358.1527054912617,0.0
95.15426973780755,396.18
92.8590790360528,0.0
377.3722992807963,0.0
356.3754351042019,811.45
159.20137314585455,2222.29
165.08927816302563,0.0
288.2099343347417,0.0
361.03849206738715,0.0
117.81828908650832,0.0
238.8596941562298,0.0
114.92570079080352,0.0
69.77909522852913,1093.8
146.05034824589194,0.0
227.4643139279103,1042.25
170.54025858286198,0.0
180.76005728742402,56.92
122.66990413548588,0.0
130.09065236962797,0.0
136.25308946281055,0.0
32.92887273949505,0.0
235.8751145949463,1278.27
89.16610610127589,0.0
472.9676539727123,0.0
318.0736380768079,0.0
248.56384411715905,0.0
83.31567066263187,0.0
131.11462344869898,0.0
101.61446688215527,0.0
222.41103726270896,0.0
75.68623922819249,0.0
157.74888396394755,950.12
285.02478368299245,0.0
102.25668236673813,0.0
124.63056430707657,0.0
431.19821075132677,0.0
151.5823835244639,0.0
124.01602607823935,0.0
118.05396640658506,0.0
109.82219812265234,0.0
358.1534458853376,0.0
342.8974732472512,0.0
128.82043612722958,0.0
115.35382571796825,0.0
262.27509689847193,0.0
160.3843966827696,1272.44
103.72267786459633,0.0
228.36552954533602,723.82
105.88719548668327,0.0
262.33522570107624,2020.81
131.38458173159512,200.76
155.5411321957069,0.0
212.20549999940886,674.73
90.50809370526676,0.0
375.31691334787,455.24
148.4284329592659,226.9
552.708417497879,0.0
311.5292581560769,352.31
237.0491415864828,0.0
157.60443555069926,0.0
209.45922014736317,2002.95
206.02625970950336,0.0
131.0366756822727,0.0
259.66306163725085,0.0
291.06684326736894,0.0
115.78489489912045,0.0
437.3153282493323,0.0
89.5666966900531,0.0
199.0684275909916,0.0
120.89364288297082,0.0
141.72639738531467,432.04
280.9591227268589,330.12
92.04746389882061,0.0
124.91409837903576,0.0
55.97230558338748,0.0
183.24354134187013,0.0
271.99759955274567,0.0
249.93696510375915,0.0
222.6210364606871,0.0
236.3479473522798,4541.84
199.99226145855292,0.0
224.8987734955638,0.0
207.1640364010682,0.0
444.96953367273994,0.0
170.91888803629172,1516.29
133.75159440036632,0.0
189.34807361613028,0.0
237.8619699831342,0.0
282.73532021038164,0.0
169.88276835593248,0.0
366.08422593564933,890.15
374.15193978590366,0.0
132.46504132047843,0.0
140.7021511283172,0.0
135.70662666631065,0.0
152.87807605018295,0.0
137.7609502927049,0.0
119.165757597909,529.78
204.97720848483505,0.0
130.0365540701906,0.0
409.4701118096676,0.0
328.85202837400294,0.0
549.4649417173865,1204.42
425.8584070398307,0.0
203.91194693906567,0.0
83.4110309648576,0.0
150.75451565055278,0.0
186.9713342538078,0.0
112.47623566317681,0.0
147.0274885697561,0.0
178.716307865162,0.0
118.48661773226685,0.0
230.10975784033923,0.0
227.10073804791284,731.91
318.04048306331265,0.0
163.10778245326583,0.0
91.19467923090238,0.0
209.3142634381839,0.0
97.27143954833248,0.0
301.44779012685746,419.37
554.5817064167015,1286.14
143.77911307980185,0.0
157.2511233781824,0.0
144.43914253580374,0.0
262.8516753179773,0.0
269.8870716027505,0.0
116.64365268441662,0.0
153.54792518395345,0.0
122.85740202933448,1311.33
35.967441841663614,0.0
99.12948470377673,0.0
356.6993244713473,0.0
270.20593877632786,544.97
199.4622118225634,0.0
217.26317248981087,0.0
332.85623570016884,0.0
305.5032078853975,1017.68
246.8449126417462,592.99
88.3354854836441,449.04
232.60311185822835,1107.53
333.69212621806196,0.0
164.93549149685418,0.0
181.49763052971213,0.0
87.36410805050866,0.0
200.51166828917206,0.0
140.38011486953792,0.0
119.72204011562792,0.0
212.64653129060582,1062.61
203.50817212597218,0.0
373.8314667291593,375.17
120.6865945275137,0.0
184.5360576876436,4066.84
156.7971068749183,356.4
123.35894299460398,0.0
450.69010196948415,0.0
426.65931740336947,0.0
232.7399448287992,5284.56
219.84889917109007,137.99
115.72991137825028,0.0
240.57426853671217,0.0
190.0317731241285,0.0
107.13478567849978,0.0
188.2470303395716,0.0
159.51341862208744,0.0
145.88107696771073,0.0
215.9079956165675,0.0
108.11927144902424,0.0
134.1422296239719,0.0
291.04203021303925,0.0
154.85741690370938,0.0
288.94236891943586,0.0
176.85030697872892,0.0
322.32536447610454,0.0
170.6181400693662,0.0
81.18982980759804,0.0
119.6514044317518,0.0
146.81624036351013,0.0
273.02633424181863,0.0
183.52829990772466,672.26
162.6813862224569,0.0
127.83970736812498,0.0
1439.1816364678082,0.0
106.58552140422557,0.0
334.72139538935846,2922.54
191.3638543864437,0.0
209.0827281146468,0.0
332.4072858203923,0.0
197.8709814935932,0.0
220.28579150802273,0.0
97.14960854458734,100.42
279.9468011323297,0.0
163.38455644292105,0.0
134.0529104210114,0.0
148.2320521775718,0.0
222.86441324887215,0.0
123.90431347535015,0.0
313.6019605997533,571.86
164.77841900579077,730.74
218.89551755513705,0.0
113.02085975389105,1445.28
269.14638141143143,0.0
261.87163966021865,0.0
77.0669002698559,0.0
83.27317957517292,0.0
217.35964246430495,0.0
150.88973633266392,543.56
121.82862757562866,0.0
112.2599961694145,0.0
160.381373144318,0.0
76.37325431659805,3199.5
152.30500923703877,245.96
209.84446204200214,0.0
79.88148708564862,0.0
182.34259921283095,0.0
147.20019332504754,0.0
440.7864992396143,1439.18
139.81125431581148,0.0
315.4893487137247,0.0
179.7888932598888,0.0
134.3865175821642,0.0
136.47379217766255,0.0
218.01020736115822,422.15
279.0468253548554,0.0
310.3325246730675,0.0
121.3858040112495,0.0
203.33049724263734,0.0
229.811870731469,0.0
160.08153347241958,0.0
225.23510977794737,0.0
212.0612961477628,0.0
248.22080310393778,0.0
562.7878309934941,0.0
239.79626871708504,0.0
261.79303507031847,0.0
283.7390254048529,1554.39
212.17417961148368,0.0
724.4403064591177,0.0
109.09197410964887,0.0
497.95469212801527,0.0
71.34019488863741,2687.6
359.8349728259518,0.0
109.28528672824724,549.28
355.27150893647655,3233.94
209.13883589072518,0.0
203.31157353481058,0.0
102.83578948068386,1745.97
129.7696293824554,0.0
217.88749134684397,0.0
363.3041085251202,3681.06
219.3877625573758,608.26
88.23223505416041,0.0
101.83574597811055,0.0
377.05415913521574,3723.94
261.8315445185381,2684.98
219.59641844031293,0.0
187.0252392375995,0.0
286.68618361423773,0.0
242.73109754354186,0.0
339.1713980526001,1760.14
193.27039565099142,0.0
916.8621443482274,0.0
190.06757161225497,0.0
168.07937890006949,0.0
210.46680290570936,571.03
100.75432540639358,0.0
214.21792747594603,1549.66
175.53439760748208,0.0
98.56381116482667,0.0
128.6121536813428,71.02
132.42910423913796,0.0
600.2578610018622,0.0
152.60638394011184,0.0
192.0626155675713,0.0
614.1455710203909,0.0
309.18013491821006,0.0
137.30789100793365,551.09
183.6478596484497,0.0
215.68286492552474,0.0
106.2168243645255,2808.09
180.71566848328223,0.0
215.43182414576629,792.99
173.68637571715007,0.0
222.82815847410825,0.0
169.828789889716,0.0
143.29283802788643,0.0
256.74754082441655,0.0
270.72919210526555,363.36
161.87057461303073,0.0
164.3086519136883,0.0
88.06749928850952,0.0
99.53587945515935,0.0
210.0167382031545,527.83
234.9232173299745,0.0
505.3623018724181,2418.83
216.6633749298144,1310.28
390.06028747331817,748.08
213.3545045713445,0.0
205.93754512798102,0.0
265.65990910977695,0.0
93.06525181155111,1704.11
130.54429821324146,0.0
166.24420993183867,632.0
166.27857137716066,0.0
135.71388285777857,0.0
196.08377447770079,0.0
249.72265150579918,0.0
213.08984257842926,0.0
194.2485419156924,0.0
240.16334633328842,0.0
247.72848691194923,0.0
272.3824535846849,0.0
213.86854502653188,0.0
247.86688853660053,0.0
120.23572783702062,0.0
117.92565434915367,0.0
563.295406161446,292.53
125.21161315168189,0.0
111.8771480607948,732.31
251.93336888918424,107.66
168.55192938841282,0.0
91.76271963182134,0.0
130.13405184437937,0.0
291.3946989166842,0.0
201.8311457793915,27.7
142.2532351010131,0.0
437.0271188984167,385.6
236.2524244847009,0.0
259.17594940852615,0.0
133.59275307388077,0.0
224.59308194244625,0.0
176.30198020316428,0.0
88.8348496915088,0.0
147.781511801506,0.0
273.44181918840206,0.0
165.09665303004175,0.0
124.49209112727644,0.0
181.6405814614661,0.0
553.3240679846955,2123.48
140.24193975053393,0.0
128.08895073339403,0.0
403.35997616254286,0.0
230.32409987121576,0.0
164.5031050067499,0.0
242.42794863324093,0.0
164.7959887737196,0.0
127.82631034881103,0.0
137.5802682217889,0.0
205.14914279129604,0.0
102.0771181291056,0.0
239.22534330194364,0.0
265.8173942294857,0.0
206.8554963158232,0.0
249.8257783574424,0.0
218.87310455938996,0.0
251.19870296974926,0.0
174.32888755511004,0.0
151.4141691992833,0.0
227.09810253156493,0.0
508.8973422056614,546.22
134.81574886318114,0.0
146.83399654963054,0.0
167.1834146495915,0.0
241.49710149687326,0.0
274.6846872963813,0.0
85.46729080753452,0.0
117.12005847327278,0.0
193.32851563128344,0.0
69.85308151533242,0.0
103.5056919900682,0.0
199.18008469400496,0.0
149.53417965944644,0.0
250.24995265972944,538.33
291.0035923475688,0.0
133.953324386727,0.0
193.53152662791823,0.0
153.22873583183025,0.0
224.768859381894,0.0
80.04365645231499,0.0
259.2252679056519,0.0
176.18893365345355,0.0
79.66746838240033,1023.62
202.78676756072227,1457.14
491.4836961816656,892.06
298.25260362142325,0.0
97.07441038977242,0.0
330.0516347658569,1849.29
161.5798641260262,0.0
105.60224412836276,0.0
187.4745997060963,0.0
154.6670719085374,579.08
184.078836825506,0.0
420.41179515451955,0.0
190.95080924854037,0.0
172.38689787810887,0.0
481.8678701657481,0.0
107.18262007910381,0.0
294.21842669287054,976.6
288.43365498101775,0.0
184.80419242623196,0.0
139.60259441984198,0.0
130.61177864311574,0.0
99.83475253084534,0.0
153.72340900578754,0.0
199.7437150371301,0.0
148.0785029420168,0.0
216.9972306539421,1708.8
231.86677721794615,213.26
248.01322219341762,0.0
147.76686844447735,0.0
199.4401567476296,0.0
114.6581129944413,0.0
52.28851010991838,823.06
187.6855959100227,0.0
246.4205256863572,0.0
318.16533857234236,2916.96
217.52869105961813,212.66
155.64399114509087,0.0
284.53932703022616,0.0
190.55663143474627,0.0
316.5642573517835,0.0
507.12643596776417,0.0
148.15699905929173,0.0
132.8609582690742,0.0
94.82391752678596,0.0
175.40564755560374,397.29
145.0892944893311,0.0
316.1999098039662,0.0
418.1003835275901,0.0
216.69181713481612,1622.78
219.14338663242907,0.0
264.766481285079,655.95
314.10321110195144,1570.25
227.79348280922292,0.0
82.9488035561974,0.0
153.39356724971836,364.61
162.03657204321638,0.0
159.2077815347092,0.0
259.2505808486302,0.0
336.91679624184127,0.0
424.16231964230764,0.0
151.43948795122017,0.0
748.4481936508395,13122.15
249.31399739024388,0.0
170.61764678280224,0.0
140.68711303543208,0.0
213.94252971011176,0.0
135.87076498538121,0.0
246.9154304302225,1581.4
126.12755265267003,0.0
245.6381677492813,0.0
108.93879725448299,0.0
224.38627412432118,0.0
428.84161421739,0.0
378.6017614348488,0.0
200.47102504573502,0.0
105.33185863037454,0.0
301.9382898739053,0.0
179.84081834991107,0.0
336.33505175022196,364.89
207.69488802511214,0.0
52.84430884081347,0.0
186.88919692975068,726.57
211.40742630381922,325.53
150.2728162189558,0.0
287.08460570466036,0.0
254.71147811053515,0.0
162.65897041368274,0.0
197.70159099793364,0.0
158.8463393986285,0.0
295.9001923394831,0.0
122.31776698800144,0.0
229.55899468481294,575.11
137.64570826717213,0.0
328.7602573631381,0.0
183.9029202862895,1537.83
225.4412457077858,0.0
198.27345871079203,0.0
186.48330282097507,347.07
191.9320039954576,0.0
207.78512366447004,0.0
196.13686094738108,0.0
72.74567110851557,0.0
205.93685479185655,0.0
222.8350766301622,0.0
260.52538509360465,697.86
153.44228759738752,0.0
171.3266078034035,346.37
228.20645570788196,0.0
152.20909564102098,1361.86
151.19511685019341,434.76
467.6914990600859,0.0
128.71523438889918,0.0
315.8001700217223,1216.88
82.72918772011853,897.31
135.0048612803067,1435.27
244.83915146836264,0.0
277.29212872234365,140.9
106.34940023652536,0.0
101.21961623001663,0.0
129.1582452339376,0.0
280.78922528584803,0.0
164.15872450141828,0.0
168.46918208028464,1031.62
24.992400797847033,0.0
193.32078171587287,0.0
198.77929388668116,0.0
210.76157075128492,0.0
114.66412045748979,0.0
109.73149508789088,0.0
172.3908261019144,0.0
176.84902074143056,0.0
214.35334709297882,0.0
171.90817252910216,0.0
142.34347895923202,0.0
264.16948175439967,0.0
204.77672724105338,0.0
54.08946062641395,0.0
152.78808453052866,0.0
197.60039217424972,0.0
121.16466354714669,0.0
310.5708188228086,0.0
129.01241116698588,0.0
124.99896002947122,173.29
175.50553595740664,96.76
215.02211222373933,0.0
244.82524242623023,618.39
103.41868513440534,0.0
91.03217442889101,0.0
95.45226287292081,0.0
127.94388149431428,398.54
191.48344588669215,0.0
138.26997949388382,0.0
140.9503067373723,0.0
237.81560972214635,0.0
131.3300388336582,0.0
185.40090638846448,0.0
186.31008799907008,0.0
347.5893368518758,0.0
158.63971659991472,0.0
246.86156245811964,0.0
79.90904067546028,0.0
365.2523802058278,1237.23
220.9986684257078,0.0
156.81704048123595,0.0
338.9446222059911,0.0
260.9307824294384,0.0
155.2712763855007,0.0
56.99492748470023,0.0
119.60994378614286,66.43
229.18075903426475,0.0
156.69090913547512,0.0
327.6628596512879,0.0
135.94346300504563,0.0
226.46328999067356,0.0
176.18985292622426,0.0
280.3738809939098,571.91
143.20805801818872,0.0
146.56601585230146,0.0
181.36756079935083,187.06
267.60925111535033,0.0
90.72188859535943,0.0
114.59445728362806,0.0
33.18332254852075,0.0
225.72263440621515,0.0
128.18387938841573,0.0
198.19377842081892,0.0
77.54006483865753,0.0
260.04806654715986,355.84
99.03267842962612,0.0
331.6581910202557,2124.77
363.8020156674473,0.0
208.76015735253932,148.72
165.15465111336826,0.0
290.57959430276964,0.0
33.94117598243669,0.0
113.78012973397152,0.0
151.9963952171852,0.0
175.14284837496288,1494.02
140.96650985154298,0.0
183.78079167534312,0.0
178.14443411082328,0.0
274.3636616220805,876.71
214.0091262194373,1897.77
74.59835968177134,0.0
109.52206640541155,0.0
155.93422286015291,0.0
169.64963197573482,869.81
205.3412912070554,0.0
169.80555368519026,76.81
134.18136661331644,0.0
203.447832858887,0.0
318.06461283769937,0.0
207.15774384273536,0.0
164.5465582443486,0.0
174.76515295107043,0.0
201.71947197937286,0.0
203.30249385204024,764.7
145.7485395901546,0.0
137.7365453611324,0.0
245.11604924779837,0.0
36.14139366746781,0.0
617.7078120221526,2958.42
170.83556409889545,0.0
144.40829178456156,0.0
106.170816621452,1327.04
241.81398616118085,242.04
222.33012912305836,0.0
173.8046815164906,0.0
139.7248398362571,0.0
199.9530734918664,0.0
388.0895140098329,0.0
32.96187662890846,0.0
388.65993667534815,0.0
172.0849062223645,2144.89
139.44659271831966,0.0
264.7824558413562,0.0
108.95826846413834,0.0
359.4158852684291,0.0
299.2703927950146,0.0
853.06416403113,1373.08
149.21634050061243,0.0
200.79789062589475,0.0
135.32032828221674,0.0
288.5595734042383,0.0
238.08429067218276,0.0
465.8397875330921,0.0
138.89194421323,0.0
159.14494473607385,0.0
158.0006586481192,0.0
275.8849125192644,0.0
155.54823788853372,0.0
159.37788611888004,0.0
176.78739595874535,0.0
118.5570180887427,0.0
252.2132152308,0.0
71.99540218572696,607.94
180.54267603112044,0.0
329.420352167034,0.0
176.81477494365575,0.0
226.91774468755898,343.35
214.82341387954568,0.0
158.35204177955166,766.37
167.19602728104746,0.0
296.5596241002428,0.0
370.6910243749881,0.0
233.2468752092585,0.0
754.3106484651835,128.05
53.31031410853049,0.0
191.5058073284519,342.76
75.25406662337073,0.0
263.1822577990405,0.0
181.3338176414998,0.0
121.7828550423249,0.0
78.0592616090131,0.0
236.2831013272512,0.0
103.61325662951442,0.0
112.65685069050292,0.0
332.4594205127922,0.0
303.2862615029891,522.96
170.62194765196284,0.0
303.2976104726036,0.0
275.4537316053282,0.0
378.35252511093495,0.0
142.1465107835496,0.0
232.50477006030692,0.0
304.3256499631812,526.54
200.92360239639387,0.0
105.41192605492509,0.0
159.2457448617399,0.0
146.9563906038372,0.0
158.35817505931428,0.0
449.19955999310224,0.0
133.89824979477544,0.0
225.28725899937632,2141.42
83.03279669458202,0.0
376.4397162563286,0.0
338.7248916104088,2806.36
113.88592100992945,0.0
93.03538308754888,0.0
86.78423644006773,0.0
227.40670515045943,684.67
238.7168219633805,0.0
176.84890055399944,0.0
156.56860599138028,0.0
288.73122952207257,0.0
225.3095467240527,0.0
146.9769978273108,0.0
442.679180356258,0.0
210.4878561540977,0.0
434.6724493412502,0.0
273.074463910302,0.0
195.4595718938014,0.0
250.3026927667307,915.82
442.149692737666,0.0
138.07145720862826,0.0
226.37951928124588,0.0
178.9468645890784,0.0
124.29012399842739,0.0
145.59949538727702,0.0
153.6107785054003,0.0
199.06694128899198,0.0
101.28029299057732,0.0
49.402132496525084,897.21
150.81822774949526,0.0
265.60744811659106,98.39
264.00817868955306,0.0
225.80310472770813,0.0
205.7748581074724,891.19
111.08235210079621,0.0
188.9789348191706,1365.07
101.89947149291883,0.0
196.0828821555459,0.0
91.64779885010135,0.0
105.0883303722757,0.0
131.32207124671567,0.0
200.70253805835452,0.0
259.0413078026946,0.0
340.167112928708,1091.03
180.38084556086955,0.0
158.7258590347734,0.0
100.82841960169442,0.0
124.80180785703979,0.0
169.75117078816928,0.0
134.3390347832384,0.0
186.66629914651784,0.0
271.869806134501,0.0
222.35926758559225,0.0
180.95560602132366,0.0
121.98977201422561,0.0
234.10782781727733,1708.02
107.30573640248664,0.0
101.80774703981771,0.0
228.75817590220527,0.0
206.98229024949086,230.04
133.37345532362482,0.0
182.12833774396069,0.0
95.14198356581275,0.0
225.55091677411195,0.0
262.1195469582387,1218.08
158.21368167509578,0.0
390.2779557541169,435.74
135.31970617949403,0.0
111.79917221866823,0.0
218.70438190065587,690.7
238.220977446372,0.0
239.66360677901568,0.0
112.9958390296404,0.0
223.86718938514076,0.0
419.89788348468807,0.0
133.2866265926676,0.0
407.0064072727582,0.0
238.3277416287973,0.0
151.19598873986376,0.0
179.36120604310315,0.0
22.684841706306898,0.0
236.9321436795043,2033.89
284.06682347358696,0.0
110.82852877515136,0.0
181.84415196733306,311.93
164.94818884779124,683.65
242.05740619886492,0.0
337.0188108035084,0.0
230.11348507756634,408.97
117.59449026412196,0.0
263.7407365378338,0.0
150.55519473531174,1357.67
185.2279783176614,0.0
212.9271165169049,0.0
210.28482837078985,0.0
253.06311022309436,0.0
191.84468461422634,0.0
169.80966911598853,0.0
235.98672678518682,0.0
338.4030470420169,537.5
275.12289620669173,0.0
164.12259036987084,0.0
281.1908933822107,0.0
141.37271902444445,0.0
145.67532370667027,0.0
51.80650913607877,0.0
178.80667712389373,0.0
95.25498000178615,0.0
214.2259603673774,0.0
215.96096692095244,0.0
281.4528298126747,2581.14
197.23316910428838,286.2
282.52776093706234,0.0
202.13210950537282,0.0
238.34354522520567,0.0
155.10713921897408,267.49
474.1388311736285,1088.29
351.2936800746511,637.33
102.11103119163619,902.33
139.0673780932323,0.0
152.16053706850244,0.0
162.27071314987842,0.0
149.3550787833077,0.0
333.96932700354705,867.2
333.6216994064838,0.0
182.2192145708885,0.0
141.3086673629907,133.83
79.7904471739469,0.0
245.8318681842919,0.0
249.0647453453051,0.0
177.5357439670707,442.38
276.7732087420253,0.0
142.34505745747475,0.0
192.83173318988926,0.0
280.39685021184584,0.0
136.55136176863928,0.0
116.60975853302573,0.0
170.89248545018714,0.0
152.09967479190703,0.0
109.67463769401652,0.0
190.428850220874,0.0
295.0631044547131,0.0
101.37212420393168,637.43
198.73343214626905,0.0
116.00865797523576,102.98
396.85689565014684,0.0
173.83926670553436,0.0
148.41883669396208,0.0
109.69164659059923,0.0
256.48975348127385,0.0
125.54848098441525,0.0
354.24096867770874,0.0
204.01495882037665,301.75
193.86566938654647,0.0
254.44640432292584,0.0
81.69017951905782,0.0
362.48645192288325,0.0
109.69312517766349,0.0
357.8859126818207,0.0
455.7374748358493,0.0
121.85523902378064,1598.62
130.32913367353,908.37
204.53495042543238,0.0
278.29190575784435,1783.15
248.9622698250787,1106.9
222.94646629948457,0.0
213.99509178644453,0.0
227.40568700569307,0.0
337.957573122808,0.0
243.71076067263908,0.0
174.21948409529125,972.36
330.76097552772103,0.0
119.13122761808522,0.0
276.61094407956546,243.35
402.3559261425594,0.0
244.53448003465414,0.0
182.75619031810578,667.11
129.4421385613317,0.0
257.8881272392306,0.0
144.12325544403902,0.0
257.40864513958803,1291.04
166.2858185979231,0.0
153.70177207924738,0.0
139.29062590778787,0.0
170.7198454339413,0.0
312.35158773468,0.0
119.0213457035609,0.0
249.24807436926318,0.0
226.60108065118047,0.0
140.66055596395952,0.0
190.5801835248942,0.0
88.22603035981723,0.0
183.98724501952225,0.0
185.57469937778086,0.0
83.10605370318812,0.0
119.29447684248566,0.0
147.16200093319245,0.0
234.63842868691341,0.0
279.587131780328,0.0
416.54185137151677,409.93
269.8500617110391,0.0
146.16290348898787,0.0
149.45014514523652,346.27
137.6106520206782,3049.82
141.6590494920896,0.0
179.79040315131158,0.0
186.5320728185332,0.0
155.20243183744353,0.0
107.27389007774877,0.0
195.74710630024094,0.0
140.5047641265257,0.0
88.59941661654437,0.0
135.53933358367144,0.0
65.25812416487571,0.0
92.51622308505752,0.0
208.43066562096112,0.0
79.92783729118837,0.0
300.55281613368913,0.0
316.1929168967206,0.0
157.04476935636862,2887.16
157.86649648771777,0.0
215.10652562237522,0.0
72.6436939550011,0.0
172.59373633920674,0.0
164.00865263628612,0.0
126.30247090664425,0.0
174.01425415023573,0.0
269.2309995326693,332.05
178.1374736800835,1161.12
175.86141257087408,0.0
298.61426244785184,0.0
106.0762095388159,0.0
348.01217557333985,0.0
90.12220916749558,594.59
109.23668086875314,0.0
148.08924852997814,0.0
231.62254343277812,0.0
135.61695474100276,0.0
195.11374874241184,0.0
305.4911058257303,0.0
221.13431264879625,0.0
58.432055544996715,394.47
231.9236413715083,722.48
144.69629476186822,0.0
146.8237106159342,0.0
175.13419553586877,0.0
124.52535228514282,0.0
226.197065277289,0.0
201.34468828955795,0.0
136.07085352712468,192.15
155.84957949248184,0.0
323.87669570180145,0.0
215.05304252722527,0.0
262.59968977589006,0.0
163.47021106189604,2152.01
203.78425689688245,0.0
188.23248270564764,0.0
242.54744027691,0.0
268.02283363851967,1814.55
159.19091562148483,0.0
126.16862810065047,0.0
150.37135928234858,0.0
233.5419305094617,0.0
165.38208473665165,0.0
211.97519809448787,0.0
171.80085957701942,0.0
392.6090917752918,524.74
293.1769941837634,827.0
299.03427034039134,0.0
185.14966511779014,1185.63
222.00937711302478,0.0
268.3419712608571,0.0
241.48779644104283,0.0
240.26052042340729,0.0
310.5070691967092,836.12
149.42559834423773,0.0
177.3345666443142,256.06
413.6540749810082,0.0
202.15243392498746,0.0
113.72268215893259,0.0
228.15800859555046,0.0
271.0635483940051,0.0
489.38662386499766,0.0
676.3051286554838,1082.07
174.93395584174561,994.23
23.578889049052815,0.0
135.5855710628072,0.0
33.54304870341776,0.0
183.57711524205936,0.0
116.08039129862001,0.0
185.69832727705275,0.0
127.14962608021767,0.0
189.94089611535514,0.0
78.55958217723949,0.0
136.91050096223108,0.0
272.5819163184267,0.0
93.89604683735479,0.0
183.99288253536344,0.0
152.62143579353784,0.0
131.0149892392886,0.0
103.70515354431151,408.85
180.4047711734894,0.0
142.90148290767246,0.0
102.74277907388867,0.0
112.20938520667009,0.0
116.94634093812513,1093.26
241.6750407659695,0.0
152.69207976234748,0.0
48.95546626679857,0.0
269.059233779595,0.0
209.81611239997852,0.0
274.3382268037835,0.0
320.3336269113071,530.78
73.17527778355236,0.0
138.24081553387623,0.0
348.60675183659015,651.51
127.32941671003948,709.61
164.76867885450466,0.0
248.63919765524,0.0
142.0992189254339,0.0
426.53082659197463,0.0
211.18478242058205,0.0
162.30592272675003,0.0
147.73867378906576,0.0
242.46878299637137,0.0
491.015615441078,1397.43
188.51765467928158,0.0
61.83470834088505,0.0
452.3088190604208,997.89
79.19776866246355,0.0
158.51077084700577,0.0
334.99650435763016,0.0
118.83342772598594,0.0
151.86372924269844,0.0
269.03812990014933,1584.82
150.09298773801268,0.0
232.86932336805532,387.92
226.10833939944058,0.0
93.40776198233584,0.0
121.13144264608513,0.0
124.76775463338865,0.0
278.5981924574203,1216.27
234.27487797494317,0.0
89.57485330391279,0.0
169.1896597524406,0.0
226.14425046726427,0.0
192.46724981122458,0.0
163.3581946548645,0.0
114.26164911166146,0.0
242.44519875834536,0.0
133.75651116351153,329.21
255.13513988869664,0.0
334.33650311126354,0.0
159.78401559095386,0.0
205.71577415709322,0.0
267.44539077865113,0.0
210.47339275280012,2193.86
305.43517729931057,0.0
243.48652322495116,0.0
1033.4376467365462,0.0
216.68607613686254,0.0
115.92387007621079,0.0
374.71408904646853,3084.38
133.858167731385,0.0
235.58862724343956,0.0
112.77413187569704,278.99
323.75692419431914,0.0
225.30699766731908,0.0
248.8384991675792,0.0
212.83973264702632,0.0
123.18490480976826,0.0
302.79761556886933,0.0
173.73372763070552,0.0
99.56521810191254,933.66
35.12205751271469,0.0
58.81743885462986,0.0
210.07492005496394,759.29
485.0950815969828,0.0
299.69064161147537,0.0
300.2055584013834,0.0
183.85361044367795,0.0
217.7100488569473,727.94
103.23002851694105,0.0
120.46126219604284,432.91
110.98959890853985,0.0
323.0282247305042,830.02
254.56463006741174,0.0
101.40573343664333,0.0
462.58032547449943,0.0
216.2875457750441,0.0
156.94791791530483,0.0
150.19237741811304,0.0
66.43548567766005,0.0
195.2222143069205,0.0
243.2136534708795,621.76
201.0659392012175,0.0
120.83497066262808,0.0
267.6750396767701,0.0
130.6819182836966,0.0
239.0991855348419,2969.62
135.08287854107644,0.0
167.86108393179728,0.0
136.95409854319817,0.0
409.7455823607286,0.0
405.7143389461128,0.0
168.8591805771385,131.11
71.51814156468033,0.0
163.77639566661313,736.86
123.79631707609823,0.0
155.5063989397243,0.0
153.5622184009237,0.0
126.61948484580512,0.0
210.93549138959128,0.0
183.67440371141993,0.0
282.72881586227925,0.0
265.5510483122326,0.0
148.2372724694343,412.32
94.44417504783877,0.0
184.6112470077894,0.0
164.91376031147362,0.0
130.59129518242796,0.0
109.35872071745337,0.0
149.16122434511908,0.0
49.98466175178157,0.0
170.96986958493548,0.0
363.5205059297099,0.0
269.9054754396137,0.0
321.8488984165998,0.0
151.90234698324392,0.0
203.91205593365098,0.0
147.91960836391078,0.0
210.16116485523722,0.0
106.14757767286453,0.0
159.36585383918285,1085.67
418.3233338616499,0.0
209.40102354041574,0.0
168.4292492815288,1325.98
389.5975957041311,1315.18
508.9921934462847,0.0
373.8662511034326,1268.18
115.70647253278185,0.0
239.8427940801124,0.0
384.31058323165996,0.0
271.86505519139985,0.0
142.15111589960327,0.0
136.2472953242848,0.0
145.50430800702486,358.08
259.4518504521961,174.37
183.05993370120817,442.62
120.45466671503657,0.0
243.87137384689288,0.0
178.09832700902967,1898.34
320.24536023132305,0.0
82.56583277307807,0.0
162.59321922709165,0.0
305.71962834831294,0.0
72.0185927711865,0.0
175.41257933128944,345.74
214.40699945859325,0.0
208.3992323581815,0.0
140.71109553743293,574.92
288.8094177108612,0.0
191.01169394435496,0.0
284.5783266244475,0.0
312.30134768162173,2708.72
233.48168671268462,0.0
214.00349095029682,0.0
136.05239402684174,0.0
232.975309048284,905.91
176.16479100188076,0.0
171.4660076381557,0.0
252.8569571526454,0.0
112.13462559560293,0.0
78.41129875452812,0.0
210.31322099571418,0.0
158.04405232496177,0.0
600.5371104344983,1450.22
80.46315872448005,0.0
193.5403772683422,1091.99
117.40677094171977,0.0
164.00735179894377,0.0
195.5545646624914,260.62
177.35262497201975,0.0
266.00214181361434,0.0
200.81635101488564,0.0
224.27401294115893,0.0
232.8969539464881,0.0
187.1305202597983,0.0
243.3753501230683,0.0
103.05112945997804,0.0
251.20943404000985,0.0
107.97409053304914,0.0
134.49438764082416,0.0
209.59121784681525,2301.3
221.717440366908,0.0
252.74853102818852,0.0
116.66027232040669,0.0
136.93314187833226,0.0
409.18809292002686,0.0
83.43176885240896,0.0
253.91747194661056,0.0
314.6141974729411,734.43
43.37353006001075,0.0
214.0758019024651,0.0
514.206515169523,0.0
121.99579901422298,0.0
353.68988493145974,252.61
167.51889251943524,0.0
466.8118251962815,0.0
351.19370004284497,0.0
307.2180187476383,3311.38
88.20283599172764,0.0
147.4615281745817,0.0
135.47970987920965,0.0
98.36321526004485,0.0
161.99401190902947,0.0
110.10546228721249,0.0
231.70038245284093,0.0
233.10889916369544,208.43
257.2082820971009,0.0
65.45622619876087,0.0
161.29246207997286,0.0
113.79087496767204,0.0
261.6431142234172,0.0
153.699339049253,0.0
119.11893906677724,0.0
151.36850528958016,0.0
271.7599701532752,1072.24
159.33355476503831,0.0
463.14711180212515,606.05
420.68338181345246,1187.69
293.5165437840473,0.0
165.4687235921913,0.0
98.2943121739492,0.0
364.1779568223824,0.0
257.15534273244657,0.0
169.02777851923537,0.0
215.79044440313137,0.0
128.30267360823092,0.0
178.58383045272535,771.84
175.6607878572618,0.0
167.75895918550864,139.66
202.544215541684,0.0
242.36038019630936,0.0
169.80502620207506,0.0
99.63874491846131,0.0
225.51782980360326,0.0
129.74389835680188,0.0
97.79761338379677,0.0
427.01486729797205,0.0
179.7639371920019,934.02
163.25411477873845,0.0
318.5498921399211,1704.26
621.313066657475,0.0
201.1173674200263,0.0
90.33262059692146,0.0
243.890189202462,0.0
182.63406854423047,0.0
220.31067350016187,0.0
96.63140433469904,0.0
84.94713750798157,417.03
213.99351697548957,0.0
187.29864333196272,0.0
90.46006098680456,0.0
291.2908846521604,0.0
104.03693025312475,0.0
113.30296395648399,0.0
105.3247643739594,0.0
195.62671492163742,0.0
632.9412572119902,2039.37
203.6146163472398,0.0
467.4239398544232,0.0
24.599347532906,0.0
369.0062178082879,0.0
215.35658549343404,0.0
361.7263370395075,0.0
504.21509050398305,1927.22
251.92224501679544,0.0
159.93104095313674,0.0
161.0576626014932,0.0
108.96929317420437,0.0
190.98361973179277,1210.84
255.93301399027095,0.0
334.6479000743748,198.28
164.5784853219358,0.0
266.6211028838027,0.0
164.6317433025236,0.0
188.8490805943429,0.0
295.26944331182295,0.0
253.72285807269395,847.73
201.87288121807777,406.48
130.98287045925116,1602.75
206.07504122426872,645.97
144.9373331215396,0.0
155.33549411701927,0.0
747.0094779749011,315.8
114.78144481181182,0.0
138.6310903356071,0.0
117.7799275336304,0.0
363.1654553876552,2603.66
244.82039195183,392.51
208.2108841486803,0.0
109.06723432729305,1045.87
211.61001634853884,698.61
115.15641021587281,0.0
194.05413763991663,0.0
289.7802209714716,0.0
167.15742952890747,0.0
256.49381453116416,0.0
146.69192311578917,0.0
47.50824550735048,0.0
102.47385583249489,0.0
22.036794082814925,0.0
217.19192828511683,0.0
116.05421339642312,0.0
305.4318009720371,1275.17
155.8863739859766,0.0
174.7895423399525,0.0
144.6097227913042,0.0
109.75855578721354,0.0
222.00821368062248,0.0
178.619918620907,0.0
347.82996742671963,0.0
234.6801119867453,0.0
346.94590402464405,0.0
127.61863621281704,0.0
250.47816793367372,875.39
259.4998593735067,0.0
214.07496078786025,0.0
118.14154873522857,0.0
135.38242581925437,0.0
193.32752854509113,424.17
334.7162228954117,0.0
399.53165301353266,0.0
247.4275595528507,0.0
223.63188192299043,0.0
194.20266048647335,0.0
132.30836903523937,0.0
157.60395295343568,0.0
175.3745876994866,0.0
71.43029057239636,0.0
116.77781914853638,0.0
225.16216321674688,0.0
153.36196110583793,0.0
422.5749963390912,0.0
161.77425724680273,0.0
230.49227359623094,1706.65
201.7865002048084,0.0
153.24384791779147,0.0
192.7776857368706,0.0
389.1488921777279,0.0
233.95492101313377,0.0
119.37263509778269,0.0
105.62262444020058,1886.32
367.51746725793663,0.0
141.45647145678777,0.0
165.56103906148462,0.0
141.52533999768897,0.0
320.0005896380222,0.0
222.42455259731037,2140.19
250.7616861757519,0.0
330.58855887180215,1658.26
131.17234656821347,0.0
96.26321630685548,0.0
150.59809397469877,0.0
169.32405036736003,827.41
135.6675084566282,0.0
125.62035645041841,573.34
249.19673646222924,875.85
193.53670764072587,0.0
148.53453519605895,0.0
262.53730554164883,749.03
298.7018125875319,2359.78
189.2798356650884,0.0
179.39761494282652,2322.58
195.91390504480526,0.0
283.5256661153137,791.75
192.047352549675,0.0
201.11662045960887,0.0
155.24855553559436,0.0
188.7328096227841,0.0
237.7255582342367,0.0
222.19534976188422,290.14
268.1405914630037,0.0
303.45388861237035,536.34
248.86432732146645,0.0
283.8953491179669,0.0
341.12017343204485,0.0
85.68656455515574,0.0
176.35115358499627,0.0
174.31568327811237,0.0
143.4488650298355,0.0
128.84515545327966,0.0
142.19442056884526,1355.68
167.63738367443767,0.0
162.27255856717835,0.0
120.74819840677779,0.0
52.0577412337232,0.0
408.8364733490707,0.0
161.01350109828525,0.0
264.5815201888928,0.0
262.2636024438267,0.0
157.8915336905531,0.0
229.49071368280482,0.0
184.14683827934283,0.0
128.42408858062987,235.57
394.4550993302097,0.0
56.66788098782179,0.0
278.9961796177857,0.0
171.93053286030502,0.0
288.398175966088,0.0
123.54853891236105,0.0
502.169175931727,0.0
172.0626748513006,0.0
329.914593593159,0.0
134.48709775315845,0.0
131.30159765382302,0.0
19.982297640610316,0.0
84.97934819896402,0.0
287.3300812396028,0.0
163.78840536591895,0.0
170.83319338979982,0.0
472.3122894216985,1112.06
197.03068847855621,0.0
340.23327532694435,0.0
357.9099005347512,0.0
318.3439507564791,0.0
116.46545154500701,0.0
163.42604827022043,0.0
326.7421997802241,0.0
237.0029355385347,0.0
188.36366484633933,229.32
473.4735332290284,16256.76
170.74227890641652,0.0
154.97324692789005,0.0
234.74523259624513,0.0
204.03626563978247,277.05
209.3326808454087,1231.65
469.7280670924113,0.0
325.32493845719034,1590.74
185.54543283756544,0.0
93.93176173979849,0.0
220.98336202234918,0.0
183.49779678658317,0.0
121.67607630949189,0.0
223.4653794426549,0.0
398.7306210963349,614.35
83.50749943826871,0.0
136.55255751251644,0.0
187.1955015948921,0.0
74.1581593265265,2446.14
218.74737593635405,0.0
164.5666644752354,0.0
147.84404515415827,0.0
456.1251429655396,0.0
200.6023335356218,0.0
296.3644624905788,1169.41
164.91147280128519,0.0
176.75289991248738,0.0
569.873487234544,0.0
123.67573717800151,0.0
192.31009072997855,0.0
265.2000068470447,0.0
411.5075433540517,2405.68
169.92513540660858,310.03
141.6863586243966,0.0
90.92649021105038,0.0
517.9641284009026,1367.99
89.8250874865992,0.0
200.4856269814057,0.0
93.10364764742263,1205.92
182.12070469617197,0.0
234.8448305656545,0.0
256.69362546303375,0.0
134.39481404360566,789.64
371.0096807100752,0.0
136.3629795746617,0.0
251.695516264531,0.0
98.68537073381064,0.0
291.075682438256,0.0
148.43257811220676,0.0
648.7577551749017,0.0
212.88122748472108,0.0
297.0063258656601,270.2
185.46083476328246,0.0
144.92630858287706,0.0
195.25181904828167,0.0
211.58470820919126,0.0
202.4292749174441,0.0
321.55216305024635,2061.44
183.4942054913943,0.0
89.37188719445095,0.0
221.83475628758964,99.67
174.14082966952097,0.0
131.74572317963955,0.0
488.04314873984174,0.0
96.44878401450532,0.0
106.45691142309803,311.4
85.89468414055379,0.0
319.3471840371334,0.0
207.4906399581178,1446.29
248.74576512436653,0.0
272.980990777754,0.0
131.6534998794225,306.96
186.389246508537,0.0
45.48794114108958,0.0
145.75248825808677,0.0
131.14082161119393,0.0
137.7135064725113,0.0
187.95089861815197,0.0
157.93868557784768,0.0
135.04613780183507,0.0
174.7638829961683,0.0
137.06393204473983,0.0
307.3573520943502,0.0
194.82223802352777,281.88
150.07124997992565,0.0
300.81909062640756,0.0
211.1675262167416,2064.72
180.0756127961376,1339.81
267.14240175822334,1067.5
164.04564819844236,0.0
401.55834515867707,0.0
155.23269258029683,0.0
166.2241435695112,0.0
128.15097229435983,0.0
207.2399337539851,0.0
185.2168561946444,877.47
204.5994596334265,0.0
288.8498900920463,0.0
220.9361240232219,964.56
257.9506421264407,0.0
195.23457250794695,0.0
108.27178939656531,0.0
76.22402121605298,0.0
205.22257452715863,0.0
99.12955936200703,0.0
123.27001397760448,0.0
98.0617659937076,388.18
140.09243338176685,836.16
325.0127416655954,0.0
206.2734445578385,0.0
261.48678187040093,0.0
142.50758558515903,377.22
283.3228024954228,0.0
144.0695198072274,0.0
151.69316643483015,0.0
196.38535211567324,0.0
264.87690553266214,0.0
157.80679121211332,375.36
201.11459513175498,0.0
211.03394811037674,0.0
117.77481015684957,0.0
470.5931552444969,0.0
133.96576378912178,0.0
300.9033349146206,0.0
89.17537299895207,0.0
193.54156245276405,0.0
222.5550204832183,0.0
303.1158968422135,0.0
322.21519219277627,0.0
256.5554427149536,0.0
142.85643865515658,0.0
170.53710495667843,0.0
247.85358209341723,0.0
262.6431185388618,0.0
155.3904524965668,182.52
401.1277831343048,0.0
142.39453312424808,0.0
161.9826350871774,0.0
94.27794620318313,0.0
239.40484462311915,325.84
211.4934060749298,0.0
116.20533005245775,0.0
347.12071033969534,0.0
183.1099978320308,0.0
140.1136400165846,0.0
107.90966758862872,0.0
252.48044253540678,0.0
82.40472552293214,0.0
315.2898790845522,0.0
199.48890083969425,0.0
139.3671529525884,0.0
139.29732058950805,0.0
283.6846054773005,0.0
158.60917831473313,0.0
105.47087841102147,0.0
131.18969538848515,0.0
233.12726088730858,0.0
167.44301085924081,0.0
213.30019850645527,0.0
214.0066186380046,1498.7
270.5368673599219,0.0
130.13919451430556,1384.91
306.17442076328405,42.15
189.82609742579456,0.0
196.81000923093916,1909.7
297.82568090360536,0.0
124.88950678315759,0.0
347.7044989284059,893.18
258.74630784271477,0.0
160.18511305653473,0.0
119.68643951994959,0.0
42.69849810356157,0.0
221.0296268149999,877.89
129.58354111183266,0.0
183.86771084557535,0.0
185.76510395958618,266.91
210.4525377164032,0.0
121.7547982703319,0.0
195.32125482420062,325.17
210.33949397188968,0.0
158.37776792649242,0.0
138.50621035910618,0.0
258.08293034025627,0.0
137.271997675833,0.0
148.46263521820026,0.0
416.342930934341,0.0
89.8741779556212,0.0
326.2576589327901,5065.08
190.69316809379131,2014.65
164.0191322387071,0.0
177.37157644824896,0.0
142.64797964908172,0.0
214.51469057220186,0.0
55.633582016826225,0.0
114.42767912890181,0.0
164.0479429921821,0.0
98.29495613203679,0.0
145.49276136980163,0.0
177.3018766286816,680.44
232.92612097766133,0.0
186.604285289244,0.0
295.21230781108903,1261.9
84.07235216908867,0.0
188.2195047966415,0.0
205.34114681254562,1157.18
211.443167592879,0.0
94.27356699590621,0.0
300.96661393276173,0.0
157.3690035477515,0.0
241.0189194709821,1965.35
127.15697060302986,0.0
23.066429119818977,0.0
443.4252723949415,0.0
178.50312524991534,0.0
353.4865419101834,0.0
607.7067638586038,1967.11
188.78369558422992,439.65
318.7436744055456,325.61
90.79018784451124,0.0
142.41833912558906,0.0
376.6436700505333,318.75
242.31522244457057,0.0
120.35291004769888,0.0
270.44895360756504,246.92
162.79809568523126,0.0
373.475081453007,0.0
229.8050336038784,0.0
162.90677066149553,0.0
135.32137228096104,0.0
345.3121790019804,0.0
201.2171553887733,0.0
461.63748263371747,0.0
346.5079358850168,0.0
217.9224320485825,0.0
208.76058948702163,0.0
348.04500310750234,0.0
101.07242101145197,0.0
150.55732519465093,0.0
160.89781898567503,0.0
154.8210550181317,0.0
138.9951907047842,1365.7
322.1039197412891,0.0
477.7428304524292,0.0
161.4906092910441,0.0
201.08821996863125,0.0
181.7820468947651,467.34
187.90792795605768,0.0
196.47243359636477,586.71
172.4336796977111,0.0
228.6444567913072,0.0
151.64009295321821,589.87
333.9430828148401,0.0
195.39337411374248,830.81
155.53842830990797,4500.76
147.93581205731013,1549.08
150.09438578476212,0.0
174.52477365161894,510.39
123.68410270898008,0.0
228.97247747618235,0.0
129.55864608010188,0.0
353.0211328883677,271.09
184.28372616742652,0.0
251.39324945470514,0.0
176.40796807461686,0.0
157.03556209501988,0.0
236.4467612234133,0.0
182.68591020623538,0.0
336.1861485459145,0.0
176.13245780517911,0.0
119.06642207098567,0.0
199.29454414951263,0.0
189.6885949592555,0.0
262.6878737235909,1258.78
205.51526937273582,0.0
279.18807061297497,0.0
118.52581319772177,0.0
219.89906066624292,1517.02
84.21702725580292,0.0
211.83142010911922,0.0
226.19539167358917,0.0
144.91052255838687,0.0
544.5960448445641,0.0
443.1912580232429,0.0
80.53219607968387,0.0
247.61678510160638,171.04
213.85844421188884,0.0
191.8016409051995,0.0
229.84943389747198,0.0
230.08081850224968,0.0
146.17342042841432,0.0
128.6987248911641,0.0
352.4689155249587,0.0
215.31414642311262,0.0
251.91652066239703,0.0
219.55805569298622,0.0
224.2365692611818,0.0
138.75546303404715,507.14
164.0119638143179,0.0
362.9151264100659,0.0
419.72062980005427,2503.9
165.92865243385035,0.0
253.88042804122776,0.0
196.7320685815575,0.0
162.26791806862536,0.0
209.33160320066466,0.0
108.63435096175176,0.0
150.513939880427,0.0
155.6502520404484,0.0
96.00483836258854,0.0
96.94315824432027,866.63
55.365588482948795,0.0
173.9523692304322,91.05
118.96412345186307,0.0
121.43364491279966,0.0
271.58778531257843,0.0
180.56213138383717,0.0
300.27751507806806,0.0
673.6710396323457,43.49
217.0853564304545,0.0
103.73838507092985,0.0
117.29985941702247,0.0
183.067579731778,0.0
232.03779124483594,0.0
241.22401665806532,0.0
260.5777440094231,0.0
169.23208072297268,741.51
143.7283181090132,0.0
76.46740355646654,0.0
168.12849662644302,0.0
266.83452340060063,0.0
35.18141666164399,0.0
112.91552580828638,0.0
171.19023065344595,0.0
251.77494587669685,0.0
125.81150622870192,0.0
136.762151825179,0.0
222.478274402137,525.02
120.2036394765421,1600.05
241.83607484262492,0.0
223.30438861605847,574.34
183.2684805079727,0.0
398.4527974323217,0.0
96.36535173478323,0.0
205.82721607276335,0.0
292.3932254787412,1349.8
219.81098782136866,0.0
124.23600687855516,0.0
99.8363902824868,0.0
127.56640124097844,0.0
196.25055527716142,0.0
171.5311633151312,0.0
203.45283784156948,700.68
76.88294690313155,0.0
165.18692656499832,0.0
103.26353361113128,814.26
304.1594284873498,0.0
157.74831323061053,231.87
186.83264073426545,0.0
110.23026775895306,0.0
457.2270673324599,0.0
137.8509778633135,695.89
151.6857417222267,0.0
217.4846058295695,0.0
127.9308708681484,0.0
147.33067106232042,0.0
135.11855150104023,0.0
183.23857275067107,0.0
372.9006747622315,621.36
139.8592821178123,0.0
111.37343931790771,999.12
118.17425645148738,0.0
391.55455306166107,0.0
248.1442707439249,733.71
127.5016551025421,0.0
112.01048473553199,776.85
218.76665306373604,0.0
122.92174193479384,0.0
348.9011307507686,371.61
187.18931917129106,0.0
219.8565189005185,0.0
308.00998907390374,459.65
223.5439429520837,0.0
123.96093704417093,0.0
237.8219265980311,0.0
153.60228788149595,0.0
83.92570249191473,0.0
278.3356230688713,0.0
238.42724911038113,0.0
447.03138239766275,0.0
156.5560312533947,0.0
254.23799397467894,0.0
262.66387725960254,0.0
143.52045291575922,0.0
180.21846728214337,502.74
202.64777223261711,0.0
268.4215641052438,0.0
427.76005767795255,0.0
194.22171347914397,918.36
132.76979234729737,0.0
160.86961835592925,0.0
140.21846195083018,0.0
90.4038111785082,0.0
325.6016924997989,0.0
274.9723159127008,260.58
215.38409781742735,0.0
113.20513384593825,836.82
268.4758485564011,412.23
141.6667742409087,950.91
175.03809403923626,0.0
427.3457249320694,2091.92
168.8486312346193,0.0
58.93396007087479,0.0
143.42145671009902,0.0
86.73887467530082,0.0
418.49686217555774,0.0
281.6772598002911,982.49
182.14097819226927,0.0
238.60940671640014,0.0
171.73947544416998,1980.79
200.98585445355323,0.0
168.7523666958975,0.0
292.7391691312922,0.0
400.1515085245823,0.0
157.78688075284538,0.0
271.5830992729563,0.0
122.30167186472495,0.0
191.92330947617057,0.0
134.77387245881323,0.0
150.1303340179857,0.0
109.21678265125003,0.0
129.64417055676302,0.0
166.60950155410347,0.0
288.2171181648271,108.79
152.44325960846336,0.0
142.24578101735085,0.0
76.86613244143875,0.0
150.94148498786367,0.0
128.01194334531203,0.0
219.13549346074868,0.0
197.87403694953608,0.0
242.6052423690495,1354.48
115.82779458552719,0.0
250.2283902788455,0.0
137.67659342122195,0.0
246.26697081615364,0.0
143.60189304801364,0.0
130.69097612143935,0.0
111.60302911142038,1203.13
183.9396497235949,0.0
119.14371108335872,265.99
216.65683902163948,0.0
159.44588179379676,0.0
121.3141355452794,0.0
301.11102199240514,0.0
714.1445585978736,0.0
305.6115679861559,0.0
363.75963241118563,0.0
79.18084340456676,0.0
191.51053828783793,0.0
300.43908237453974,942.14
112.1997034909523,0.0
130.54667958645263,360.41
295.87941098453825,0.0
235.30693286265225,0.0
526.3375626610498,2059.23
151.8938071813075,0.0
232.9162173996663,0.0
96.92720346928951,0.0
289.65006325790824,970.69
111.82745154340199,0.0
131.75031028250774,0.0
106.64685978330444,0.0
217.6011987382283,0.0
240.69041569231348,0.0
93.57540993235769,0.0
274.3579174724179,0.0
213.09886922440958,1904.32
96.98464660867485,0.0
113.19518185391145,0.0
96.94919571631584,0.0
395.05151468337664,0.0
319.53247947043155,1918.9
251.02212182969186,0.0
164.3524988748861,0.0
257.9513619387948,0.0
152.7718005738674,0.0
138.4376745154786,0.0
178.67427353697443,1142.34
182.47127643557724,0.0
303.19668949527653,2226.78
303.5835886262795,0.0
182.19947352730046,0.0
151.34257891293922,0.0
76.04337884181632,0.0
107.65330074022127,2001.0
143.00310913301956,0.0
185.2551563499315,0.0
103.8657991155101,0.0
202.88545734746998,0.0
171.9218809802883,0.0
145.0982306747648,0.0
230.23912600241317,0.0
270.4680269232529,0.0
225.2266898124663,0.0
223.73273567522273,2140.57
248.12391728360072,0.0
231.08719725001927,0.0
220.0262256296414,998.04
158.23911991495223,1288.04
331.82381546470333,1350.08
329.7497656563003,807.1
187.7320074987495,0.0
159.58846842672202,0.0
188.9696191729215,0.0
131.64743104244067,0.0
120.57786204331691,0.0
433.41504881872874,0.0
195.48724079068433,0.0
221.09530643342384,1429.33
223.72917228517758,0.0
398.7922290027733,0.0
174.63470014338006,0.0
140.24879293385595,0.0
187.42411438835833,753.54
185.81806928780642,0.0
202.99104950153415,0.0
129.7323764077299,0.0
111.38516558169735,683.04
414.8833805588197,0.0
103.33212009806086,0.0
298.15917202126616,558.31
217.9836021668869,0.0
109.88471492898498,2085.48
138.78721732810098,0.0
215.92052447376477,0.0
391.3646262647344,0.0
126.73902163846678,0.0
329.72008619491595,1337.4
189.97521207978835,0.0
141.66004766993353,0.0
306.35895954495226,0.0
212.77184199434006,337.38
75.55318220134586,889.51
233.19257827007368,0.0
101.970474457696,219.79
360.5860771034679,0.0
116.63440031386635,0.0
100.66040659808642,0.0
144.6626692347187,0.0
144.75051185061406,479.79
273.234969715738,1443.55
443.50858049202185,859.4
341.74049471094077,693.21
174.24530123033895,0.0
336.78405981642254,0.0
115.48774611543622,2822.34
164.55511231517,0.0
194.64131558163103,0.0
202.46842802610075,0.0
134.98865486329754,0.0
226.09936300451264,841.33
213.58531947001737,0.0
173.2926392595086,0.0
110.8226876252396,0.0
135.13058748012952,0.0
393.9898866145998,0.0
279.5424204302571,0.0
182.30078387952668,0.0
186.51174961106418,0.0
332.13956502457665,0.0
121.81094615893528,0.0
532.2814229123954,0.0
213.62653842021962,0.0
132.05439638366462,0.0
110.30054876902855,1493.17
271.4021603506441,0.0
335.5863153182046,0.0
334.3218493659374,0.0
278.9682268214713,0.0
130.60916264676052,0.0
162.3128755591708,0.0
168.94741909590286,0.0
160.076800589857,0.0
597.4706833130659,965.45
1490.5654040826687,1750.52
145.37946490299248,3144.52
74.6455454373107,355.41
230.57210372204074,0.0
78.40053268557917,0.0
131.154645646415,355.93
229.1053907385211,0.0
182.9443923137324,0.0
141.9919788966666,0.0
193.65055758150467,28.43
143.33658924997522,0.0
193.95477974054455,0.0
189.65551778446024,0.0
142.65778775363574,1375.12
160.12276048611693,0.0
299.19524519524174,0.0
148.93284544389547,0.0
55.99025663921714,0.0
107.09177602437995,0.0
160.90751623366558,0.0
122.01401216260533,0.0
335.18738982819747,0.0
206.20069853349176,0.0
101.31893778677585,0.0
312.68624292545024,264.97
223.158483886135,0.0
174.3155266726941,0.0
106.62837221149422,0.0
210.52669575128408,0.0
266.85589935693866,0.0
122.16584165824385,0.0
275.69012320607385,0.0
110.31970520219178,0.0
221.77701764124407,3558.13
294.11740238837604,0.0
255.89572856981596,1900.57
443.73251303726465,0.0
156.31660274850123,0.0
204.23550225137993,0.0
176.64279536325705,0.0
243.71880467401073,0.0
136.8921182747394,0.0
262.62369427597946,0.0
144.01484172359523,126.13
192.49359424422695,245.54
78.44733232994002,0.0
250.13202066674748,0.0
84.40825511952002,0.0
215.943403784595,0.0
557.926725748954,547.01
159.5278613779292,0.0
309.28340445223444,0.0
149.08226974013272,0.0
440.95975318555526,0.0
135.8297919264329,0.0
194.350383187303,0.0
127.53015864135483,0.0
90.45314488787373,0.0
102.7460653108063,0.0
189.46369667172166,1473.32
129.3333696856151,1434.61
127.45382429846202,0.0
132.91604862004618,0.0
143.91281470273623,3142.2
133.1267409359743,563.78
199.9745454456064,0.0
305.9217015503481,0.0
258.5718190752853,821.95
148.86680444058672,0.0
140.65939782727315,0.0
354.23887209664395,0.0
160.07877767996308,0.0
50.208969909165226,0.0
274.7378553151761,0.0
148.56241935663454,0.0
155.30631350989603,0.0
177.5574680010358,0.0
119.09026981027448,0.0
424.2784725405593,0.0
123.09032326705095,0.0
159.50443440702355,805.72
377.53242295083083,0.0
142.21254589690838,0.0
247.53365968871782,0.0
223.7570598552229,0.0
309.78030833680594,0.0
304.67020161466496,0.0
149.6514444141847,0.0
217.57320099923643,935.46
253.52250058757198,0.0
152.2126057957492,0.0
157.1288518689755,0.0
188.3602341535729,495.24
417.31373825083114,0.0
229.50769207725912,0.0
171.64778409138995,1624.99
127.95139922069978,0.0
74.29828574953382,0.0
185.2416619965483,0.0
145.89546272365664,221.87
275.0637826697928,716.39
171.44846896160226,0.0
56.59739414989505,0.0
230.01295543930962,0.0
160.71229632944977,0.0
114.18726462946563,0.0
327.99270102467864,922.84
214.12929292245087,396.6
268.53686473008173,0.0
71.58024937202148,0.0
354.6646001806549,0.0
333.321410788829,0.0
290.546228072083,264.49
184.6131433239204,0.0
110.93042350649584,0.0
178.3500055697123,0.0
212.30767099834728,5639.84
385.7064476330934,0.0
257.4758932976677,0.0
297.0694483581777,0.0
337.988292915835,322.24
237.83949214100792,0.0
205.55587032193353,0.0
382.3589482236896,1204.46
217.78553666772362,0.0
150.42343222001128,3286.88
202.24740613192174,278.45
219.5607427814734,0.0
340.12669028867515,0.0
97.06475548404659,0.0
107.28616719547301,0.0
207.7530469738712,0.0
111.67075070123525,0.0
207.40276157970393,0.0
222.44949975688837,0.0
164.44505479938033,0.0
247.7832180317974,0.0
102.961877063938,0.0
128.64758115538172,1566.67
201.59869336952812,0.0
388.0076272061721,0.0
110.46502581081891,0.0
160.84264026878236,0.0
114.65323129558779,0.0
187.56061953077057,0.0
285.63544634853866,0.0
173.47351247378737,0.0
206.52797836487267,0.0
121.8374364647687,0.0
123.05631839557422,0.0
189.01890783765836,225.72
180.3828838538589,0.0
202.1624049918237,0.0
261.7442580682904,0.0
119.70591171023578,674.48
126.32849919443893,0.0
182.93487538369988,0.0
154.15928473771726,0.0
261.67843763083846,0.0
176.50731855631875,0.0
262.1029555204927,1425.84
219.77924417172173,0.0
369.7806812862915,476.25
161.04410571417935,0.0
114.63294827617493,517.84
233.60817014885762,0.0
205.24230368641332,0.0
303.2036277313771,0.0
166.19564514778924,0.0
169.88592596203858,0.0
289.4457130842355,0.0
311.6195338227514,0.0
74.0269065520584,0.0
178.70155110884633,0.0
200.89735898998748,0.0
143.30775088911196,0.0
167.71253719305832,1836.93
146.82024177514734,0.0
161.17670208720344,0.0
126.9874899388632,0.0
93.32086303820121,0.0
182.96878483890413,0.0
79.32751295498208,0.0
94.82983185595056,0.0
140.07560083484785,0.0
112.56907590914052,0.0
114.97299031737239,0.0
336.87860836517575,402.71
195.9235712211486,0.0
403.6706987501964,1151.07
261.45017548133393,0.0
186.9124217836715,0.0
303.5178552113111,360.68
189.67671318427713,0.0
119.30116139394315,0.0
153.60339934686766,253.25
507.2449608546879,1275.55
108.11718849109867,1168.22
259.71268449514355,0.0
201.8342094740773,0.0
225.5059999721008,0.0
190.80284775994727,0.0
47.95317345276231,0.0
121.90694312469472,0.0
251.52230191151037,0.0
259.0278490559056,0.0
126.48736871620086,0.0
409.0403228676995,0.0
280.7041997628855,0.0
186.12390863861728,0.0
166.26127629330742,0.0
255.87221026242108,0.0
226.77832192432837,0.0
252.99213157334282,0.0
203.23311111068003,0.0
199.19586619031537,0.0
208.4540442064143,316.13
175.39693869350327,521.17
296.8705915402789,0.0
490.0530766090797,0.0
181.5232407773766,1569.66
291.6117693942986,2363.29
150.99150329169538,0.0
212.2186581211698,0.0
145.48456034682394,0.0
440.25336461841573,0.0
153.09663262197185,0.0
129.69016064801332,0.0
186.66902248648321,0.0
118.57774306068501,484.9
153.4335695328193,0.0
60.44781187906067,0.0
239.0920536111461,0.0
161.21808225823537,163.74
177.45177431550047,0.0
103.61318419890306,0.0
139.70090047132555,0.0
181.17747766886285,0.0
244.42047907721644,0.0
145.80060147319568,0.0
153.20754958071723,0.0
181.39023466014015,2213.63
104.97628116190722,0.0
154.1054130880603,0.0
83.63233019991773,0.0
169.892134120949,0.0
103.82151647784717,0.0
138.80679695057088,0.0
71.79817619520394,0.0
195.5645680220182,0.0
162.40028426347052,0.0
218.1693810220476,0.0
268.7951538739396,0.0
216.6456569858833,0.0
148.98758647047023,0.0
244.53392715916496,0.0
146.4247845193599,1287.32
145.1038727296845,0.0
190.778773542503,0.0
222.61861058565887,0.0
168.50593352888987,0.0
128.91177903438717,0.0
128.06367497046537,0.0
124.56406307988358,0.0
266.9828781525198,0.0
127.24880169922024,0.0
227.62711833452403,902.32
115.09603990718041,0.0
290.31384938225995,0.0
167.62003123397648,0.0
125.57624801260464,330.62
295.7835659052675,519.56
188.37387689110176,878.07
278.83294748788546,243.19
188.18013978135392,0.0
310.0349686385278,1903.51
230.28194982306846,0.0
168.1374459081122,0.0
185.72814405389244,0.0
345.73792698205364,0.0
156.277202579238,0.0
130.25314788199603,0.0
191.828378936954,0.0
150.44423966931183,0.0
145.247012552576,663.63
114.66024159215846,0.0
195.3641363344696,550.16
300.94845939717607,1390.19
132.03212910994586,0.0
281.50477714905173,970.05
204.44499289130331,0.0
199.71651044353644,0.0
119.57186071397076,235.0
123.47285688000484,339.59
195.81219089705104,0.0
157.05078490235317,0.0
107.05279731584503,602.27
149.40644118742435,0.0
159.26396842659952,0.0
126.41047382408765,0.0
220.38312773443286,2299.47
411.76771909617827,0.0
262.8454996624325,0.0
123.7795954601053,0.0
96.7066274885399,0.0
292.75257651195534,285.88
224.36932452193633,1188.65
135.9832024032887,1412.62
164.6340474451893,0.0
131.7658888693025,0.0
236.1126263539394,0.0
471.32755261683604,0.0
154.52646630007828,0.0
732.000018743317,0.0
129.96777946758343,0.0
146.54822528427363,0.0
127.67929681720135,0.0
231.9887849218915,0.0
206.21267402908003,219.87
135.52706320562422,0.0
258.9295903234421,0.0
77.23594246559435,0.0
176.88895454133268,242.1
119.80527629082454,0.0
137.61502705093923,0.0
609.923791577828,0.0
94.5859400283327,0.0
87.20903210388339,909.94
230.618380532759,0.0
221.8079146677479,0.0
247.46589452773196,0.0
104.97505378637477,0.0
56.8999388318647,0.0
260.98374049983596,0.0
167.51134371375056,0.0
233.83777219115896,0.0
408.2491279816823,1631.88
137.40515084630007,0.0
128.59262551077614,0.0
155.7897535539907,0.0
294.36185805749324,0.0
119.54288239279076,0.0
226.22626558699037,0.0
155.1351855232902,0.0
192.5435279206708,0.0
184.53324276739696,0.0
116.16151044458296,1665.85
223.6298923170966,0.0
226.10792268655237,0.0
153.19002062219698,0.0
124.87451352677664,0.0
174.83667834842868,339.63
114.01896361545934,1294.78
170.484328058797,0.0
777.8251119237335,0.0
233.2073291188009,754.6
120.68424369504439,0.0
97.85501963712105,0.0
259.0029563955898,317.85
202.21942347475053,0.0
218.034405984764,0.0
104.51106300357877,0.0
215.58938165782203,0.0
191.22469970292605,390.8
297.7023039982852,922.74
98.34510258864479,607.59
262.46350051406085,0.0
234.56926295314358,0.0
177.99570636663137,2091.15
226.4992658575635,0.0
111.64161379926944,0.0
239.81891355164376,0.0
159.71256233335956,450.95
198.30784214728686,0.0
59.89504367075426,0.0
119.96269593824086,0.0
184.37019334374827,0.0
118.84205287225632,64.63
228.6295492504694,0.0
189.51307767798954,0.0
126.28583511525581,0.0
312.8198527431309,0.0
297.5845241366967,0.0
321.0500721390268,0.0
172.97043995559892,1111.29
135.51214883797826,0.0
144.17369223121463,0.0
128.14182322091486,0.0
180.5911635803404,0.0
130.7316682402799,0.0
148.9278686280353,0.0
150.8550756927173,0.0
175.10279933792327,0.0
114.2758213136012,0.0
330.34093209282753,0.0
165.504704422963,0.0
166.58622619822125,0.0
144.29526047586037,1290.8
268.30174138941067,2058.5
218.47682017181754,0.0
149.08369617153755,0.0
200.74327538380672,0.0
107.76021863183773,0.0
121.29339687668664,0.0
203.2301289953233,0.0
425.8296393516141,0.0
80.67483695531524,0.0
86.20820827941961,0.0
463.24722115022445,1596.99
153.69258885382544,0.0
30.003184922617503,0.0
199.21478135258607,3930.38
180.4462994298162,0.0
308.9541527591364,0.0
233.4967899381935,948.73
89.50119694463396,0.0
189.7937621384189,0.0
60.14589614087056,0.0
284.4983456958315,492.65
150.25141103163435,0.0
198.65462703431854,0.0
300.85705303841723,0.0
312.62306122177966,0.0
123.57305827223657,0.0
143.06903251110595,0.0
663.5386081713455,218.87
55.928035707256676,716.09
116.4191753103573,0.0
169.05644390765244,1686.53
275.2580063693081,0.0
164.95158072361272,1541.51
114.00700138218099,0.0
210.48501566694964,0.0
265.9456379993258,0.0
213.9873645616839,0.0
61.38055842674573,0.0
407.99224405939003,0.0
199.69003724266557,0.0
72.03679921715755,0.0
481.50584880174335,0.0
266.57878378039163,1041.38
96.00943347053912,0.0
87.54636539964748,0.0
135.72984077040547,0.0
107.55951266853748,0.0
32.37298850910764,0.0
79.81522730139831,450.55
151.53899255053386,0.0
188.38665446757898,900.47
190.78964602231082,0.0
307.90678444195913,650.43
145.07381090501033,491.64
176.6010657790677,0.0
146.4999339542562,0.0
148.7394689524953,1530.64
527.7386010850404,0.0
226.59604029688003,1264.48
124.81468845891536,0.0
216.54066145274132,636.01
149.00519168901968,0.0
200.3203574444037,0.0
86.8310667166616,0.0
210.21634119357716,1041.47
208.52415648997115,0.0
150.5869215352182,0.0
190.859634608299,373.45
29.317707848782128,342.59
221.51949997430813,0.0
175.23888054627065,0.0
232.40745642148715,0.0
119.04147958994444,1733.82
245.74000439865125,0.0
102.72474665658204,0.0
139.22328573429806,0.0
167.88073898315557,0.0
124.59517001021153,0.0
115.74707542184753,0.0
254.56633679281998,0.0
116.56016716426043,0.0
362.25956919196744,0.0
161.64352213178978,0.0
164.89970139948394,0.0
25.90446706206054,0.0
198.6492867606523,0.0
260.8401800094275,404.36
110.34211527121577,1164.21
216.0948117996554,0.0
1640.6963793665848,0.0
164.94948618525743,0.0
277.5184799867831,0.0
192.7419503885643,380.13
236.47382747541621,500.92
218.66383621845915,1345.91
115.85370537020033,0.0
206.148592726611,0.0
112.63760730815048,0.0
200.8511531074575,192.05
313.0229222804033,0.0
201.9505774269306,0.0
346.8656428232106,0.0
51.156654948314625,918.18
147.04539919743038,0.0
189.16417543185074,0.0
153.13503752730463,0.0
247.0885481344887,0.0
156.16578352062461,0.0
149.390021147911,0.0
283.0105905161135,0.0
237.32959474162243,2647.63
149.0720308170918,0.0
144.2276555027921,0.0
180.80661486338983,1612.26
132.8639495674394,0.0
132.54988047000546,0.0
310.87499520445255,0.0
99.68509540624535,0.0
219.11859916317982,0.0
200.16532646008037,0.0
233.1393154292088,0.0
118.25359418418867,0.0
118.5355411246186,0.0
147.04798365841233,0.0
172.41373599877218,0.0
90.34926133569219,0.0
315.02286962054467,0.0
63.28703715160061,0.0
245.81400357849276,0.0
159.90978688534054,0.0
157.3157262177949,0.0
154.1868518770488,0.0
143.8561599254026,648.56
125.32900211812033,0.0
112.403299214614,0.0
142.06009570510875,0.0
177.15578215532463,354.37
192.72754656729867,0.0
200.4764469249558,0.0
377.1580979398178,0.0
260.5597185326742,1325.75
144.04578759802342,0.0
208.422588284632,0.0
260.56521663525314,0.0
269.87957278188003,0.0
184.50968202294882,0.0
152.18564290871117,0.0
166.86353397094834,0.0
156.7371101233117,0.0
573.732204089122,947.49
199.22701068662582,0.0
221.25293904575457,0.0
177.24186468969796,0.0
195.74373008616627,0.0
558.3867492646693,0.0
270.96157331281137,0.0
101.54023482798732,0.0
504.07015669797454,0.0
258.7413246131954,0.0
412.06076613297415,0.0
165.2417709820059,757.06
193.58592277002424,0.0
225.84457079167203,0.0
271.6113426878547,0.0
163.3367614456195,0.0
145.64382479817039,0.0
233.63229760696504,1049.76
223.63624802958896,0.0
250.60687402137108,0.0
166.54294986278234,619.02
261.0468561289804,0.0
226.10313570171988,675.43
128.51526866933426,0.0
222.39872870238128,0.0
177.38552785746822,493.71
363.3000059250501,0.0
227.83994538889584,0.0
163.31512338032084,0.0
264.639285429575,975.92
114.95623931037414,0.0
158.8811462156277,315.19
281.7028645689627,0.0
255.1768605067235,0.0
264.8032788489856,0.0
235.9825844678911,0.0
201.55770599853966,0.0
44.74156413058863,0.0
264.8849464106663,0.0
540.5042200625045,0.0
173.62782840641484,0.0
137.90844471349442,0.0
323.8866489280312,333.92
242.6980386038968,4038.48
187.34129380673372,0.0
165.20754169790905,0.0
169.68233010952946,0.0
123.35360308600721,0.0
192.04960439891437,0.0
163.17814265085997,0.0
196.59767318854736,0.0
326.82586585580196,0.0
229.86634185260965,145.25
336.5568492301139,0.0
187.85713185941052,251.15
188.10224884664964,713.2
115.90556939641796,0.0
160.48719835417202,0.0
144.5238015412632,0.0
79.21916389601434,0.0
143.85758590077018,0.0
203.39662285572115,0.0
112.67058603573966,0.0
332.6864383454707,0.0
111.11098462473385,0.0
151.23994007407725,0.0
235.8196893429358,0.0
173.32456585439016,1558.25
184.23481584446915,0.0
207.8687273290926,0.0
105.9578162948779,0.0
123.72019413846387,0.0
133.2368080197394,0.0
68.6367205710981,0.0
142.1319759545232,0.0
192.68695660525708,312.26
303.53654912383155,0.0
222.52215519080158,0.0
251.26492656533827,0.0
433.0514348721705,0.0
271.9094131626041,0.0
111.88321897195785,0.0
223.01679717298316,0.0
166.13286448913286,550.46
202.03896234587842,1012.71
231.52347430050415,0.0
257.02913084003575,0.0
294.9105906330089,0.0
314.0713472413566,0.0
175.36012882345517,0.0
200.17463087463813,0.0
82.49211450044528,0.0
226.90638578329688,0.0
140.92890788288793,0.0
118.12403733062662,197.12
266.7736940365025,0.0
122.05148152385367,0.0
173.63487039207197,0.0
140.26946942242276,0.0
211.83928814834752,0.0
147.47417838845962,0.0
304.54689510327177,0.0
136.02250418428747,0.0
154.87823009036921,0.0
167.28085907540097,0.0
110.72537526679483,470.25
595.642454695365,0.0
200.18557473078994,0.0
97.09697787291705,353.01
286.10497157010815,0.0
453.16469268563196,0.0
220.66869334230873,0.0
233.48720168026247,0.0
327.4589521210065,417.62
178.13758899834937,0.0
508.68620868597264,0.0
111.21081387788969,0.0
78.67914995404858,0.0
196.32185294173647,0.0
457.80766466419317,3524.5
206.8914181231879,0.0
269.30086675648033,1295.03
124.4453667494108,0.0
92.74071771311651,0.0
204.98039577612928,0.0
148.95139167926877,0.0
285.4759809750908,0.0
96.51939507372718,0.0
260.38923446185254,0.0
177.79337270730278,0.0
270.29709825275876,0.0
237.02173495292325,0.0
329.24518867072334,254.08
170.55558102490426,0.0
235.7943964942738,632.56
100.90098119243386,0.0
239.19436386224555,0.0
277.75623981821536,0.0
183.87600316874344,0.0
164.08469561994517,0.0
139.04016358769155,0.0
166.63865005082275,0.0
175.06688822374687,0.0
254.83796735809813,0.0
390.83463483404466,0.0
132.42644401672905,0.0
219.98535644074337,0.0
133.17428559754663,0.0
147.28629108971506,0.0
203.78607527040268,0.0
130.41655191891894,0.0
203.34565368712734,0.0
199.14717254557428,1114.32
202.96303681752522,0.0
112.50765266310631,454.87
230.4715233106271,0.0
132.6402877734729,0.0
272.1001812843984,0.0
204.163977838786,0.0
282.22279187410965,0.0
203.76818149343075,0.0
162.6743701110373,0.0
102.09973300367544,0.0
177.08613438805088,775.25
219.37058999925947,0.0
112.51756343124643,0.0
191.86046731029538,468.67
150.57765044075728,0.0
222.2197235333941,0.0
53.014747709484055,0.0
171.1952961429036,424.41
130.69665197884885,0.0
248.83819566127227,0.0
105.90268529214381,0.0
28.866181727660184,1333.6
136.195999778252,0.0
221.72364580701384,0.0
73.31432490926456,0.0
228.948647747583,0.0
152.0190114180318,1697.7
195.84031210679098,0.0
395.0579375283403,0.0
232.83649017403803,0.0
416.0048351586037,0.0
122.74751886260592,0.0
147.59551396446642,0.0
78.95062262003954,0.0
258.2721947001844,0.0
169.52879649439896,0.0
103.78386379833023,0.0
391.2655134676571,0.0
262.74204185660113,0.0
218.94352700461738,373.24
321.0338188878195,1058.33
398.77136733122626,0.0
141.27172304659476,0.0
156.80411691619068,0.0
232.02257544065424,0.0
192.50780892227795,0.0
214.02415762632938,0.0
154.5517799072361,0.0
189.57059354308103,0.0
172.0112854290663,0.0
165.0442359435311,0.0
209.46398412531457,1302.93
191.93227081196054,469.73
642.4669524990179,0.0
753.9579251012359,0.0
569.5442240115484,0.0
210.5709215660181,0.0
166.23673161999747,0.0
213.10836216289917,0.0
132.16013524015673,0.0
121.58032499724652,0.0
147.3093755753427,1786.04
209.2426843479738,0.0
649.2512431233217,0.0
147.38887821334038,0.0
213.76076198014596,0.0
186.80918887481388,0.0
159.26623066616114,0.0
273.15919360461993,0.0
505.7469269208276,186.19
301.7018298024908,0.0
153.42073816559136,0.0
161.32952242044868,0.0
145.5552731219471,0.0
142.55568810414522,1254.94
91.62221720915288,0.0
195.0294995358789,0.0
203.37326452714575,1348.75
287.1109166922737,0.0
184.08144971193204,0.0
139.89759267436276,0.0
83.98302141405316,0.0
368.969642871528,0.0
224.0865353200652,0.0
286.588799404495,0.0
165.29708835128875,0.0
387.41446507679353,0.0
377.58173731588874,817.7
54.97304460241116,0.0
185.85492171158612,0.0
224.1571650405233,615.75
244.89115809815712,1108.43
226.943926775586,0.0
137.06962778817086,0.0
210.07318547781136,0.0
463.2225003744468,727.29
209.81990011178007,0.0
203.12282708126617,0.0
112.3316116334508,0.0
133.70277511899894,0.0
141.06436061440655,0.0
381.83418221584583,523.84
199.92939738119696,0.0
188.59651238963627,0.0
174.21267265010312,0.0
149.72201918028256,0.0
230.20227187612602,0.0
824.7479106069077,0.0
441.8884630545245,867.35
482.2978094418498,0.0
151.02060636658143,501.13
139.86130680816706,0.0
223.35757718261794,0.0
199.7874254457974,717.61
182.1414009001051,1294.03
172.4225470013981,0.0
246.18438730323328,0.0
221.1666516649449,0.0
95.13600264572493,0.0
162.07040451419948,1120.78
210.69572097728786,2149.47
102.90205091622488,0.0
549.5904529537826,1112.69
238.0438938501943,0.0
203.08733258305378,1903.7
233.49722034116655,0.0
149.4968879820106,2216.67
91.16850852254379,0.0
288.35149898849255,0.0
146.0565087058108,0.0
154.93249678829804,0.0
189.75839213134321,0.0
163.14662594628928,0.0
194.06503255089393,962.18
202.32152946944692,1524.21
131.76948670870718,0.0
190.5133512359473,0.0
230.5481514437677,0.0
466.0658458120101,0.0
221.19284231965977,0.0
202.39190443557672,0.0
103.19882471696708,1325.34
238.23888488421923,1051.98
160.32323015163684,1067.64
196.9004118143632,0.0
163.68377615587877,0.0
141.58143537089532,0.0
295.7603797587588,0.0
107.45918123128922,0.0
221.11427992678796,1611.98
202.48147102513832,0.0
186.5669109714664,0.0
123.42658273246663,0.0
419.88313478363096,0.0
192.1065168276486,0.0
218.568729905389,0.0
131.74617177075993,0.0
129.93441014677867,507.52
178.7965239056367,0.0
240.2697063837696,0.0
224.2371099223594,0.0
155.98243449201715,0.0
254.49174170577925,623.11
248.12467956180015,0.0
214.75192427608587,1164.58
127.85241767759655,1022.15
227.27106297913622,0.0
209.62529409130062,0.0
237.4659735458196,501.76
389.2561445138178,0.0
145.40385029809337,0.0
189.1348069161556,0.0
107.91760806550668,0.0
118.19904139198268,0.0
445.9745257436,649.01
273.4290360088089,0.0
150.26932304179712,0.0
109.08824341187781,0.0
265.03052717973105,535.48
274.6700219126301,0.0
170.1213416977382,0.0
226.39952896801225,0.0
90.60464020177916,0.0
75.6801794744662,0.0
362.18657864617614,0.0
202.10123528337405,1014.69
59.475615154872415,0.0
122.40171651574512,0.0
178.3963860409524,0.0
108.70989779498109,1399.08
162.4162156295901,0.0
240.96360212262442,0.0
231.60066869287988,0.0
115.65812409326364,0.0
189.1421523465801,0.0
92.9894705055023,529.92
144.95753565816767,0.0
100.55024544471189,0.0
90.69293568429528,0.0
345.6795314875181,0.0
164.99733920042738,0.0
170.28398889631646,0.0
197.75940745699813,0.0
252.93772684851916,0.0
186.12349434698692,0.0
141.65501186422523,1064.41
253.97666216003051,0.0
207.33290270499012,0.0
66.01451814258918,0.0
275.3935657002255,0.0
218.67559292852562,604.94
116.15743483098547,0.0
135.24920324239827,0.0
206.33248727614352,0.0
215.88987570042633,1122.72
141.355014111563,0.0
161.76438259476754,0.0
235.00252049399705,0.0
488.3931414685179,153.42
112.96361771774863,0.0
138.3018502969769,0.0
137.39944965167453,0.0
189.57425641278508,2096.04
161.0475447238751,464.01
167.5492825972933,0.0
142.14356128627853,0.0
193.7293985516018,0.0
379.0536267820063,0.0
146.55647242773554,0.0
172.2582149532147,0.0
170.87698865250846,1875.82
225.79087512384595,177.65
343.78695808058205,0.0
218.88678586222613,0.0
243.24128343139017,0.0
168.41184055144956,0.0
398.39835002215904,0.0
260.6210921238618,0.0
139.62925163723634,0.0
154.09170878690225,0.0
150.46894488543052,0.0
128.98488811175872,0.0
212.4670546778398,185.22
730.7348851065775,0.0
74.75001375055605,0.0
153.0581049935567,2000.33
116.92258671263512,0.0
134.78307286922816,62.0
149.6770104023181,2661.76
208.68436040452747,0.0
325.4358831784058,0.0
152.95326909280683,0.0
105.80512210580964,0.0
159.13103653839855,0.0
111.62255213449127,0.0
382.0450974261639,0.0
117.76567777600735,0.0
223.04979355530463,0.0
123.55598974068712,0.0
261.1505593828524,0.0
158.6614392973176,0.0
495.8080789347469,0.0
378.4230860653974,524.76
151.52016396066566,0.0
133.42289057783097,0.0
238.18927337562775,1330.17
310.4493405631849,0.0
182.89183112431857,1219.94
242.58814254414074,0.0
105.26571011827473,0.0
129.77486242609433,0.0
83.83942257501755,0.0
137.95185217714547,0.0
299.42935148156073,0.0
191.6958472662861,0.0
146.4058529657478,0.0
110.2932150087819,0.0
176.04405675786094,0.0
142.09355764403475,99.02
574.0924634419869,0.0
228.11838882403106,0.0
91.38798219193914,0.0
276.16643523515626,2202.15
133.27313444190943,0.0
176.85362172627595,776.27
136.6506519913064,584.56
144.06244125051387,0.0
172.4147091618746,0.0
271.2751658167072,0.0
90.15402863087436,0.0
184.59753778283235,0.0
130.46762625576716,493.2
459.21082311512066,0.0
277.34777031056785,856.19
177.465438746779,0.0
260.7242915766918,1305.97
48.508803369663106,0.0
207.85373968415445,0.0
350.1547442127703,0.0
415.3886513143491,0.0
104.63411392932301,0.0
132.08884709264706,0.0
127.30428662573284,0.0
363.4136104005072,0.0
240.8733865077843,1028.84
156.60060848710626,0.0
322.29044263427147,516.35
91.9055947203194,0.0
142.5827775087201,0.0
189.87290783669903,0.0
235.3144718820266,0.0
401.6036394872286,0.0
238.39369801853638,0.0
92.00633908926085,0.0
92.63403032971476,0.0
190.108703946896,1799.67
120.21819627848151,0.0
144.40852299420405,0.0
227.20318058436453,0.0
433.7155791374145,5981.56
167.4550277429169,0.0
74.6201554261939,0.0
165.0778464310164,0.0
167.56299151989253,301.06
242.82173791490075,0.0
430.9020618443585,2012.84
132.46118133864604,0.0
224.78154335210735,0.0
195.16722527054236,0.0
273.75905559581827,1115.62
189.680059524995,0.0
454.68722303695847,0.0
115.97291677137709,0.0
317.03493927194904,695.05
90.97151464038431,1160.3
221.4527089467773,0.0
198.164357403192,0.0
232.5193684093592,215.84
221.69743370055505,0.0
137.8627898983583,0.0
213.4544176621175,0.0
162.87368679765322,0.0
114.03237518574511,0.0
159.53066753021545,0.0
337.5942929904922,950.54
91.3256383286551,0.0
263.3032126124408,0.0
257.9813788640469,955.7
123.62042032134043,762.1
456.877844522637,2172.63
211.2479596686605,0.0
155.03986336231813,0.0
177.3842823828308,0.0
510.69750209998074,2899.78
204.25060232100776,0.0
184.1687884513022,196.07
316.6814277553387,0.0
154.57049883293803,0.0
178.38286589850216,233.81
301.4770869222241,860.3
188.01912508955846,516.75
106.63497705079727,0.0
191.2285165663786,1585.34
75.74341084608373,0.0
132.38392805716,0.0
173.58923141344013,0.0
142.2885747648683,0.0
149.59825398426509,1503.31
184.1831942982226,0.0
236.39061625481958,985.55
288.7922960432103,0.0
264.0578017788961,0.0
242.13950496277576,257.91
155.66273147215628,0.0
164.48700028418364,833.53
256.3127478351187,0.0
218.6841007220678,0.0
151.23538842320133,0.0
675.3331633302384,868.45
308.1857601996348,0.0
215.19713271090595,894.38
572.8738461906362,0.0
220.45594162530648,0.0
132.76961432492567,0.0
201.5406773826203,389.72
210.79796569113904,0.0
48.99709706098689,1020.48
160.5761807348336,0.0
317.547983359398,0.0
112.06287642292766,0.0
78.57224537892871,0.0
165.56417913412037,0.0
285.9230794082204,2491.08
141.28738057613447,0.0
152.28681373079775,0.0
187.2051130652033,0.0
98.52707529935147,582.93
231.13181630675882,0.0
171.0541517298108,0.0
115.20953014877021,0.0
50.04270280520757,0.0
461.57762433510806,0.0
207.57291182106044,0.0
253.09900957089857,0.0
149.80141617722805,1458.95
226.44291517863016,500.06
223.05727253390052,0.0
287.2073341950413,533.13
297.3512891519309,0.0
271.9372892309034,0.0
240.70130110857133,0.0
206.25730166695965,0.0
158.67323688365104,0.0
430.9220185005096,0.0
238.0859077835403,777.54
72.9835724088993,0.0
198.15935336609533,0.0
90.86377097836292,346.88
75.67929785468564,735.27
142.92628997343016,0.0
110.90412463252683,0.0
208.37463240485917,0.0
221.88359112417018,0.0
178.18357309567344,0.0
178.7412920440898,0.0
127.09075370959845,0.0
213.70442541803934,0.0
219.90029954651504,0.0
249.31833416288956,0.0
146.18285744750122,0.0
326.0266169722372,0.0
118.02867407248068,0.0
259.40586465493374,0.0
171.201071267884,0.0
130.9431471185166,0.0
207.50932890653482,0.0
504.0720758378687,1121.95
161.36678175880613,0.0
182.69431547911447,0.0
110.9013800446984,0.0
163.00545820630398,734.78
123.8964138521256,0.0
137.37888545570456,692.86
209.2914309203436,0.0
370.6335413810537,2039.79
395.0431120425017,0.0
112.58286336068903,0.0
107.11016682883994,0.0
123.33548337086847,0.0
108.94870371019509,0.0
123.94817425693377,0.0
249.12123461127103,0.0
213.19821124662212,0.0
271.57283199265106,0.0
176.76601322574103,0.0
167.65986415621208,0.0
538.7067024927836,3289.16
201.12914365217867,2220.04
155.1908546322031,0.0
154.7858289757029,0.0
368.90758102350014,0.0
267.4695607167741,0.0
138.29100805088402,0.0
203.51022280578428,0.0
144.62129538587632,0.0
177.12329871394113,0.0
143.036655236033,0.0
109.20410983133627,0.0
189.59256636240238,0.0
395.69011705655055,0.0
158.18661755845753,1369.43
131.11452105631238,0.0
250.38478919380856,0.0
179.642270765143,0.0
253.59558038091055,1970.56
289.4770327674447,0.0
232.4269516581949,0.0
245.06247758787532,0.0
258.7240295213867,0.0
226.26826175623745,0.0
150.5866609321626,0.0
96.02676749076065,0.0
278.66423696418775,973.63
483.4704149154905,1565.99
1133.4950778048267,714.54
111.18880283423402,0.0
66.04390193520206,0.0
259.62674612019276,0.0
147.7558800855459,0.0
157.4887431939694,0.0
133.91103510727172,0.0
303.7166406966495,305.72
127.83724780332042,1674.2
144.86463183043958,0.0
218.0458463700758,548.34
270.6416982144364,0.0
257.09447939698936,0.0
165.79227862231124,0.0
154.99028591794124,0.0
129.78641733752528,0.0
174.9173640148016,884.64
142.21851243174035,0.0
93.10538809595765,579.12
210.54104097400293,0.0
340.5560473521516,4110.05
241.37259039235306,1061.91
122.59762232496996,0.0
132.889496705006,0.0
121.27591415934272,0.0
208.48794395213238,0.0
116.80543097369173,0.0
216.5600829152494,0.0
346.19330207587245,2063.22
124.51936645258228,0.0
1119.3796061626338,0.0
322.0630298547125,653.52
163.29157014766588,0.0
282.6176119339985,0.0
224.5507141573599,0.0
150.0417959357769,0.0
98.90408198350852,0.0
134.33641977940016,91.72
142.37628354275546,350.38
234.81611794157791,0.0
100.03927747507363,85.71
109.46432992716112,0.0
145.03566208391223,0.0
81.94104806645737,0.0
72.87260187037857,60.28
101.26826007714688,0.0
167.77164303686354,0.0
308.14292456377035,0.0
199.0864955298289,0.0
223.0450094829202,0.0
132.64466651780688,0.0
127.68543867811643,0.0
154.1890831965185,544.29
197.2576334168262,0.0
277.4407089537752,2567.18
222.77917911520157,0.0
242.6049775687607,2185.73
210.82733613271378,0.0
98.96116066708336,0.0
132.61258213159564,0.0
279.1994107064238,0.0
197.7773317429469,0.0
460.7743192665928,1461.62
200.6361046029089,0.0
265.4434116001821,0.0
332.96541640269203,0.0
104.43830490936936,0.0
188.12109467082698,0.0
239.19002186377963,0.0
80.04019319465071,0.0
194.36401816047305,392.91
279.23961127219854,0.0
241.89893484682324,1751.7
240.25073404720496,0.0
142.10253991650396,0.0
351.03582351046737,0.0
105.3964842765312,682.96
271.62967187973334,0.0
242.33888356089273,0.0
158.53694165418574,273.23
251.87108386655711,0.0
231.92088596640875,0.0
319.08220596434404,0.0
171.8206416365817,0.0
287.20905286747563,0.0
203.3520767548006,0.0
117.18344909599433,505.17
268.68879686670147,0.0
156.06128230351564,0.0
184.2258807702155,0.0
134.78616305483996,0.0
213.51725157301064,0.0
128.38294238290482,1038.07
285.39636229008073,293.78
126.76895045760114,0.0
106.41241723877938,0.0
276.7053228963535,0.0
168.18180002129094,0.0
78.80398298641317,0.0
312.2623330353593,0.0
331.4375971100378,0.0
245.75229812977932,0.0
182.89942347466874,0.0
116.12518993700544,0.0
208.83456308147743,0.0
233.02755835923963,0.0
138.82238511148805,628.91
211.9351428267042,0.0
232.5730343319322,0.0
300.68123556810565,0.0
220.09029916529397,0.0
71.92942172083461,0.0
251.23535396581318,0.0
66.74698736301806,0.0
100.02716675235052,0.0
233.77517498679376,0.0
205.66935562403623,0.0
199.2096323872011,0.0
88.08674476431085,0.0
128.33955135860796,0.0
206.71610012153673,1524.35
207.06689854673903,0.0
207.84371151964234,0.0
133.26558941158535,0.0
164.5502405229783,0.0
205.3033192583726,0.0
123.63783266338916,0.0
107.93905863373477,355.27
119.30793540874265,0.0
757.2870915329785,0.0
178.81941285515808,0.0
225.80524792774023,866.66
141.07281861278722,0.0
152.20815706625197,0.0
475.2565991582663,938.28
441.6750955591602,0.0
165.3164641661678,131.53
236.2723172364832,0.0
144.42011435918977,322.56
141.49835437372897,0.0
271.19062568028534,0.0
234.92097457363084,0.0
222.71887410076616,0.0
218.1034175349677,0.0
208.69107105382142,0.0
178.90028812255164,0.0
1038.8694420142938,2723.15
167.10461233452696,0.0
159.49332466065482,0.0
163.50530482636228,0.0
128.6280649471383,0.0
199.9856202044171,0.0
109.7208338686506,0.0
346.00766272600185,0.0
538.1152440893061,785.95
204.3970360577164,0.0
170.52358428217022,0.0
242.21720361411914,0.0
194.91333117500596,711.56
265.1238656810135,0.0
96.87360770025508,848.67
116.26015488519522,0.0
94.30154486245141,454.9
117.28776448785145,0.0
183.82697294012752,815.65
116.80441155474632,0.0
348.13648861168963,0.0
335.25031799717016,0.0
163.99923206832642,0.0
78.94818897579192,0.0
66.16820513439718,0.0
122.45118960000978,245.35
303.01145455478274,672.91
82.76719599472814,0.0
291.70740331149784,1840.84
147.8041877120722,0.0
121.67057955583944,0.0
224.14504636309087,0.0
326.71423970621936,0.0
86.86638853909183,0.0
126.8600587608401,1623.48
243.5499164634734,0.0
134.59415260984414,74.95
170.19345724661358,493.81
277.1415430976577,0.0
273.16648421735164,1370.15
123.09628786177257,0.0
125.54059627648115,0.0
180.2126837984752,0.0
230.745853758828,0.0
103.01370995606109,0.0
134.96693006690737,0.0
282.63280306453356,0.0
270.2591761990644,338.0
183.19848152727016,0.0
300.72572326627227,0.0
463.0766437485846,682.06
147.59680617690952,0.0
193.42295868165274,0.0
207.27677549167305,0.0
237.59788198027812,0.0
137.85576549348295,0.0
161.06105040444297,0.0
214.52263444466692,0.0
124.93288355079602,0.0
373.7174138891988,0.0
199.50111612925016,0.0
320.59206922209717,0.0
178.53930286267027,0.0
157.91752377635535,0.0
188.13927765424694,0.0
189.99038942209208,0.0
269.25415118564166,0.0
161.63255907353005,0.0
102.41328503445365,0.0
178.90525242994448,0.0
141.40836831101592,0.0
243.82012899172054,1320.47
242.45629815163403,0.0
244.2393902966378,0.0
183.92390279834333,0.0
204.16211939367392,1392.68
148.20017016686592,0.0
176.29947256829027,1164.74
185.14651924239925,0.0
11.252507672247285,0.0
504.14844489173385,221.28
227.0653693612576,0.0
231.542861256062,0.0
186.57067352540105,650.91
200.28006792515518,1430.69
96.18835942574479,0.0
257.3294106793315,0.0
46.99750498717503,0.0
383.14547197654616,0.0
179.03131239569285,0.0
306.43130894998967,0.0
334.67243836695746,0.0
279.5402785453848,0.0
152.53149525500163,0.0
293.40813320069515,0.0
46.987954392753686,0.0
199.52540981869564,0.0
261.3496468285268,0.0
107.49056558204012,0.0
191.33415013808755,0.0
96.35224525571388,0.0
119.53034840243052,0.0
159.82537285138568,0.0
247.55148491731183,767.09
144.09363199750783,1581.05
206.96314036991754,0.0
123.8736447457158,0.0
90.86244904705372,0.0
167.80630081899963,0.0
242.97670937040263,0.0
185.93715055379053,721.59
267.07163244622865,0.0
103.83119471425388,1606.34
189.69530503899597,0.0
219.13904038956048,0.0
138.20421689515447,0.0
110.44901680663686,0.0
285.37325390878107,0.0
529.3848319422189,0.0
261.8710819660722,2235.15
327.55328890800905,0.0
161.31192539343098,0.0
402.2786684939753,0.0
110.96902280761826,0.0
98.00290897693814,0.0
153.60047131168935,0.0
133.5220727553621,0.0
379.23442146030123,0.0
212.90169132906865,0.0
244.6937071899136,0.0
162.6027782992158,0.0
83.59848622571093,0.0
273.1054552617795,0.0
135.47513248772967,0.0
331.1259590917172,238.67
405.36810355280716,0.0
317.78430619690477,1497.0
151.46989315202254,732.15
116.6675952869012,0.0
137.19943783810467,0.0
201.52060214608838,185.57
89.06312724966523,0.0
115.75847973230516,0.0
101.07869770429627,0.0
201.585484491836,0.0
322.0678493995079,0.0
168.498706903271,2186.53
7.842024845031882,0.0
34.466487056489605,0.0
178.83981727426752,0.0
238.21171242629273,1140.69
131.88263370473774,0.0
157.06002625967747,0.0
124.87139416489659,0.0
103.1734248194082,0.0
211.91932106793155,1154.77
139.1799453481538,0.0
250.1756684718164,0.0
256.15238301832596,0.0
120.24601072883249,0.0
150.72824643068185,0.0
233.21782692377786,0.0
126.04885768485079,0.0
75.94267046213048,0.0
350.11910647172465,0.0
122.81532336636396,0.0
85.31950982970478,0.0
140.36456475321526,0.0
108.10169369893629,0.0
135.59795936842883,0.0
137.63105900659693,1312.42
210.72643970040335,2992.3
115.21746727723753,0.0
266.4204501026877,0.0
203.47428126757896,0.0
274.6311142009764,0.0
176.8667452618821,0.0
136.78902968809047,490.55
167.70643417179096,0.0
158.80426324315206,0.0
195.97858063926185,0.0
117.51190374454265,0.0
190.05901397384181,0.0
412.8338709834836,0.0
406.5297069292463,2319.2
134.54926540096062,0.0
245.6027675090247,1669.41
193.3580475733937,0.0
264.1767394584307,0.0
193.65717953159344,0.0
228.98134492479906,0.0
127.98832065782275,322.77
160.96097767482462,0.0
296.98066075016294,0.0
188.5077442147356,0.0
300.15262812943143,0.0
200.5825784717202,0.0
188.1539195291064,1580.71
118.32201849313851,0.0
147.35433401550566,0.0
234.73723939544115,0.0
154.75201681524615,0.0
108.11406932056882,0.0
73.29638933625857,0.0
170.45339632393467,0.0
177.11736891944352,1593.72
235.89968057543715,932.82
161.19299698351645,0.0
181.04463029380955,1327.1
275.9500105617734,0.0
194.17319038869493,0.0
172.8477410696379,0.0
179.4580434287518,625.42
220.16344283351955,745.98
66.2198671343229,0.0
183.60080994938133,0.0
120.96799303976701,492.48
161.56723432845624,0.0
243.99716148908817,0.0
216.9047386256528,0.0
108.15986338836872,0.0
127.97188686018669,0.0
171.9644312442503,0.0
117.55919899960963,0.0
205.78460042706604,0.0
90.61227751901315,0.0
169.5490507478938,0.0
221.7347168150309,529.24
365.5210690464952,596.31
100.11518934144993,0.0
213.2886876624444,0.0
223.90447962195884,0.0
142.44230248794136,0.0
224.45157011602225,637.96
246.41413931649393,157.86
106.69586276472508,758.94
178.59252256668316,0.0
101.33303651882886,0.0
279.11853876724774,0.0
155.55805912149378,0.0
104.21224969362994,542.97
222.52050352092104,0.0
215.55027576020782,0.0
148.72760381778727,144.51
202.83836504924528,0.0
89.56714844088776,0.0
157.99916151800662,415.66
150.9162136654548,0.0
155.88693475666983,0.0
147.62843046105442,0.0
140.31049188281898,0.0
118.78049589300974,0.0
171.2014440738026,0.0
104.51688303474276,0.0
244.41809638212536,0.0
236.2924823541146,0.0
132.0525601009672,0.0
479.2847190203001,0.0
202.25255728526116,0.0
185.10138088720026,0.0
58.14467811816394,0.0
121.43083569031852,709.08
295.7618366832595,597.45
211.70304722662888,2404.5
163.34484153927275,0.0
79.71661436030182,0.0
164.98438530151773,0.0
172.13326304113022,0.0
103.73999486180269,0.0
276.1819996618904,180.14
208.03464537254877,0.0
324.4832390310488,0.0
264.24363337589034,0.0
189.1649627764534,145.51
252.73024778935897,0.0
187.82918019138455,625.26
184.13094122528534,0.0
222.85377236634412,3942.48
179.3318850881143,0.0
215.3480335739973,0.0
196.52204042958493,0.0
163.5923038270639,0.0
305.6745616854089,4010.88
396.4132252839928,499.0
123.51280041436947,0.0
223.37647760135934,0.0
193.07262309733017,0.0
233.72419251011178,0.0
160.97665780276114,1301.72
253.3164845918278,0.0
130.56922212506242,0.0
97.35837343370545,1070.92
321.14274674993817,0.0
174.30446568222848,0.0
240.54514630760485,0.0
91.6997195783115,0.0
189.886021813829,0.0
172.78120831471182,1698.88
132.15609125079558,0.0
264.83451274085985,0.0
102.58157007272706,0.0
157.33007912177226,0.0
131.41590079457515,0.0
146.34304552681292,0.0
103.50282419832168,0.0
103.64454649874558,0.0
241.6421118357932,0.0
60.274722951935836,0.0
217.52552209072624,0.0
149.8157907001355,0.0
217.53796141505845,0.0
237.00876104280036,0.0
148.4912688292318,0.0
166.203717047661,132.76
254.640665618327,0.0
141.45078830975848,0.0
121.02881163610269,0.0
119.89456312044432,0.0
305.57109270479145,0.0
247.25427805680098,0.0
421.51327049007165,449.23
130.42975878734973,0.0
194.26973112730482,386.24
161.34261148795912,0.0
245.29109245894074,0.0
86.20933121186256,0.0
406.9868067793364,0.0
372.71600699641135,0.0
299.32986997220877,0.0
135.86141281659937,0.0
156.98521903997914,0.0
228.4504338071475,833.98
227.94264572951175,2209.5
208.6729875301826,0.0
70.24173063933638,716.23
150.8776073975641,0.0
178.43387335507086,0.0
286.1354670627408,0.0
81.81157893759448,0.0
156.47862707060673,223.7
260.28791468316336,0.0
133.54789308272814,0.0
165.98010282837612,0.0
260.19661825705657,0.0
140.79407680640685,3612.92
52.151026826574984,656.95
160.1279860482703,0.0
149.18521930827117,0.0
240.55133830827364,0.0
232.83406751548313,0.0
181.49875430489962,0.0
212.6501076557632,0.0
189.3588355987129,459.83
215.4892739821192,0.0
450.4701575867827,4288.32
266.2564969099917,0.0
150.84006560249466,0.0
275.71034682836313,0.0
161.2932925152559,0.0
157.4444461628713,0.0
134.93679544476544,0.0
180.72690083642846,0.0
148.54432058059302,0.0
256.2368997486677,830.11
176.9221792154262,0.0
74.61840036519743,1748.85
154.14249029742749,0.0
126.66551617816994,0.0
345.65246114156105,546.48
175.92503434862334,0.0
251.5424061724487,1264.32
399.5463349995128,0.0
154.08755323242573,0.0
186.07075078645727,0.0
231.64302314795898,1002.81
216.10128805694254,0.0
308.8185885308823,0.0
38.38415845613186,0.0
127.50937807021573,0.0
307.29086683511014,555.17
140.07023507673853,0.0
308.56114853705134,0.0
147.56005784090837,0.0
167.11002582237737,0.0
190.24850095024863,0.0
374.5654288977174,602.63
241.80965054848286,0.0
175.38891673467768,0.0
90.46086553963865,1646.03
206.94004178695056,2131.13
205.51894016195678,0.0
105.23720740621752,0.0
165.8944213328149,0.0
192.25233132688157,0.0
130.00163017677323,354.8
470.5555996431115,1229.5
139.00219545023302,711.78
134.51696240644046,0.0
602.3663851936147,930.72
121.2790263292257,0.0
346.2583425932423,0.0
345.34469239469183,834.68
138.27359878474692,0.0
107.76480805697895,0.0
109.95152149364077,1273.62
140.4023514139943,0.0
352.18476634011046,966.37
236.70642471393825,0.0
214.68259274492235,0.0
239.67360101998406,0.0
381.2952218233984,0.0
165.81682764037578,0.0
117.97253618289531,0.0
125.4767134450983,0.0
132.90764909532675,0.0
128.66192790277788,0.0
101.85025882639223,0.0
501.83601852415813,0.0
640.8890772803408,0.0
150.8974010027781,1025.64
443.8877879956656,0.0
117.08875117133137,0.0
229.62210843317104,0.0
178.74516332869277,0.0
126.21056823807365,0.0
166.56728277651698,0.0
227.71403122204146,1413.12
238.69704540898903,0.0
120.53991876466455,0.0
128.59391537460397,0.0
116.04021865831409,0.0
276.1984656289489,802.38
116.73380083746021,0.0
298.22842441412644,322.65
87.55681654398968,0.0
81.95343776551947,0.0
293.3760806945227,0.0
114.90965635408828,0.0
142.22835874896236,0.0
400.0316726917812,2373.33
167.2544533027564,0.0
150.630970868946,489.02
111.64401750861889,0.0
120.48562576811484,0.0
126.83380387329261,0.0
105.99387557571112,0.0
189.64295926720766,0.0
214.2490563368892,0.0
120.67394149703166,0.0
275.69441678341116,0.0
140.43170862245137,0.0
413.169676858225,145.26
123.44341481468693,0.0
76.95757182605831,423.79
113.05442382679648,0.0
156.01988589391013,0.0
343.9441911603723,0.0
152.02407694989736,0.0
137.81224101018714,0.0
126.85634118039471,0.0
187.9517689045171,0.0
309.31265951108753,0.0
216.27309144771914,1575.08
147.1649714702344,0.0
335.9253462300701,0.0
241.45873782131832,0.0
200.74859989656994,0.0
229.32996028113843,0.0
111.67559123317267,0.0
27.093298967434624,0.0
317.07834674058716,0.0
88.80725172119298,0.0
341.82512690549174,0.0
191.27885992161802,0.0
197.48606665434463,0.0
107.02238618781766,0.0
260.46257824179236,0.0
229.65133389870996,0.0
183.8616489951956,0.0
149.27242281594934,2029.73
209.74928122802467,1665.24
285.2269904187282,0.0
96.94315824432027,0.0
545.775746082968,670.3
83.14219468617836,0.0
107.69011128397885,0.0
183.6215596979603,0.0
132.1108976864923,0.0
672.1782936617029,260.4
166.43396462186465,0.0
163.22021332213518,0.0
271.27382384724336,0.0
223.64519254368517,0.0
67.57353454317796,0.0
265.54712551687095,0.0
188.08247452229804,583.68
165.6279330417544,1449.74
177.04028011470916,0.0
116.80579188548217,0.0
247.74719785132933,135.62
101.69634331728741,0.0
91.08970140845865,1062.36
227.4073259104772,0.0
49.81913930789612,0.0
80.23731407596567,1140.01
393.62386660744124,0.0
127.99256856917994,0.0
101.45830101291713,0.0
111.18089257130342,805.27
177.82057624450576,609.34
168.57140526158364,0.0
103.36055480458057,0.0
192.62732541283393,0.0
356.90157671859026,0.0
170.9622967591159,0.0
167.23434960442313,0.0
338.3346343846611,633.71
129.52772760335694,0.0
165.92946443305945,0.0
187.29096701258288,0.0
461.2366987474254,0.0
186.61522584510678,0.0
181.49849529664664,792.12
276.9033742103009,0.0
354.7714778323902,0.0
373.30295599435766,0.0
206.28397599540133,0.0
129.36504695917816,0.0
165.28105253940484,0.0
245.4695690823555,45.36
173.75528759013065,0.0
225.01227318570128,0.0
266.654067741493,0.0
110.5743209951207,0.0
175.15056927786972,0.0
203.8792949557484,0.0
208.66890446281522,0.0
160.8367260106261,0.0
257.4470682468415,3199.62
73.33254388804907,0.0
267.7728633832991,0.0
187.78966008570197,0.0
148.99760123542018,0.0
74.7037913829452,0.0
132.0239957276023,0.0
103.63109965665596,0.0
254.93243060286295,0.0
463.069115618646,0.0
158.30036576275134,0.0
233.13075120369356,0.0
193.62267072256518,0.0
248.24936257041102,0.0
203.5718294696684,589.7
467.26890715668685,0.0
89.53783276524987,0.0
81.90551058660628,1453.93
259.48998832478424,0.0
259.84748432757544,0.0
346.83951076512585,1050.58
216.83074288032745,0.0
132.81075017587108,0.0
74.55606659366573,0.0
138.6342954051573,0.0
190.37189135238023,0.0
36.90926291976021,0.0
254.9473712268346,0.0
179.13424877778723,153.23
120.0474681311609,0.0
98.20874330571311,0.0
74.23437538698823,0.0
184.40116934842206,0.0
63.707406420769324,0.0
141.1194058915185,0.0
176.33992825897653,181.3
55.816386039418106,0.0
65.23298519555611,0.0
88.19904358079907,0.0
327.3345482271257,0.0
71.08748420263122,0.0
264.20114777872186,0.0
125.66454461486795,0.0
233.13200700990777,122.67
155.04916071816052,0.0
131.16807748957862,0.0
300.74979000721737,0.0
133.73917589241375,0.0
164.6379700084876,296.81
226.92524347072674,0.0
100.0359901808029,0.0
250.83798497159896,0.0
148.0764355588884,0.0
103.71729687865572,0.0
113.01853798964123,0.0
40.28259125122179,0.0
263.4793887939263,0.0
71.63575203750614,0.0
359.27932108430304,0.0
231.88720628275664,0.0
169.38306922239283,0.0
135.24174089630966,0.0
171.4460117295529,0.0
400.33297992746697,1307.27
164.36411587325097,0.0
128.5041534583725,752.07
115.87216158392553,0.0
172.12755968492357,0.0
506.00431060364025,0.0
254.03965206970722,314.91
132.58781358877607,0.0
276.7988415541252,0.0
143.38284589692893,0.0
234.9692565287367,0.0
127.21222340915995,0.0
249.91013878756354,0.0
163.7252977328576,0.0
380.7511509326906,0.0
125.84934486277743,0.0
146.29845368288017,0.0
171.91338879443873,0.0
310.8046862689159,2768.54
95.3841314437078,0.0
126.55141456628077,0.0
222.68473180913324,0.0
108.13005790580428,0.0
238.16200993996904,64.27
296.43449885677995,0.0
227.22374162600232,738.95
116.2470412807809,0.0
329.55352337630717,937.34
243.7193767539893,0.0
245.49552764957673,0.0
246.12040854628398,0.0
127.98595923508591,781.26
198.30515877000568,0.0
165.02576102615168,0.0
154.12251294768012,0.0
252.4429129496759,0.0
400.61563953879534,0.0
170.3220807838596,0.0
134.36404105767704,0.0
158.90796428292285,0.0
192.9230091386369,0.0
224.9918698141302,0.0
221.27036729794204,684.96
241.19192840687168,1538.26
175.60873293641,0.0
260.6947952868833,0.0
403.8407835669402,0.0
379.31183084305394,0.0
170.9578702471849,0.0
207.2145133958013,0.0
183.74585285980106,0.0
132.45749461305778,0.0
253.48904595613067,0.0
186.31487018955153,0.0
228.20741459951682,2180.91
117.60925003843259,0.0
86.01008624813191,0.0
211.6014718744392,0.0
256.07934006244534,1088.3
185.79457655828935,0.0
192.0185511888658,0.0
296.5534995530237,0.0
208.62059973499737,0.0
109.58301648764167,0.0
153.0865442016336,864.22
257.21243770206854,0.0
282.5207799801374,2856.79
133.5637475829637,0.0
306.5229254474742,2263.06
245.7183081968249,719.38
128.11748237559485,0.0
198.10205382040917,0.0
185.57491512378667,0.0
183.69697251767755,0.0
107.126305170206,0.0
142.00771463180183,1310.4
332.0961377830476,190.72
185.7817199089716,1053.36
266.44011772233864,0.0
133.10491568896077,0.0
239.91009585905965,0.0
159.28859588363352,0.0
253.0739744068044,0.0
141.9823461812927,0.0
235.77521526659285,0.0
104.94430963437648,0.0
226.0074036632853,0.0
241.96606247568278,0.0
144.89539887579153,0.0
222.20201275928278,0.0
255.7401264112869,0.0
100.20921402524087,888.39
344.9720055840734,0.0
261.2164922966713,0.0
207.24387409911168,0.0
135.88860964413774,0.0
132.54902706952484,1444.32
157.82364010711672,1345.28
145.07957043426003,0.0
166.23453706929592,0.0
150.6313052670224,0.0
159.13774666619497,0.0
258.4863040782551,0.0
224.8184418252585,121.64
366.97731059732945,0.0
455.79849304814854,0.0
870.7230030705116,0.0
164.21225444540386,0.0
257.39497062488886,1110.93
248.03390128767887,0.0
248.19330460133688,0.0
173.72673696398832,0.0
136.55588280650127,0.0
219.3009459788622,443.15
198.5609091666715,789.16
140.51710277661664,0.0
208.08012294513736,0.0
215.4299741481795,0.0
227.07148214070105,553.01
153.2074837249464,0.0
116.9208963112326,0.0
183.06666783813012,0.0
148.34032709027824,0.0
222.96418400788772,1370.2
193.13717253539937,3125.46
72.20323147191628,0.0
306.537925207679,7514.8
329.19541540129984,0.0
141.72383628191648,312.45
152.62198259544755,0.0
128.2053038053353,0.0
107.97827906197236,0.0
322.63349000936904,1569.58
204.34865841266537,0.0
137.69286589855002,0.0
212.73365109084375,0.0
100.09346245734204,0.0
275.4043474974347,0.0
169.00656538144665,0.0
146.141976916114,0.0
163.15984778473467,0.0
274.64574718218455,0.0
210.7260861782594,970.69
209.81004839350473,0.0
190.4084956456856,1599.39
280.8342266612456,446.74
35.128913719535014,0.0
263.5804527849221,0.0
53.946690272227656,0.0
218.85938374384435,0.0
546.9914438584067,2230.84
221.3129221537268,1747.88
265.3927609174836,0.0
281.0934762118894,0.0
229.73002913808105,0.0
107.70779514534178,0.0
213.7747839897336,0.0
200.02561090900193,946.78
235.45301548936794,0.0
202.2857690403033,0.0
167.65844969047242,0.0
251.34714299194195,0.0
262.274807170291,0.0
86.53328909264408,167.43
305.2319139602814,0.0
212.8775175772085,0.0
306.4392396543801,0.0
408.2673457997802,907.56
201.4051597248571,0.0
213.82280394699012,0.0
168.2760194450257,0.0
105.57107452598466,0.0
142.55007076911457,0.0
55.69651088352993,0.0
18.740157646866233,0.0
155.5944201037809,631.77
116.57401581004726,0.0
446.69715274371407,264.77
236.97516771794315,0.0
123.28429321593408,0.0
290.3081603627146,0.0
150.43374515340776,0.0
234.04574739284823,0.0
167.65698814027877,445.79
212.51990395685272,0.0
215.11778522415904,0.0
56.92189176529755,0.0
189.12350239348183,0.0
126.76646097903635,1675.65
125.96511817749115,0.0
116.66984860344637,0.0
98.4215424603219,0.0
139.78174675036428,0.0
170.69784484031896,0.0
257.9034729728902,0.0
119.55373303628897,0.0
162.28016897625656,0.0
109.54092312562453,0.0
230.422750570087,0.0
203.85095575440536,705.07
119.8179461408352,0.0
230.32478971189045,0.0
183.5443758910066,0.0
110.83134319562936,0.0
248.63237508592536,2027.43
152.9452537231459,0.0
199.2919883850217,329.18
181.28158523973465,459.03
302.13880588974797,0.0
165.98836698431393,0.0
133.4005501133611,0.0
151.7575193887632,0.0
140.22801343951718,0.0
219.7587334598027,0.0
267.4584969791069,1240.04
237.19549097537256,1399.88
173.05967387494584,0.0
468.95448233893154,0.0
95.90522374456243,0.0
455.1785080528379,0.0
325.94742142768473,0.0
334.73162717110984,0.0
126.84522159539641,478.79
184.47928538314548,0.0
210.56901549384125,0.0
216.0298229800142,1353.87
396.4336754508236,0.0
337.8676406198933,264.38
105.29624169001397,0.0
235.0435149082315,0.0
111.6893496250108,0.0
333.6964141006481,0.0
289.82249355271074,0.0
407.60736631596785,775.53
306.7538532357327,0.0
219.8985453032009,0.0
79.55010849956595,0.0
162.3210226474853,0.0
281.8607318117396,0.0
107.88153134595417,0.0
200.63105555147055,0.0
156.90065231754375,0.0
143.34758036768525,0.0
187.1556024750653,0.0
251.0416200711905,224.61
342.45437039583385,0.0
165.8513794691667,0.0
152.16130552444463,0.0
138.58594006773632,0.0
166.6095531106895,0.0
146.79988460045143,0.0
138.5051825161348,0.0
261.22299132906966,1014.26
151.75780148240582,0.0
118.03023333379097,0.0
219.65584127885117,1132.17
153.53169018140463,0.0
133.60969423899718,0.0
198.81944307397652,0.0
217.58354898621732,0.0
280.48399917720747,0.0
405.9497269355672,0.0
273.1950399717587,0.0
223.33220525193258,0.0
232.55053399428294,1426.37
151.66925764425955,0.0
540.114402777278,656.35
311.66629939239095,0.0
188.63045889666327,0.0
272.95628501973954,365.88
80.20730115250156,0.0
151.7261440799195,0.0
224.9081877927467,0.0
164.35019097525415,0.0
198.3780638237196,3069.08
135.04866195655913,0.0
169.67234127242253,0.0
272.3070396534295,326.14
203.53213790666527,0.0
250.68336567815362,0.0
232.45942422300843,632.14
271.6862097304929,436.22
232.06523559709174,0.0
182.67805969341174,0.0
304.3700178855108,0.0
168.54442618409755,0.0
274.38247299071884,0.0
227.7983333533781,0.0
237.19906903472577,0.0
168.13586073678883,0.0
86.36191402123953,0.0
246.68178383691833,0.0
280.9023270848325,0.0
171.3903549556112,0.0
126.65791282403664,0.0
93.54550651923408,479.72
158.85375646103068,0.0
148.189379321649,0.0
202.21994234785925,0.0
289.6003853717165,513.58
603.2580529798497,0.0
279.4592057632001,0.0
290.46699828139145,1993.92
161.67522292434154,0.0
129.77201466725535,0.0
485.65134870508035,0.0
109.77147799085839,0.0
219.39232014708676,0.0
119.40765769953076,0.0
300.52523983472963,0.0
201.56732232182313,0.0
90.62484332489612,0.0
134.04555267444997,0.0
186.2631859049889,0.0
313.2058187993492,0.0
255.53544486358695,1006.63
96.40713564034549,0.0
158.51444862970317,0.0
269.73323714631584,0.0
293.1915209700777,0.0
551.1562851571122,0.0
72.21440708267652,0.0
276.77972243382135,0.0
442.6535976011701,0.0
309.91533552566096,0.0
307.5861888247213,0.0
294.8532586172715,0.0
158.61706100620006,385.19
228.06663634994473,0.0
318.20917993249464,0.0
149.47951150586096,0.0
179.37266740503105,0.0
133.5644496639867,0.0
331.1800681233188,0.0
314.50283251468244,461.72
152.55490716209175,0.0
146.22151860315196,0.0
170.80386535974225,0.0
384.50520433338085,0.0
289.1321160018683,627.02
124.55824423402547,0.0
178.49297277405847,0.0
225.70035811127775,0.0
250.34816849392638,0.0
328.6358653988416,738.86
257.5991396481138,177.04
215.47270799265905,570.37
330.6107570542806,0.0
189.49719362339857,0.0
109.90135016087662,0.0
213.49732268912518,505.26
163.84041452160417,0.0
126.1452143688738,0.0
260.34063877928463,0.0
121.40911536483429,0.0
434.4709535312639,0.0
281.6812326084682,1635.73
186.1296011125374,0.0
167.7394491611479,283.18
117.39023217696203,0.0
260.9867146554054,720.68
98.59224013926706,0.0
160.6549865441544,0.0
230.87522735139027,0.0
134.0955169603667,200.72
241.70925620349783,0.0
239.32272363568978,0.0
202.384058844424,0.0
199.5851960822991,0.0
162.1856973682358,0.0
404.1046279173198,0.0
190.27165259181965,0.0
117.88464485965132,0.0
421.60129609570384,0.0
164.96407366409846,0.0
187.3568725030174,1132.03
216.55358694077864,1011.66
103.12683390691446,202.5
129.53960371434854,0.0
178.73405629836083,0.0
138.89290093519972,0.0
251.66566346443312,0.0
380.6383672152745,187.09
184.4004013875018,0.0
255.80282471233681,182.26
155.79801324462858,0.0
277.2653333227981,3742.36
99.31727399557812,0.0
741.0960661045185,3403.28
207.89494121715637,0.0
242.45241823735412,0.0
229.0041500520062,0.0
101.62066479968563,273.05
119.80217985884043,0.0
168.7154292525053,0.0
112.0483839506828,0.0
130.18834477004015,0.0
239.94123123168433,0.0
243.3643275268123,0.0
160.67362620418214,0.0
141.79845711847562,0.0
156.43579003071324,0.0
167.57224894659439,0.0
271.72751939683303,0.0
339.93190335065,0.0
215.88876061134337,0.0
118.59329816938997,0.0
278.6051316876342,0.0
200.724097599383,545.01
219.21282725521456,0.0
116.84064422220293,0.0
477.89090624843476,0.0
92.60360283063106,0.0
110.21288911661978,0.0
273.91960189129475,0.0
190.78646311420314,1046.64
618.7410540416455,0.0
74.62042963927517,0.0
207.3168848022666,0.0
173.55542609618942,866.07
184.3084099577209,0.0
199.3922175893087,0.0
151.35927398698666,0.0
147.90415658741674,0.0
241.3731061643427,0.0
146.48393010098957,0.0
281.3068670170059,0.0
260.29771187867635,1130.47
109.73412707353673,0.0
206.66674534271564,469.18
151.24146915918973,0.0
168.02238295985134,531.8
210.07361993979472,0.0
67.6876803869665,0.0
218.10045082660983,0.0
213.0763373684307,1016.87
192.04291337512615,406.41
79.09142461205349,414.15
197.17717822690892,0.0
77.50937220099681,549.15
111.98220068608205,1034.59
38.5442730229403,731.61
180.8231215236755,0.0
161.9141356969317,0.0
196.27698445621948,0.0
259.3002548816925,0.0
120.10615547871878,0.0
137.9741610973887,603.52
259.39257572661177,1017.62
119.3467863871796,0.0
332.1010473143706,0.0
379.6904918935864,198.81
172.15805513299821,0.0
316.85696731410553,0.0
126.03995966329104,0.0
196.03141504029378,0.0
178.04682464093443,0.0
136.3235104619969,0.0
146.75365624414349,1414.54
264.32337502373304,0.0
201.57987868452875,0.0
101.58749670626254,1028.88
127.45586103965724,0.0
550.6081167900827,0.0
210.76683278982452,0.0
92.07737953773184,0.0
266.2086325620381,0.0
129.43317360567076,791.03
171.76468451381578,0.0
220.1185167510173,0.0
223.6393313363438,0.0
244.72591242334107,0.0
136.9063343317007,0.0
197.10642758104254,0.0
272.5915674032868,1861.15
226.74947562912428,1193.83
250.125153241814,0.0
201.7847757492429,0.0
101.44269910511298,0.0
202.5644779298504,0.0
133.14653215838652,0.0
289.8964412482584,0.0
335.82345582387006,0.0
91.45551388878388,0.0
114.4973713244451,340.78
499.22324343615657,0.0
310.4551042542226,0.0
186.4928282193113,0.0
189.89151450485448,0.0
224.01244262109415,1619.43
433.37067264578775,0.0
303.07976847764655,0.0
84.36656866350852,0.0
220.01737582485785,0.0
117.82761037809952,0.0
187.11267305237638,0.0
108.64718906647387,0.0
134.6832701112158,0.0
157.89625947991118,0.0
160.76859025623622,0.0
205.9190143707717,0.0
119.577573592597,0.0
145.73950820125543,0.0
166.75678105742188,0.0
300.0338638013598,0.0
238.99471135931327,2022.07
151.79927935150008,0.0
198.00231019411208,0.0
181.13797496732383,817.34
155.36182934980064,0.0
164.80201939729977,0.0
65.7563173988536,0.0
121.14769898791685,0.0
146.7132975681515,0.0
288.77321693277156,0.0
217.64061340934336,0.0
109.89806587172721,540.45
213.1386661042386,0.0
98.84235472509683,0.0
125.2303355462123,0.0
130.54023155918097,0.0
350.2342082054257,0.0
130.99771693774775,0.0
189.84487112586262,0.0
320.23659751987304,0.0
240.24264230716634,0.0
117.0766013012617,772.58
105.2567165140714,0.0
141.18644169979467,0.0
244.13630721569,0.0
111.86100605186249,0.0
110.45694071995048,0.0
162.40722333089786,0.0
361.9213065639755,0.0
151.2947288265435,0.0
782.1031396577517,0.0
282.3522319812429,0.0
448.41200655912064,0.0
331.37536389761226,595.96
216.36762526463116,198.35
344.0522495262822,0.0
145.8162950130511,0.0
300.11453847859366,0.0
292.00505562023324,0.0
174.34163930227447,0.0
134.1381738060316,0.0
113.96182429799562,0.0
224.725745708424,0.0
97.53450045635299,0.0
148.0691972595622,888.48
151.10905828983658,0.0
229.65315730370057,594.2
63.32578994254584,0.0
317.53259900462723,0.0
235.29994930310687,0.0
102.86784471667296,0.0
60.89319806111458,0.0
159.80399590111344,0.0
159.76075189569207,0.0
392.80853524241076,0.0
152.28518046855547,0.0
260.5013446622131,0.0
369.1441910579487,0.0
73.28229662816821,82.04
210.42590468004371,0.0
410.4361330879978,0.0
120.23055079466725,0.0
256.6922911888257,0.0
200.81632367841675,0.0
219.93754499828012,0.0
185.8940773870758,0.0
165.78598738045153,0.0
155.99312618026556,0.0
583.179908191369,821.14
267.63682470925477,0.0
243.20805637176642,1021.74
233.53269429851906,0.0
62.15204443913445,0.0
344.40926400055724,0.0
118.66672625139209,2125.44
155.06103209603626,0.0
276.1418678737712,0.0
157.03719218144744,0.0
328.3209802821972,0.0
412.21469044779866,0.0
153.65592390255654,0.0
265.78916326909285,0.0
107.8771963475516,0.0
164.29782457873088,0.0
121.53750801436028,0.0
140.41239345750756,0.0
139.52357173318845,0.0
176.15170585021752,0.0
227.27630838755243,0.0
100.30862247972198,0.0
28.897861858209676,0.0
134.8122022620809,460.0
82.7807950605256,0.0
404.30366848285684,0.0
163.64860607669183,1124.26
209.31267331743314,0.0
209.0306005795716,0.0
98.14056930772901,0.0
373.2966659481909,0.0
317.27359218265667,0.0
308.02825392998574,0.0
260.4187682849912,0.0
226.34349537862164,0.0
96.84279596825976,0.0
418.9053042160015,0.0
136.11743168334726,436.57
153.3920460660913,0.0
116.02068935029918,0.0
128.8980727770693,60.79
191.61787806631781,1242.65
351.92966371907414,1741.17
326.84755265953834,0.0
140.97868041755166,816.12
97.94075920491424,0.0
275.9273612455915,0.0
190.59665469697524,0.0
212.27898402592953,0.0
361.7046237236405,0.0
183.18788002261672,0.0
104.55960796096439,0.0
148.72602099453766,0.0
243.71194897115217,3501.1
240.42851962257038,0.0
44.79344051257297,0.0
432.55169386278595,0.0
184.24820514028104,0.0
335.0406974172132,1093.05
187.04749832101808,0.0
341.5817752424967,290.22
404.168720154887,0.0
174.93983457671473,1230.79
88.30925331861403,0.0
111.85551915144171,1998.84
106.32562211570229,0.0
143.23571548549924,318.36
394.7377288223671,1728.12
232.31953833810772,0.0
167.37941865872844,0.0
168.15287828393292,0.0
278.3144991729187,0.0
622.9345679439399,0.0
150.98497774822252,0.0
147.6964579767644,0.0
395.4217863672615,0.0
496.50305625450284,0.0
305.26904891504176,0.0
158.07517395536476,0.0
266.59107232252086,0.0
249.47703828141616,1922.83
159.28970193098192,0.0
277.61227694700557,0.0
451.4217462997026,420.91
119.22257561086364,0.0
168.0890163712056,1117.12
253.73865919815327,0.0
449.5253768885455,1266.53
207.9292630116169,0.0
124.89871130947687,0.0
151.76957586445545,0.0
247.63752463059,0.0
92.9853367000457,0.0
267.0444770786548,0.0
177.07008336659825,0.0
297.0959353560713,0.0
181.93567648017859,0.0
146.34521475421676,0.0
258.6414490277644,0.0
453.16127189886095,0.0
161.13156202149784,1013.17
246.40473073602018,0.0
247.23474234545918,0.0
245.02967572195345,0.0
215.96763856873795,0.0
73.06356865129806,0.0
160.88795766514093,0.0
172.68997328762669,234.92
123.34551474390047,0.0
158.24608227400861,0.0
152.45680983703866,714.55
209.48706866409577,0.0
357.77857044369995,0.0
322.14521963277593,0.0
378.58840087253645,0.0
126.83665882658855,0.0
192.72302470590668,0.0
117.15060310436499,0.0
163.82539161429503,0.0
245.16139585048208,0.0
105.22498456393637,0.0
243.53429430318442,1360.29
183.99070837476523,0.0
161.3513980936679,0.0
189.36635685395785,0.0
195.1712417650808,0.0
265.6690226581707,0.0
264.1181272412242,3473.9
166.92715966174435,0.0
97.12356450104897,593.37
108.37737454785535,0.0
256.2877217169944,725.52
241.5752851242519,0.0
116.09666233523028,0.0
187.00638361420675,0.0
145.49142993724493,0.0
199.8166705481956,0.0
162.42999944894953,0.0
591.0959532054281,0.0
177.96301022338523,0.0
119.14987101594338,0.0
157.1396104943833,0.0
335.3952005822139,744.92
185.9962195423373,0.0
157.86603113266358,0.0
77.9538241151846,0.0
164.0670357512948,0.0
94.2928945085898,0.0
145.92446380675702,0.0
127.94009570776812,1191.93
355.9692878625527,0.0
155.09144072283192,0.0
170.19481654392217,0.0
247.16633647116205,0.0
116.82551179459226,0.0
222.86204518551185,2127.77
236.09853039566585,0.0
126.88677598187034,0.0
427.02552297713765,1950.45
225.70587311762193,1353.45
112.85810969600011,1313.4
237.98439951585328,0.0
139.65676342862653,134.02
198.90723182605635,0.0
249.43031537431736,0.0
195.78170108040928,0.0
205.83624440212358,0.0
229.98978461096917,0.0
151.04672499496712,364.15
210.86198638012104,0.0
110.21286674950647,0.0
283.3630235905515,0.0
333.23604273433483,343.22
115.53134798675075,0.0
207.05862749637296,0.0
133.95477092501667,0.0
43.35405333137067,0.0
328.8357382548493,0.0
273.8819833423753,0.0
221.12446498555187,0.0
146.1389124476519,0.0
513.5325698826591,992.77
382.8579869581484,1784.12
103.1107624124478,270.07
324.45765665035276,2268.46
269.32329372733585,0.0
307.58257579720896,0.0
228.00005731340033,0.0
206.97203773700096,0.0
147.92137930376924,0.0
429.81043616365184,0.0
110.83464797992488,0.0
219.0117580025911,0.0
189.64595326558953,0.0
55.79333954657248,0.0
260.8738863752069,0.0
190.55218078080364,0.0
187.52287971848182,1798.45
196.94782216438801,0.0
293.49820955529395,836.25
97.72998230862049,0.0
212.93802850983855,1602.96
153.03006943931834,0.0
154.9975085422238,767.12
131.34805912036344,0.0
94.62615783340802,0.0
125.40213079891528,0.0
128.81573092397647,0.0
108.85024087703988,0.0
113.2581755722481,0.0
482.69421199317105,0.0
128.81074742453126,0.0
197.75653461551633,0.0
249.80893877712245,37.94
161.44175333256672,0.0
294.42807375228267,0.0
103.46533529054774,0.0
237.25673387525262,0.0
140.6309139379744,276.75
139.35177686635706,0.0
145.4636510850358,0.0
426.16015307837085,3393.87
167.57606042964042,554.51
233.08817519237127,0.0
229.49261455219414,0.0
88.28490074734545,0.0
179.80319420681266,0.0
230.37220073874172,0.0
243.436834843839,0.0
110.26891191919847,0.0
153.50114785914624,0.0
191.79616120815203,0.0
249.89301112143053,0.0
143.00626004231535,0.0
177.3591852662487,790.75
162.55781376320078,316.04
274.8883610614842,0.0
312.15220575033646,0.0
90.76493621621789,0.0
201.3205814848247,1114.7
174.67680915003993,0.0
375.17963160034753,2336.71
92.53325105460605,0.0
113.78566501935028,0.0
279.3682880570656,0.0
123.2138039957146,0.0
145.04643260889503,376.52
70.42235037349936,0.0
286.7343690805897,0.0
121.29278979212552,0.0
255.6479507832071,304.0
199.99227740755174,537.58
129.78771297357127,0.0
172.00651487523672,1624.11
86.63191006968142,0.0
176.21383879970563,0.0
84.9300547753161,0.0
65.52176164239111,0.0
301.5104039512015,0.0
328.5881414792591,0.0
181.23214401937167,0.0
195.5788911654143,0.0
309.15843305278736,0.0
207.51550978456788,0.0
130.76510335456098,0.0
214.4295637405518,0.0
151.94464952874097,0.0
145.89366890114857,0.0
321.071059467253,0.0
554.7874975972567,1942.93
125.45093871369592,0.0
157.94681093850318,0.0
131.55132161076912,0.0
276.0621218512568,597.15
245.49618959253598,1509.2
138.7918533672668,0.0
400.370924186839,0.0
115.61423704489614,0.0
136.37585736633213,0.0
220.5629818419079,0.0
142.4352493639176,0.0
288.23581601766006,0.0
197.05163376579893,0.0
144.90452812978884,0.0
218.9532422763316,0.0
264.5011689383493,0.0
104.5351672966802,1003.14
55.3360658607129,38.9
26.18715567113095,0.0
270.8980059350175,0.0
166.76644540758275,2648.31
207.11337081157447,765.5
185.92096102905035,0.0
47.78259119590329,596.28
278.35839264888875,0.0
158.23402351465242,0.0
155.88550723545484,0.0
93.72254105500126,0.0
290.22968636543663,0.0
413.3874228979907,2547.98
122.42361799274195,0.0
497.0699679583156,0.0
204.46983294521112,0.0
361.53577036168423,0.0
153.59298684929215,0.0
457.16842517686024,0.0
164.5784872758324,0.0
331.6590988458192,0.0
127.97986253895088,0.0
252.2957649634267,2026.3
227.2697491496455,0.0
279.52873866434993,2054.3
214.48450611629164,217.1
199.5381222924173,0.0
307.0067462168127,5005.1
218.42714208674354,0.0
303.203366420211,0.0
367.11982037974775,0.0
197.34889439762168,0.0
195.9740021802293,0.0
197.68146955090512,286.65
284.81103499064636,0.0
113.20576561865043,0.0
121.04624962964591,0.0
312.44028147639455,0.0
218.67223291619794,215.7
243.54760296818503,0.0
271.4442217739801,0.0
191.03325630844043,0.0
177.81528586893836,0.0
326.82356824219204,0.0
355.4282177143611,783.96
303.9425257282026,0.0
274.63386024169745,3836.48
159.3896586575946,0.0
248.91790196802066,0.0
306.4205091074777,0.0
160.9386454908344,0.0
94.39255044605424,911.89
78.56740964646069,1274.92
302.923865044214,0.0
240.67426842265328,510.91
206.15006331879752,0.0
237.3900517525727,0.0
504.89604278446785,3943.42
241.96236001176476,290.93
809.7663123205643,0.0
161.98933590485322,0.0
89.64020371494453,0.0
542.4064675128138,2166.37
150.69851607968332,0.0
150.39348323803983,0.0
563.3843441689578,0.0
191.69015599672684,0.0
308.9609568955602,567.74
187.2985139313765,295.68
295.471227778348,775.8
194.38273038378506,0.0
366.2619910097573,0.0
152.841732786096,0.0
160.4657043754976,0.0
92.58669006471534,0.0
128.3332824826769,0.0
205.40183348169214,0.0
138.31471900554646,0.0
785.6914509706274,0.0
280.75657127666017,0.0
253.27767583611944,0.0
102.82380278497706,0.0
171.84106433129872,0.0
242.19100711278102,0.0
164.43098214640662,0.0
226.57797345836286,0.0
117.64364278906366,0.0
111.44347036121577,256.68
198.6531031111524,607.46
254.89033224927329,0.0
175.93653359765736,0.0
195.35155480871302,0.0
291.0944729363849,1499.88
277.14953549397757,0.0
261.3509144097788,563.34
580.4314058509237,2369.27
219.24645769610913,0.0
301.0633625156755,0.0
301.8565414564546,0.0
160.32584988247035,0.0
138.24938822268533,0.0
127.65501668180774,0.0
164.96805800945583,0.0
321.8615012173975,0.0
117.68909565686288,0.0
168.84864040466096,0.0
150.89402747366478,0.0
209.8868938234346,0.0
165.97329028703209,944.51
143.79229893627172,0.0
148.54634855849474,0.0
88.74930572420097,0.0
148.15565511195155,0.0
223.32846216638063,428.5
237.6331664602162,0.0
266.4336054184287,0.0
111.87098951059433,0.0
314.4793199213931,0.0
416.53986696401466,0.0
738.6440622967853,792.6
146.63955104707875,0.0
165.03217073128602,0.0
243.19038028277694,1197.4
214.08943585823909,0.0
129.83334424960634,0.0
201.8239794753496,0.0
267.87292391904833,0.0
179.33119289945733,0.0
186.9248684172058,0.0
265.48660604009854,2531.31
357.893187263306,0.0
176.5150170484522,821.92
125.51244871636042,0.0
306.0320726039204,0.0
196.78750135514807,0.0
57.374352229488785,0.0
128.02258941773823,0.0
277.2913252080067,0.0
122.15873826859416,730.61
473.5789180172868,0.0
245.88073274440987,729.27
351.9621136926488,0.0
163.7479830681723,0.0
145.91117204032807,0.0
231.46129941889154,1143.94
274.01981756285323,0.0
237.96009063230815,0.0
141.7508416076793,0.0
143.16833390435698,0.0
371.7198662322682,335.94
431.65028865109963,0.0
238.5402541657307,0.0
138.68344444217777,1615.98
167.72360007598874,0.0
82.78988400006207,740.21
280.98870646809786,0.0
103.48475784470318,0.0
130.92152468207237,794.59
120.7640907499434,0.0
282.3605118571619,0.0
117.15727327992396,0.0
189.65645384263448,0.0
160.71963689334717,0.0
129.08015709332602,0.0
171.6324112563387,0.0
180.57627372135073,0.0
226.00007963725938,0.0
264.0897184545577,0.0
173.69867815786404,0.0
218.54628403249723,0.0
209.83343422007724,0.0
98.42876113395921,0.0
268.69924758927954,0.0
162.54490128025944,0.0
469.3182483981122,0.0
209.6644742561925,0.0
597.0661303894335,0.0
99.39991453513277,0.0
205.80730133244106,0.0
198.9692581764583,0.0
378.76211404849784,0.0
144.17440108737532,0.0
189.04001541319548,370.39
118.11170847406515,3038.12
261.3910859505311,0.0
308.85492233132067,0.0
262.17745916019703,0.0
73.73866856017872,0.0
158.21150725935175,0.0
172.63800939490352,0.0
127.35624393905833,0.0
127.65368466070221,0.0
369.144877853866,3774.98
205.62528097274281,0.0
314.9606932738004,0.0
307.25326636307983,0.0
180.0247933329628,0.0
134.20866131947477,0.0
170.5645059241523,0.0
126.62634729616246,0.0
215.29254994826974,0.0
110.1215735008299,0.0
195.05111266936086,0.0
202.78856330489594,0.0
180.69103363745074,1362.05
152.31121895519996,0.0
551.9168262555002,0.0
199.8495149326247,0.0
146.19123494294635,1265.67
340.4049758872761,0.0
101.51171633295066,0.0
127.4134365307979,0.0
136.1849198334249,0.0
192.1913531093701,0.0
82.0749843937762,0.0
254.18826554171864,0.0
195.11261244810441,467.05
336.6393613922559,0.0
296.28491510039805,0.0
126.83583531500557,0.0
218.16860061041416,0.0
110.97658270309773,0.0
84.0973851325025,0.0
228.50911843170192,0.0
150.72683862511786,0.0
216.12391796268048,0.0
193.61721568542472,0.0
225.78184091063608,0.0
125.50979907610615,0.0
246.85040917311548,0.0
221.66035927451304,428.89
145.167683546152,0.0
157.12676818575827,0.0
343.5032068583352,0.0
271.19046996822266,623.62
139.669269240245,0.0
219.79278624673228,0.0
215.69276666346366,0.0
278.65126855508396,0.0
136.6468231336737,359.17
166.98106801160068,0.0
191.1293254899172,0.0
107.88736254817812,0.0
145.77839801215967,0.0
393.71973847507917,0.0
93.55188894843721,573.07
94.31340425564369,0.0
81.1413965435485,0.0
157.59583984976956,0.0
184.08504128680985,0.0
236.99023827630583,1072.13
243.00250656627426,0.0
179.48896728472664,484.36
199.28401895495077,0.0
160.876583600335,0.0
151.6416213050056,0.0
192.9045621090029,0.0
100.25313991902439,0.0
86.56995688656413,0.0
247.37290150099523,0.0
156.4031230155116,584.66
187.57195692059952,0.0
109.73496250458327,0.0
103.40861574800255,0.0
107.52916171391944,220.95
162.9322567384975,0.0
202.5400498689241,0.0
290.14336451335873,0.0
259.6612185599574,0.0
163.62371407044765,0.0
237.53432174788944,0.0
103.35564131927514,0.0
154.858865746846,0.0
184.83185785995033,0.0
170.24748730093373,0.0
155.61153806600782,0.0
301.09569381348643,0.0
339.1594426613571,0.0
131.14922576345606,2444.78
71.5249773017985,1409.41
128.871649461431,298.42
148.96816879884167,0.0
58.196662862044725,0.0
68.94372009405247,0.0
248.94881683432868,0.0
175.57296505311427,0.0
139.67962451987944,0.0
329.78522011830944,0.0
181.30169874280318,0.0
142.52278724390777,0.0
205.62758218411778,375.07
210.42636545642765,0.0
181.13533680814763,0.0
165.27679758856195,0.0
99.39198084909131,0.0
147.66072452461853,0.0
154.1316483270114,924.64
186.2638472539616,0.0
182.95246529711014,1731.88
159.3349428447198,1065.41
128.6327131138371,0.0
125.85815347864533,0.0
121.95452294519303,0.0
216.67052752013848,0.0
135.38990775094,0.0
323.3029471408901,0.0
213.99298743249582,0.0
193.79362821747557,0.0
420.6077092140722,124.0
217.19738837716358,1218.48
185.88983166749233,0.0
193.97301880091817,0.0
289.80131359000796,0.0
176.97848344257363,0.0
100.74477044729073,0.0
196.83983137042773,0.0
280.9859493279889,0.0
35.87302374704451,0.0
132.32036993114207,0.0
143.05213706886073,0.0
164.64142956336738,476.28
257.881901845792,0.0
257.402902561208,0.0
105.67776016645999,0.0
199.06200957395407,0.0
145.21514709522256,0.0
196.47923486912666,0.0
282.8435738729253,0.0
270.85666847226594,0.0
115.8487422878234,842.0
171.63434827785412,0.0
281.3250338437629,0.0
159.44031114450289,0.0
465.95192692244933,0.0
173.35296695931373,0.0
179.388005431224,0.0
189.40813372876426,337.45
306.20665535163806,0.0
175.5609413261794,2507.16
256.4296077639607,0.0
123.71185814219977,0.0
176.8724388971558,0.0
235.57950030894114,0.0
129.27567966271025,858.94
178.17013640608977,0.0
322.6911331785645,0.0
310.07701555462364,0.0
202.52337536078113,0.0
304.11339518129273,0.0
311.11755538243733,0.0
109.70459894699303,0.0
192.17263312518878,0.0
166.41862693198885,0.0
78.21575256873567,0.0
242.7293065356857,0.0
96.92478165370672,0.0
248.6346345408114,0.0
235.2304674554228,0.0
163.04685834791226,0.0
130.84509866010157,0.0
158.5859408081098,0.0
173.660070966312,0.0
215.58034976801767,1249.12
130.61429464733126,0.0
361.03884884563683,0.0
238.04690197820554,531.69
185.2180924124849,638.51
264.3012213967894,0.0
194.7516643942787,463.19
196.8086757493583,0.0
139.93048844079476,0.0
47.36412498774779,0.0
93.38280571762299,883.38
207.32193275368806,0.0
198.0640380250664,0.0
201.84641701679126,1070.72
144.0725881847949,0.0
209.87059877851328,0.0
323.7463844948248,0.0
146.60846555666464,0.0
73.94590627774198,0.0
166.49152566837162,0.0
271.52192516725546,0.0
197.21506981287988,0.0
267.9695406836138,0.0
172.40488205289512,158.87
409.6766464003773,1643.3
155.38828467401115,0.0
151.22732953158354,0.0
247.6663941642191,0.0
203.11987821059893,0.0
121.5096922318376,0.0
157.15691036256231,948.82
306.15096821900414,0.0
147.25099727463365,0.0
106.97178800096165,0.0
195.08803031516229,0.0
157.71253158846625,878.18
129.94520564714685,619.92
179.6884192683909,0.0
246.0781242292553,0.0
78.19482930965412,901.61
179.15833578742513,0.0
107.52491157139549,0.0
276.35123679942194,0.0
293.9523762011679,2166.77
148.8356648770835,0.0
173.48953822810313,0.0
156.42615078177172,1686.72
137.93828616581555,0.0
255.9765490721533,0.0
246.41080671099485,0.0
332.45788545100106,0.0
375.5092009046024,0.0
218.564878414483,1116.36
209.49205948578,0.0
171.47855336884672,729.13
97.8087568643857,217.09
118.83063637201316,3066.12
45.81033785679173,0.0
70.95233341145992,0.0
194.3604988920222,0.0
193.23265909484687,0.0
327.4779639227814,0.0
55.126326445312564,0.0
149.38028932858492,0.0
126.34227685334156,0.0
165.61979499930183,1157.56
126.66399258309967,0.0
206.24299624728113,0.0
150.852000164496,0.0
198.03694377125916,0.0
163.2314224923185,0.0
111.59159299407125,0.0
330.39239566593704,1047.61
152.56422102332002,0.0
170.62248670044514,0.0
156.82977685035064,0.0
402.017589304372,0.0
106.50974036765817,0.0
44.76164048739934,0.0
219.37112321892727,0.0
161.85610455813134,0.0
232.13047520760387,314.36
217.43542653071586,0.0
217.6044772753687,0.0
127.27894092065077,0.0
299.7822997541121,0.0
117.32958477815721,0.0
180.7480748299779,0.0
383.2753905164796,1338.17
229.8187686839607,0.0
234.1410858104214,858.35
150.80407843300694,0.0
179.7112460994202,0.0
155.87088405895113,0.0
503.9794280953617,0.0
174.8202876302372,0.0
159.46183526111412,0.0
117.78190026507451,539.81
201.46321846742114,0.0
310.02092475252806,0.0
208.42862402952483,0.0
180.30344652440232,0.0
138.7992413244502,0.0
231.615995181104,0.0
292.1069979058747,0.0
185.03559199657428,0.0
181.22995835665995,1553.11
121.63586715751072,0.0
187.19322846275642,200.75
33.64881784072737,0.0
417.210578560717,0.0
148.4612785988259,0.0
89.11787414531884,0.0
231.78863950299805,447.08
186.82508669360178,0.0
197.29953094474357,0.0
96.56730543625326,0.0
308.7293732607642,0.0
193.28842567978154,0.0
150.45591453934267,0.0
158.15247765552172,0.0
789.1557250658419,0.0
139.92529339411098,0.0
119.84672775583792,0.0
170.7527354361865,0.0
174.90780818689683,0.0
82.36070656915815,0.0
316.8303647389318,1583.03
281.53128485316694,0.0
194.16187503286,0.0
229.73800009571656,0.0
269.82365382661493,0.0
304.68682929831016,0.0
151.65335729070506,0.0
634.3411474788915,0.0
200.4549938401149,0.0
172.58673116219327,0.0
248.3941503731768,452.32
191.77085309086678,0.0
147.19493525729843,0.0
200.64695925848542,0.0
128.97684592493974,0.0
184.40288214272493,0.0
224.62971264144372,0.0
141.38691168585163,0.0
69.57183531607448,823.64
129.56627553071706,0.0
233.11928191867347,0.0
209.07734411683313,0.0
160.35439566364698,0.0
49.584424671731085,0.0
166.93758224482343,0.0
110.15582207834001,0.0
139.84482282759515,0.0
109.21414484343873,0.0
196.07393156840237,0.0
213.7850970920928,0.0
204.82314105822587,1674.99
243.6792065267019,1626.75
241.34917015345204,0.0
291.5829547162745,0.0
298.62511492024635,0.0
139.74843917991947,0.0
158.267137448802,58.61
223.10940168130415,0.0
295.8420076217622,0.0
192.00262831221846,0.0
326.9070383365699,0.0
127.60129870286258,0.0
220.01619915135817,519.36
82.20133652925972,0.0
174.4262129486256,0.0
147.75246004283082,0.0
134.72240743861389,0.0
250.32364575853853,0.0
248.90690781325986,1403.64
238.24461136891478,1247.7
78.66317967491115,0.0
616.8932617293098,0.0
136.10524541882322,0.0
187.51448139196978,0.0
213.8358711614589,0.0
175.1827183536251,0.0
139.23771880933734,0.0
166.69472373659295,0.0
137.86182882289287,0.0
122.3399889124492,0.0
277.9560613368588,183.68
61.903395318350704,0.0
144.02936482902774,0.0
166.92123209092213,0.0
231.5818209118615,0.0
104.21204256124739,582.71
245.48747233393442,0.0
150.07128844949068,0.0
198.6756589227251,0.0
156.68993708169936,0.0
352.00389708999603,0.0
215.46264304546239,0.0
158.8359414908955,0.0
146.66690659852182,0.0
119.75161984752799,0.0
129.7197957393189,0.0
455.02784878776026,0.0
208.86817160309454,779.72
53.390510506060835,0.0
185.5745829699781,0.0
181.761670972244,0.0
23.83415598885258,0.0
151.69556044500322,0.0
311.9893245734375,0.0
379.0394076237356,470.44
831.8004839758535,0.0
417.14510005808734,267.98
134.51920570165996,0.0
185.07436161566028,0.0
131.883821613702,0.0
432.65461453186214,0.0
54.869494944337085,0.0
130.06892436119784,0.0
159.92588580433818,0.0
230.68823857718525,0.0
140.24278354463132,0.0
262.0624824282792,0.0
133.60088694933316,0.0
312.3211229635689,4194.36
205.4798029543469,0.0
221.0919062612404,0.0
221.35700561270187,0.0
396.95459086459744,229.68
138.8062682545924,0.0
186.88943251988354,0.0
249.07950932395804,0.0
207.7332779858575,0.0
113.38407003950974,480.12
368.7106300770681,1003.24
100.47690986422108,256.64
308.7127278858231,0.0
576.8471987627629,0.0
104.10594759185895,0.0
166.943581561531,0.0
130.25072537712452,0.0
217.82059561845824,0.0
207.49987342479176,2086.01
182.09773482569562,0.0
227.21070585455053,0.0
245.14280100996695,1073.7
210.9736687967361,0.0
126.3087551741278,0.0
257.6913031772203,0.0
259.9082325951629,0.0
131.53065787912664,0.0
202.13963834505125,0.0
267.5083454853522,0.0
185.8171603939188,311.56
89.22243105739003,0.0
348.0706937068058,0.0
245.00037281799533,0.0
159.7752842962003,0.0
101.09652279244379,0.0
173.7851530884556,0.0
182.23311783034998,0.0
247.5318830586186,2148.7
412.31795387509754,2802.09
223.20626487686866,0.0
313.0111579878737,0.0
182.385677989299,0.0
165.485344249647,0.0
184.79429440365917,0.0
249.27578240178784,0.0
199.78225876847424,0.0
194.10201695319552,398.73
213.85665619056326,0.0
163.1537296727511,0.0
158.35817505931428,0.0
511.0541122235621,227.64
239.9594819447243,0.0
93.66238802481705,0.0
209.14333807263094,0.0
231.21554147313182,0.0
170.22028986352302,0.0
508.6102705752037,2407.56
267.67848225914224,1376.28
207.3682998633257,953.44
439.680607264095,1558.35
178.60961020091017,0.0
203.78207994313757,607.82
283.0964493729322,0.0
211.68911544962705,1666.15
161.70453140296647,0.0
375.3737181856036,0.0
189.45378025056735,0.0
237.39882656713937,3557.42
426.80173013595396,0.0
156.4146426807509,277.34
113.24381257541955,0.0
141.1795925024291,0.0
142.61723187639188,0.0
179.06841845998304,0.0
115.83352577544558,0.0
100.29646391882754,0.0
152.7468515080049,0.0
285.264923307875,0.0
190.5558025478118,0.0
191.25267139379864,0.0
208.5837210912103,0.0
189.38247465885138,0.0
152.27301222804775,0.0
177.34163354493515,0.0
305.98880045105466,330.09
80.86257957591272,0.0
182.42296556399972,1375.55
94.96712499140517,0.0
149.47062945210675,726.49
122.33224073272622,0.0
99.61984898524616,0.0
538.1076133701665,0.0
96.88608500037137,0.0
226.14783534593806,0.0
141.67014190018338,0.0
164.3158409905832,438.27
176.10307021660054,0.0
124.5375247625746,0.0
144.90680646929695,0.0
209.51776570942434,1646.59
114.04450717105846,0.0
159.26485545494833,0.0
346.87732675199015,0.0
253.1780788577932,191.05
131.19736675874913,0.0
100.64438388643751,412.96
111.77639125848121,0.0
182.46042830237238,2437.72
156.07584017682055,0.0
127.49435557555212,0.0
236.9023819918498,835.52
193.2275304664826,1585.66
129.68834282235898,0.0
160.56144176498546,0.0
601.7860754529858,577.1
462.12839105871285,0.0
128.570287884029,0.0
147.91641011897087,0.0
113.68628742957806,0.0
197.32273212236527,369.23
98.14039129511472,0.0
183.59300710418256,84.56
256.8861110548471,0.0
212.34899245218008,0.0
170.65991768470965,48.56
142.6066786257533,0.0
211.85102239603427,0.0
180.90254309652104,0.0
130.36326687256482,0.0
184.91009718132284,0.0
220.85006935471168,0.0
278.0128135303914,197.32
318.14253725838216,0.0
210.12542995765793,0.0
151.65243036176201,0.0
78.6837492563327,0.0
189.8862414947294,577.18
130.62039627479334,0.0
92.07871320505228,0.0
231.58952734202427,801.46
206.92193162799987,0.0
149.93858846914847,0.0
165.41733127225118,0.0
244.059598131855,187.0
98.88782295565105,0.0
150.47469687311923,0.0
162.08160469566292,0.0
253.3205064321349,0.0
258.6969327426189,2081.75
214.47130763832402,0.0
222.26265337802465,914.7
134.4569031328618,0.0
245.0436233869895,0.0
114.62777422726698,0.0
171.5288568500056,0.0
210.6420937579672,0.0
172.6342048472051,261.37
161.83322868943665,0.0
23.49623692167154,0.0
177.40068486888825,0.0
132.46216322550882,0.0
97.90551945655025,0.0
267.29540373630385,0.0
253.07104968003785,0.0
183.62912291599844,0.0
571.2378552606451,0.0
126.85702452677974,0.0
232.17210882290766,0.0
151.85388990588277,768.39
198.89944764860718,0.0
136.42714446704423,0.0
217.07420779681163,0.0
452.9923264124798,0.0
135.21171443770797,0.0
224.878707051657,0.0
162.39499346675333,0.0
208.61523812287103,639.54
149.82750934355857,1174.83
164.37981211868478,507.54
98.04592138778304,0.0
175.47111559777747,0.0
174.4665742111183,0.0
179.03301823640422,0.0
299.81841466772374,0.0
380.92862533062487,0.0
300.0098657852391,0.0
249.45124837231884,486.37
93.27651205369581,0.0
118.57313706718719,0.0
349.24829569359025,2017.03
81.30168032827075,0.0
297.185592280532,0.0
225.4813081718554,0.0
210.6973503826381,0.0
333.36733096274514,0.0
161.11040734795384,0.0
282.57620306417834,2141.06
99.27354586402647,0.0
116.33387350679055,0.0
201.02735743234777,2256.78
398.10926748740104,0.0
144.59613733658173,0.0
213.826305182124,0.0
165.28910332790065,0.0
196.79775235667108,0.0
216.46294896761842,0.0
129.81104329009804,0.0
114.80306026269456,0.0
505.1929743675338,389.62
192.86976574256386,0.0
129.453486815287,0.0
193.09269927490743,0.0
187.27939956180828,0.0
159.70092814314356,0.0
242.88012444806353,778.63
168.73960741284014,0.0
189.6520234992416,0.0
366.06699384948735,0.0
97.4953404220602,0.0
602.180417368214,0.0
202.73277767317347,0.0
205.26013895289947,0.0
359.1368310954126,0.0
127.52096012863743,0.0
168.97978410302656,0.0
253.1409245788216,0.0
238.56894676786817,0.0
131.3985319957594,308.97
128.4846086060408,0.0
195.57333454579663,0.0
103.54340738271414,0.0
153.1622355193803,0.0
107.83945171472925,0.0
156.26543673544023,1612.66
281.5506472183603,708.18
215.97912250499635,0.0
130.17560352604758,0.0
185.34832854476102,805.52
218.34949087227787,0.0
174.41527707863503,0.0
253.14023010529948,680.44
318.561833485483,0.0
113.25742861508168,0.0
203.06140540361991,0.0
258.1487601275481,1087.06
245.3691685819445,528.2
248.0040653914732,0.0
252.93441865650075,0.0
224.3158373861161,0.0
16.94267306878563,0.0
157.09852245969532,0.0
288.84257900805824,0.0
234.90870439713265,149.4
246.83549924984825,343.12
233.20521008945482,168.4
319.88698819977003,0.0
144.44651612316082,0.0
182.19207279173114,0.0
225.97733717051943,0.0
199.58842051384238,0.0
56.70545034480898,0.0
156.4725903733235,0.0
129.60288426455418,0.0
100.36512766625427,0.0
68.83205186268819,0.0
163.91654866670484,0.0
133.5385954933084,0.0
197.8882319079662,0.0
251.26530063336932,759.51
143.2793140630919,0.0
205.22998825131376,0.0
92.17932638884776,2130.56
241.3821351633409,0.0
236.68853410354788,0.0
267.0605941024314,0.0
411.4938471564685,0.0
171.5933624335419,1526.74
205.62677255685045,0.0
149.76158062797967,0.0
136.47764707832516,0.0
108.29758790244097,0.0
108.4182228099017,0.0
322.1336486767625,175.48
364.8799256194874,0.0
159.52999720691977,0.0
221.77654452900921,0.0
131.71869022623193,0.0
227.12162190112878,0.0
202.38226029724365,0.0
163.94180539472387,0.0
288.61411006908213,0.0
272.23553657242667,349.46
90.573208597439,0.0
188.4937760618079,0.0
461.60750924965146,0.0
210.64344903884069,0.0
276.3421413506703,0.0
183.1590166332614,0.0
301.66180715407796,488.57
234.38470173352218,0.0
195.62167311134144,0.0
296.4633568368916,0.0
186.9049901901966,0.0
250.94916810795934,0.0
229.60786515553497,0.0
110.92135603354289,0.0
72.57895245342868,0.0
273.54834859327195,0.0
64.20706544121057,342.5
132.06276966943392,0.0
261.6807823499612,968.53
289.4911950239478,2247.44
160.097315912586,0.0
65.29073122931324,553.68
95.36961251831038,0.0
103.06383685913882,664.05
140.1417330693411,0.0
210.1656353225394,0.0
165.6696832253994,0.0
238.11378017149022,0.0
207.13486331640402,0.0
196.04782359030048,2149.62
480.40457339691426,0.0
256.42040893037785,0.0
181.55467586474612,0.0
280.83036149500913,0.0
106.94421869460925,146.38
139.43192112958374,2217.62
150.24397312040585,0.0
36.60732459656488,0.0
180.8011278865271,0.0
151.03098575461615,0.0
194.3788137301313,319.57
130.51359209804042,0.0
188.2635397272836,735.32
155.12715408066927,0.0
103.24864496138454,0.0
176.3664562776473,0.0
186.56277994679638,0.0
175.74975443333557,0.0
194.05805895507152,0.0
207.6245400482195,0.0
232.2015779945715,0.0
136.56190201698132,0.0
256.2532600321874,0.0
223.28793071683995,0.0
152.07021676150956,0.0
159.20154144955407,0.0
106.36751116696851,0.0
272.0477555513892,0.0
278.5755317704712,1090.16
367.4911443616544,1346.87
120.19879307823872,0.0
272.19769643161334,0.0
257.0049762316028,793.06
363.1043491976703,0.0
162.71556528884523,0.0
230.29313437125813,0.0
131.61762240555004,0.0
245.8311171685262,1188.32
331.9095571731799,0.0
97.0692636536432,0.0
127.9646124804266,0.0
137.78118949103256,0.0
277.03633587664723,0.0
360.3181005945429,2980.66
249.03200515615168,0.0
255.29981433670042,0.0
726.6299093881522,0.0
210.9424343611107,0.0
157.9363071081803,0.0
78.38895621551661,0.0
108.51098476148094,0.0
153.62115775108967,0.0
114.59738577972321,0.0
249.6446638756824,0.0
118.75836012641973,305.13
175.4546033625663,0.0
171.43241597100945,0.0
224.52378255593186,0.0
252.05002908373316,0.0
119.98842297761487,0.0
221.77382468665212,1069.09
169.38748256917947,0.0
142.8193355700989,2214.55
398.9867032236374,2498.97
191.25875105488845,0.0
93.01467301701167,0.0
210.4217909390067,0.0
171.468473624689,0.0
159.36870066170746,0.0
131.28965205578467,0.0
234.8019974456091,0.0
392.39664904307267,0.0
101.8997357024441,0.0
290.39505925277103,0.0
188.00596089963994,0.0
262.8550529939374,3341.17
250.03803171155764,0.0
317.8365897548742,0.0
137.50286750490488,0.0
195.2942938103742,858.77
129.3287060658056,0.0
304.1846738341754,0.0
166.35209395761055,574.58
521.5256908057252,2399.3
187.61967941399902,0.0
131.45950580004143,411.88
190.77929032811858,0.0
171.7789690747364,0.0
100.20761922088982,0.0
71.66318179220735,0.0
161.80713171191738,0.0
254.1594010622866,0.0
210.24198497741475,0.0
219.17038895957765,0.0
132.92571706055557,0.0
190.68799153863338,589.16
156.27213671644574,0.0
278.6727879706819,0.0
220.06019964674405,1210.51
451.4680633250332,0.0
353.0713562275609,410.72
129.78941541558768,179.3
201.18753054528622,0.0
270.6981392633529,0.0
175.60107725919707,0.0
251.8940790923833,0.0
376.76136895807144,0.0
215.09731644246833,2048.52
80.86807652114241,0.0
298.41679736510434,902.65
198.84922851834756,0.0
213.54572076621187,0.0
140.208907288238,0.0
250.40225716879885,0.0
166.24383872987977,0.0
193.821760732355,0.0
321.14944909580686,0.0
221.27730356457326,0.0
206.00796774513194,0.0
239.20143077960847,946.65
196.99956102203828,2333.48
202.48379768418812,0.0
265.3102851525207,0.0
206.78544410344335,0.0
117.25398909218994,0.0
131.26971890852283,2025.3
240.5036561956612,0.0
129.96247001500754,0.0
367.72178188097627,0.0
183.86089359264406,1525.38
248.63545253343213,1675.24
178.23386948186078,0.0
169.81431062318373,0.0
145.3845680487796,461.52
285.1956142005497,0.0
119.71328538859363,0.0
164.4303610477836,0.0
126.18215703917525,0.0
173.80331294863302,0.0
142.63015774517174,0.0
330.2313799335082,0.0
284.82424782465137,0.0
163.99971576418596,0.0
145.93237818996894,0.0
219.1687715919863,0.0
350.2218003289158,0.0
246.48228957489007,534.97
241.72882347768763,384.28
147.36932483825353,0.0
108.75202620131745,0.0
87.50247783764131,0.0
428.5100695122907,1273.39
116.61388938535951,0.0
185.05988056374784,0.0
398.0966553106361,0.0
134.35792340320856,0.0
175.15575163784303,0.0
338.80287997624526,430.59
222.21973185693437,0.0
171.28612162878795,1491.06
196.57412100849467,461.79
133.3779827407752,0.0
254.87411334949792,0.0
340.067519410082,0.0
178.27479336532804,0.0
171.64364623013634,0.0
243.31139092239286,0.0
118.11968886548826,0.0
229.17199641650234,1198.59
244.84811058835663,0.0
137.66391394345632,0.0
241.1415428861754,0.0
223.17000021730914,0.0
288.1673227178932,346.95
164.78684006795416,0.0
331.7367134876771,0.0
210.19209066926226,0.0
127.46596621943009,545.0
207.41823501703863,859.88
130.763017426514,0.0
217.2898415586819,0.0
216.37196714693488,0.0
146.61894009160218,0.0
146.56965116181527,0.0
71.66365211840878,0.0
320.8759457992832,0.0
146.8810958063269,0.0
311.7583684141591,0.0
172.16190610189605,1425.37
169.98494156129246,0.0
126.85770110810435,807.92
106.65516381196338,0.0
155.29496953711507,0.0
107.24717023578665,781.24
136.63358978226432,0.0
192.24206942652071,0.0
101.71911802709543,0.0
289.72430520807336,1142.72
148.04689414002573,0.0
100.74972057474375,0.0
228.475194480426,711.25
113.31352254463248,1478.49
266.2054592365763,0.0
181.76851084063435,0.0
518.2804286513597,0.0
147.52494125641437,0.0
321.50787289605177,3547.66
58.94300482339734,0.0
250.21295069575646,0.0
352.6949545156105,0.0
166.5687425548865,0.0
157.74367888198,943.61
938.0761589131529,494.98
169.19634555893234,0.0
185.1851013098856,0.0
185.87181375025003,0.0
261.8983502333804,0.0
173.48256544690238,0.0
355.90708474181287,0.0
267.56620261452935,726.66
94.97084953096869,0.0
255.7444253905506,192.36
411.8838809997431,0.0
353.07573933443626,235.37
188.9136345447727,992.58
142.71263985891778,1034.09
324.70735750577643,0.0
167.97705564414903,0.0
257.58956199096957,1034.32
242.59897451115867,0.0
278.202071566534,1123.98
229.4136723478524,0.0
266.6855246012811,0.0
129.8001694599415,0.0
292.016915855946,0.0
119.97183581699828,0.0
124.78777499853086,526.53
79.93691225085163,302.92
120.24685221677336,0.0
111.7633758590431,0.0
123.1528631045271,0.0
197.67813646483594,0.0
342.72460330527286,0.0
495.41808651605635,0.0
197.64716339369787,1336.61
337.3715779997431,1138.19
703.3059429915577,0.0
242.28969439429056,0.0
87.48438161473692,0.0
292.70550685090626,492.69
139.27785662314884,0.0
124.95118829870843,0.0
134.45646662678448,0.0
197.55914883459872,0.0
278.77161474584744,0.0
339.03202927358996,0.0
137.42993845884385,0.0
103.80686111694938,0.0
124.21005254653653,549.57
266.2310214256777,0.0
164.29829537671878,0.0
254.2815467832846,805.41
69.09405201515193,0.0
96.32307870326841,413.27
113.27914775345931,0.0
183.29241557396455,0.0
150.4397254219167,0.0
302.33383915914527,0.0
113.82816295418294,0.0
423.1621805273375,4301.64
273.0499086456377,0.0
222.49530334263284,0.0
129.89776603312455,0.0
265.5424592194408,0.0
267.5187675186396,0.0
329.81126660822457,799.37
168.1337393062374,191.9
138.7771657355856,0.0
137.15427248170246,318.12
239.64785604021205,0.0
287.79591991905164,0.0
208.61993582610307,0.0
357.3735254221879,0.0
319.3190536675349,0.0
156.62946742938297,0.0
79.63463168052961,0.0
397.8714098061205,0.0
234.94529219042766,0.0
114.11567804785086,0.0
212.09691553741942,0.0
311.8257261803072,0.0
159.60095004588484,0.0
225.76994696091455,0.0
159.3038247685345,326.46
201.0404271986348,0.0
247.33781781426336,0.0
162.38301428340546,2415.6
233.34099526075198,0.0
181.20018161552917,970.24
226.79923808553923,428.22
172.59363454510236,0.0
342.55916214661573,0.0
214.6176191550622,0.0
257.400231512038,0.0
136.68958532249366,97.45
347.5181619811957,0.0
174.6989679141559,749.41
131.34166767220725,1794.86
375.2679795107779,0.0
169.0777922958406,0.0
158.32264384447126,0.0
227.6456454620057,301.95
239.43173685040856,0.0
93.5344711189562,1129.89
259.6787640564145,1079.95
46.083712276953975,0.0
373.7423502504404,0.0
146.1032274022402,0.0
131.46172636319997,0.0
258.1635411730226,0.0
295.40023985476677,1753.84
268.12268792276717,0.0
458.4118350006905,0.0
89.00439308171748,0.0
186.05476994259098,0.0
361.9746463382807,250.86
169.62355719803676,164.26
127.07116650503286,1028.06
284.7557568476381,0.0
176.76213951405614,0.0
160.76032967698688,713.02
223.6175921539932,0.0
278.70685651128196,0.0
198.44348440494443,0.0
107.5100239380084,0.0
170.94954942992226,0.0
159.45897611803426,0.0
302.9753068523972,2361.26
105.27915716533025,1544.2
290.82648535982395,0.0
170.61756963111822,0.0
269.2206448621091,0.0
265.1307391810963,429.34
354.55328031066296,0.0
215.09928836368584,0.0
377.2246112527421,0.0
354.92983770267034,0.0
510.0781482547481,0.0
276.0939572614003,0.0
64.11118813474882,0.0
109.20087743997038,0.0
148.95179168904238,0.0
190.49985182058194,0.0
135.98403198726632,0.0
179.61592537942764,0.0
80.8477781946888,0.0
84.5687510970383,0.0
124.15177037896638,0.0
278.2903829437811,0.0
173.46438581556842,0.0
218.7967281815678,0.0
134.3660521118581,0.0
143.8657818712227,0.0
215.1439988096016,0.0
338.2757668991238,0.0
228.57759410491306,0.0
201.90452732259288,0.0
213.27601656051266,0.0
128.78409638316478,904.59
309.7303627354521,2419.38
176.64173802685318,3685.83
147.66094952131124,0.0
193.683070740567,0.0
211.06052844840207,0.0
172.25054060418032,2294.59
117.8029673871855,0.0
228.94852485247384,0.0
218.84639100533997,0.0
208.1857734351656,473.9
247.04168332584737,0.0
180.06455308902753,618.0
216.107979045336,0.0
288.2510978786179,0.0
263.7783629816834,1422.88
510.2655544641443,0.0
200.45224692970578,0.0
103.85335489313934,2207.87
216.72283769928637,0.0
294.63814035088393,0.0
116.91008469636579,0.0
97.57221925508036,0.0
150.38493472635818,0.0
150.77518703482025,3068.51
178.47647405560025,45.06
91.98667148057086,0.0
112.03353973282528,0.0
248.35096098843974,0.0
214.7756371820072,0.0
185.00886545920588,0.0
284.89421526233616,0.0
234.75146112713978,0.0
83.30770923580307,0.0
187.31043047172145,0.0
221.7302434344681,3659.0
182.8182638446731,0.0
144.4091349965747,0.0
214.41691067246995,0.0
242.07527040586132,0.0
121.98520792652072,769.77
173.55600408798,0.0
170.7166948381761,812.23
139.3271007245107,0.0
246.601005551297,0.0
177.4188955409652,0.0
92.58875521751867,0.0
118.64513459477647,592.31
204.05849021239268,0.0
338.2194021952593,0.0
159.61571136499438,0.0
168.26686089464852,0.0
241.8304208103067,0.0
299.346364784513,0.0
289.4972102492292,0.0
197.15164051610105,0.0
212.7082507706198,0.0
191.24633853591607,0.0
154.31801030966233,0.0
148.60817287953336,1282.62
117.82186538609844,0.0
134.3111727279223,0.0
224.70959519965643,0.0
192.37478603945056,0.0
129.27467320133528,1005.85
323.2254541903077,0.0
125.77248303818727,0.0
174.46922972170185,0.0
370.17610141632736,0.0
227.5906898343832,0.0
138.5552005529036,0.0
99.72474384455052,0.0
129.77097480410063,0.0
175.55547592611617,0.0
313.95991159126976,1331.16
260.9811329734038,0.0
286.1096914617956,0.0
299.21529152123736,0.0
167.0243759587787,0.0
93.05448268442352,0.0
206.56434973897544,838.06
141.4178043619328,608.09
335.98228086775407,0.0
141.94272893604014,1633.99
346.19890837634097,0.0
270.1171049553736,309.07
136.45373206073037,0.0
200.6264079199811,497.06
79.99450626318503,0.0
279.2713941952393,0.0
208.64028597426585,0.0
194.5036625289591,0.0
235.2214359460527,35.29
168.34073275996428,450.89
180.33805237707224,0.0
260.5129542146422,0.0
138.1562082943466,0.0
214.59571543337682,0.0
269.0720238655468,0.0
163.89895386685834,0.0
86.85634125696552,0.0
194.06579571033998,0.0
144.9758054115039,0.0
371.6350196486267,421.91
312.05903403279063,0.0
235.1785010835189,0.0
445.6349927141066,0.0
181.34953999248975,0.0
149.782519582818,0.0
147.6595972931629,0.0
154.4737708690532,0.0
288.73212490904206,741.24
86.26946192468989,1033.17
139.89851446760005,0.0
151.88313300234557,0.0
465.600378749276,100.52
324.079293806695,320.11
226.72985844447342,0.0
192.52986731736524,0.0
110.29994710462888,922.61
192.8853574939046,4038.3
156.82803794947336,239.22
219.27339790124017,0.0
575.8866717543373,0.0
585.4441437065127,0.0
47.787268531844695,0.0
162.36777190934197,0.0
108.01910903784041,0.0
204.8226788848153,0.0
208.22181413204615,0.0
147.9743837775967,0.0
197.9064610959897,730.69
222.68501837296574,0.0
154.65227263311866,0.0
224.50268082002225,0.0
324.85510920179195,0.0
95.17489924158049,0.0
199.26595255836858,0.0
135.91100865599594,0.0
205.43206508316615,0.0
81.10492888024832,0.0
90.24091213969034,0.0
118.11111449724643,0.0
132.56375771257152,0.0
278.35177889967065,0.0
140.17430324162504,0.0
250.05131814175618,154.95
174.58748891361253,0.0
192.64977913302383,0.0
331.9540442527771,0.0
99.16524505910547,0.0
244.1770715084206,1296.86
139.48546930954848,628.07
206.7176604717408,0.0
118.92756454348016,0.0
259.75019827601625,0.0
307.63554440008045,0.0
133.913742659113,0.0
126.24672328853067,0.0
167.7590937649519,0.0
131.14513931071122,0.0
363.8336362777685,0.0
150.50512681468783,0.0
168.59933276938486,0.0
205.62542133448414,0.0
251.5872037986362,0.0
124.58634858927947,0.0
446.4134694619807,1606.77
105.0876389251353,0.0
156.47911376441505,730.54
189.2967450570674,0.0
235.60788771842698,0.0
236.4607996020667,0.0
149.9198140709601,0.0
91.04054761038051,0.0
194.53080245606824,766.07
180.18454437354225,0.0
247.122466342422,202.3
103.4449175339825,0.0
134.64698809891726,0.0
247.0403726092207,0.0
134.07684142794565,0.0
229.62861773704094,0.0
214.32700722445998,0.0
326.9119390501909,4643.89
281.32733319385176,478.98
225.63783959939389,0.0
358.51369562533426,0.0
370.7185859153545,0.0
233.86109910674176,0.0
256.83863161714515,348.94
111.35705533954132,0.0
357.17303178900625,0.0
174.21262660524945,0.0
444.4765630646382,898.53
189.5964439684503,3385.84
148.44682968376617,195.32
178.77705847566523,0.0
108.68040789180748,340.23
179.25738140032874,0.0
100.7769501224693,0.0
146.50987020766698,0.0
186.1628204119466,0.0
250.6273958995779,0.0
221.08727929848862,0.0
144.29921808189678,937.93
143.47751207147283,0.0
195.5442339447169,707.41
193.9069578937724,0.0
104.896327249267,0.0
146.83474557201956,0.0
198.4711772927631,0.0
170.26026247219093,863.01
138.2642216854753,0.0
118.43917783962424,0.0
238.2666826897178,2316.0
149.43246193096,0.0
165.1960581903423,0.0
238.6405650297624,0.0
77.4870008866648,0.0
123.99697739856899,0.0
128.87421548022868,0.0
305.22329806472567,349.5
224.49470897994468,0.0
147.82643504211245,0.0
280.1949915355009,550.99
145.2583084532748,0.0
200.93568539457058,0.0
242.8823986317659,0.0
214.79760627744525,493.42
109.06994543463196,0.0
343.67224476499393,1811.98
224.43325673659498,0.0
368.5656559583851,0.0
148.38055269302663,1106.54
96.8430783454154,0.0
399.7121533054004,0.0
161.67654150254342,0.0
305.01538902531826,0.0
197.38211756399423,0.0
156.0717123762626,0.0
238.89088851803282,0.0
237.20153101525074,0.0
312.92951943619255,0.0
157.78345630550314,0.0
418.5233760031846,0.0
236.01661767531346,191.28
117.26139385294579,0.0
165.77696683949043,1113.83
216.59348030284153,0.0
149.19723050323407,0.0
225.71414452044843,0.0
110.90651777306377,0.0
99.26221940701018,391.74
149.38444803067748,0.0
249.5494259591778,0.0
42.049184593705334,0.0
266.3351200546325,0.0
103.69573120734105,0.0
264.3897615490958,0.0
219.88926002752348,0.0
115.98728585213664,0.0
253.72877294501552,0.0
83.66692244257277,0.0
248.5567972345279,0.0
179.28090540547413,0.0
83.60135693057205,489.45
217.8366932697532,0.0
87.2859919302251,0.0
225.45477917317604,0.0
303.98571541209515,1427.9
359.2524804892282,0.0
106.37311041098808,0.0
239.0895172264827,0.0
201.406441344071,0.0
132.68277758719415,0.0
173.23039757457343,0.0
142.65596085332967,0.0
138.1614059596327,0.0
193.43615211168267,0.0
100.63887745048909,0.0
181.854524575447,355.91
161.7910970910623,0.0
148.3670134204298,0.0
155.48397071968122,0.0
93.2600447804856,448.95
225.42726051007415,358.86
173.25265777122985,0.0
176.2943181896313,0.0
409.2707169798142,249.45
273.4396074536431,0.0
239.06066692177416,0.0
199.86839044919338,0.0
247.35474740261643,194.89
115.98624084411753,0.0
81.1501398891581,0.0
237.66283481330547,0.0
165.26991180656674,819.47
243.68227056263768,0.0
207.2430518931548,0.0
90.25165101146125,272.26
243.0415794639379,0.0
165.41612743101896,985.14
161.60334344015524,752.22
273.54076030888206,138.17
193.86993564010805,0.0
106.99034221447751,1616.76
180.61422977721102,0.0
182.3462207776048,1237.56
64.71292751134794,0.0
226.5673819940417,0.0
200.36895679824525,917.9
462.930166229007,0.0
248.4609285248358,0.0
267.2355013680969,851.83
326.82015453267127,0.0
124.3660651252305,528.24
211.99423555955997,0.0
389.922860279893,0.0
264.8800024019018,0.0
216.12307273409695,0.0
355.6186804304156,0.0
199.16308993950946,0.0
129.1508555239226,0.0
157.01417632665581,0.0
189.29921037415204,0.0
115.29906506281792,0.0
208.1285406890849,0.0
270.32429719487084,21.21
118.63153124010728,0.0
384.8671902694276,4700.39
121.85150074244122,0.0
132.698781483942,0.0
120.75269727401458,834.21
475.3178457576368,201.88
174.30114967164658,0.0
263.18619558357386,672.29
115.26051714511216,0.0
236.0416852155459,0.0
153.02256607928888,0.0
243.83226569644586,0.0
108.80152538094706,0.0
139.8574662380925,495.6
423.97708407164004,0.0
140.01815680546719,621.25
225.93083433404016,0.0
172.3581985748138,706.23
240.83330374922932,0.0
107.01401035730152,0.0
154.3552005531198,0.0
259.54560005229445,0.0
187.63824153143287,0.0
53.23352386169887,0.0
192.61869453356982,0.0
277.58969674175705,874.98
106.96021602792078,0.0
176.62583705955254,0.0
159.82127975173015,0.0
238.67705564356598,0.0
276.58627083510845,0.0
224.8536552255361,0.0
217.34816498031196,1111.17
165.084732107375,0.0
186.75021248946086,0.0
238.6763247655617,0.0
276.34560405431404,0.0
146.34162550247032,0.0
601.3880658028971,0.0
289.70230863437206,0.0
231.26603862528347,0.0
188.16170598434914,0.0
340.1193318191674,0.0
263.23512452089943,0.0
185.67673800799327,0.0
217.8997254315164,0.0
146.16854280633842,854.68
13.213277718676245,0.0
183.3732183591108,0.0
95.5118646897642,0.0
189.06489047356465,0.0
106.34230333560751,0.0
100.49886377593701,435.14
217.96602082498248,0.0
364.77982821774253,1634.63
89.02738513705442,0.0
153.1911226263363,0.0
140.65965735761569,0.0
68.1342816836889,0.0
266.75631633374337,0.0
271.20927927414647,1614.81
462.7691098112016,0.0
233.81409160320763,0.0
249.3768130403499,0.0
101.10740338476302,0.0
141.87866491334685,0.0
97.39687982327862,0.0
239.2589463360095,0.0
325.0627472400541,0.0
163.1997866278554,0.0
178.4349937627066,1065.32
237.02351182946916,852.73
215.4077928562472,558.43
202.65621006044563,0.0
338.551895440422,0.0
50.680233362437384,1080.56
172.54402062727033,0.0
143.0977664197321,0.0
419.8392028180504,0.0
828.7353805752576,1307.13
171.15641257942622,0.0
197.3236173622606,343.51
117.44826967422057,0.0
194.38582360464574,0.0
218.42219595764348,0.0
413.98781274231413,272.52
218.32056049973687,0.0
144.88423960465718,0.0
116.32323263293148,0.0
161.73430653483055,2845.38
214.64040233064844,0.0
243.78423692324262,0.0
141.58963014221453,0.0
152.4746854019166,0.0
166.26966480372275,0.0
423.95234989814014,0.0
130.79111839858385,0.0
183.32187088782948,0.0
353.4987545138046,0.0
180.11921708506358,0.0
481.2662074262811,0.0
122.07951796870715,0.0
123.99223444913935,0.0
537.2568069536835,798.44
140.51008866951756,780.06
249.6208267733214,0.0
225.50482381706613,0.0
278.4942916851189,315.31
200.6994767143901,0.0
123.90578160883591,0.0
143.71154550805434,0.0
505.72064506040016,0.0
109.1327510514348,0.0
268.33804193571024,0.0
515.4256701308509,0.0
253.40117270428004,0.0
237.09697241953572,0.0
108.3543948447785,0.0
161.07471550875076,0.0
288.9062871178633,0.0
138.69157079454234,0.0
208.9747908676448,0.0
200.0471761420833,231.15
105.74062825955195,908.04
130.0539521033778,0.0
300.8801013119316,615.4
701.744525221554,0.0
158.44398922059582,0.0
536.3523416993105,0.0
220.9260783964399,0.0
205.33250424486988,0.0
692.1548398833497,2049.46
203.429286799339,1441.6
109.10031725370395,0.0
115.05472061662088,0.0
52.68812067386041,0.0
250.81482329084344,0.0
263.13430958785375,109.92
155.55890797959543,0.0
221.06276815290656,0.0
177.191527421455,0.0
220.34606045678476,0.0
347.1164453044726,354.58
119.85814027534468,0.0
129.28979489534964,1194.98
150.85578616488067,0.0
222.3221543586648,0.0
134.78183663038143,0.0
196.06641249477283,0.0
131.15221666345658,0.0
85.3222736784941,0.0
247.30061337685598,0.0
179.37728574229237,334.33
137.7296386134849,0.0
409.6691592595326,0.0
127.5931683464767,0.0
212.16324934260038,0.0
400.40460201574837,0.0
414.14391806200484,0.0
204.26296559717548,0.0
396.9572549091026,0.0
126.919793988835,0.0
172.00029215452673,0.0
347.35171632467484,0.0
258.79687540254633,0.0
874.1617248377028,0.0
59.45751473550926,0.0
227.88414466182357,0.0
108.00388553491065,0.0
200.17748029915936,0.0
261.6794558376035,743.62
196.03707185091542,0.0
484.7130798416574,0.0
157.80774530474156,0.0
107.69355087366051,0.0
195.58144729388775,0.0
170.00517103316434,0.0
234.73436233292622,0.0
189.52690701900758,0.0
122.43864555093307,0.0
229.2282031022564,0.0
215.16737341769752,0.0
262.2581718407671,510.29
197.33644942020572,0.0
184.25684979778435,1072.4
131.46497631197855,0.0
171.0081533057726,0.0
334.5193319676686,3941.57
121.39756829075368,0.0
220.68889004277358,0.0
272.57454642497135,0.0
136.8805023160485,0.0
334.7482012187676,0.0
203.20346610816534,0.0
238.03403944911543,0.0
148.89442993345335,0.0
229.96914018375227,0.0
46.416567953662025,0.0
429.38782267703203,0.0
227.51874067683514,0.0
284.494566247903,593.26
156.3319202232841,0.0
327.2818083115385,4157.32
270.93860184322614,0.0
141.19411612227395,583.78
244.73542992858168,0.0
278.2678477280252,0.0
227.7023888790674,0.0
202.2234533429788,0.0
222.87702762472193,0.0
73.67098825735063,0.0
49.67262251879757,0.0
173.52244802174428,0.0
222.23806791085852,0.0
101.74130010106529,0.0
229.395787811298,0.0
164.91370565828302,0.0
247.1098552201828,2402.35
136.81579080673058,0.0
110.42145810750347,0.0
312.19124399113247,80.7
163.17263766482375,0.0
204.76932264141254,0.0
193.77711845561623,0.0
204.36637828374072,0.0
130.23365470491794,0.0
238.13663579187897,0.0
218.22892733534337,0.0
186.46401156996743,0.0
360.6309408440326,0.0
147.31049481004013,0.0
357.0799387067751,0.0
170.5424046451374,0.0
200.03020546328565,0.0
89.25388789444129,0.0
232.6689909052508,583.59
141.46278819058128,0.0
93.55773364533769,0.0
291.14933198610294,0.0
278.0270213341633,0.0
168.49337023649542,0.0
98.19409568356137,1334.97
97.6629644679559,0.0
283.12086234787347,0.0
160.19757394142897,0.0
130.1207451557947,0.0
205.81763220301133,1382.5
214.86477122127098,0.0
100.8486942655051,0.0
182.17324874463532,0.0
152.9146159761029,0.0
257.71881085725715,0.0
145.11486303699814,0.0
199.55939061850756,0.0
141.41822372823103,0.0
161.85941151221337,0.0
163.4256865177917,0.0
191.05085698231832,0.0
126.29565455591202,0.0
188.64816328015638,0.0
127.42814757348292,0.0
89.68233380520674,0.0
107.5476409134853,0.0
457.87415037908363,0.0
353.7614751622329,649.6
223.6229044307757,281.36
194.38801938184858,454.13
110.94941376106834,0.0
156.40378979460542,0.0
219.8385938625489,0.0
110.31160745144273,0.0
176.23534957830555,0.0
250.32515563430633,344.5
423.6776862175781,0.0
418.1250250833176,0.0
72.15694482433119,0.0
202.13099560888486,0.0
146.9201640828134,0.0
234.2726504357979,0.0
192.3428877119231,1432.96
148.11377298618504,20.48
278.2540440822666,767.58
246.66781534910976,0.0
202.75715333314912,0.0
200.09702709221008,0.0
276.8753583583334,0.0
116.13035522657769,569.87
296.4225481197348,0.0
175.5948365341966,0.0
255.27272273110628,2463.21
395.03384412479636,0.0
143.71702928689493,0.0
246.68510429902847,0.0
441.5279374891232,0.0
148.2440087830581,0.0
84.69360658669342,0.0
169.6866313376834,0.0
134.81506187815341,0.0
243.76168044763412,0.0
166.28459839354878,0.0
498.16876346341894,0.0
287.219772436783,0.0
257.44734136068416,0.0
49.93753032830382,0.0
322.72054093172653,0.0
501.19663116771926,0.0
182.21225631733887,972.24
173.01317884263256,0.0
382.6409716170222,0.0
317.5379738645948,0.0
202.47816346581342,0.0
138.50090445120668,0.0
138.94817667672578,0.0
125.9764179719081,0.0
208.11205086180942,0.0
170.51002882289708,0.0
146.85314096598364,0.0
81.26373822390694,0.0
249.95973469781129,0.0
139.56391660488708,0.0
172.3413278765998,0.0
116.6811007621939,0.0
156.5884071937762,0.0
148.0591530036801,687.47
199.32120953561872,0.0
116.52120535188918,0.0
90.23216953500882,1620.62
131.56550911853083,0.0
197.69407939111366,0.0
100.87324563021603,0.0
98.93585033092687,656.28
140.66796368020928,0.0
95.94656435767196,0.0
157.10567319995351,0.0
139.54560617040084,0.0
109.17459622603906,0.0
112.9285608516575,0.0
262.09023281659296,0.0
126.84769040759782,0.0
491.3303140484622,0.0
106.24175857339834,0.0
244.94612784696668,0.0
145.3870772106762,0.0
122.6649328804828,449.49
218.61618930146096,0.0
88.50674174351575,0.0
191.15710088499688,0.0
360.7887980898234,913.47
144.66047606665086,0.0
42.9178612138526,0.0
76.57609686200266,0.0
185.8353526944006,0.0
177.20736902014553,0.0
124.42956793173254,0.0
130.85471875420703,418.93
118.72268478052872,0.0
289.5736563509085,0.0
143.8349769570917,0.0
184.0766475194137,1142.82
70.57148836608661,1317.69
162.48657812048458,0.0
112.5910901910087,0.0
251.16673963142424,0.0
209.0282982345256,0.0
105.35249370781331,1109.23
129.64315550446435,0.0
159.47602921166228,0.0
234.27651602622288,0.0
169.196918709603,0.0
100.52172262965965,0.0
196.62645900404465,0.0
184.89851991203975,0.0
149.90059672516387,0.0
229.99943588370812,0.0
159.4965089076381,0.0
224.25119134590764,0.0
148.3628013603084,642.03
309.68291215326917,0.0
288.11080912140943,0.0
149.32547456301936,0.0
169.26846710627058,0.0
67.84546385244695,0.0
101.09989822586995,0.0
90.37269002056499,0.0
52.008998077587144,0.0
111.24124615073508,0.0
233.4505560368674,1599.64
292.34036979666047,0.0
232.13785506231554,549.67
108.34901377433229,0.0
291.1434398674707,717.62
204.82862467019797,0.0
103.40394897059545,0.0
147.91883131596097,0.0
105.88587256971704,0.0
145.77211102970807,0.0
136.4757422449023,0.0
187.62216403382564,0.0
264.22221687431835,396.35
174.38388859431217,0.0
348.07815632607935,0.0
236.91870150778698,0.0
213.54972250898138,0.0
212.32248267311198,0.0
194.15265023298727,0.0
117.45848695350158,0.0
205.0954315896251,0.0
148.2424540366017,0.0
282.69195360996275,0.0
283.92857558281725,0.0
146.71624241831304,0.0
216.581614784216,324.8
190.67055142649806,0.0
255.22796989602722,674.9
171.42516623617462,413.12
171.07433365691622,0.0
227.53979431137958,3066.51
242.97682907251993,0.0
159.17547043242106,728.16
262.7180805412129,478.23
219.86555430443826,0.0
73.79389516479218,0.0
245.63066682781985,0.0
242.4304226515261,0.0
149.30960929168145,0.0
164.34615683198638,0.0
230.26801867368872,758.43
236.87640159376,0.0
208.27757503894685,0.0
220.5201472511873,0.0
187.1934776499971,0.0
184.61973592034778,0.0
198.30551413436572,253.81
109.07051709615531,0.0
216.3682443803817,334.97
209.43852581617486,1037.89
127.95171835380081,0.0
108.00354861416812,0.0
151.42537504212083,0.0
121.79977285902993,0.0
59.95633219093691,0.0
163.01308743947388,0.0
172.8475935784537,0.0
71.74438858235641,0.0
265.5945634880757,0.0
247.0376156910552,0.0
113.54303998033387,0.0
206.63655220011017,0.0
134.0630487169017,0.0
200.48826019125426,1409.25
140.22952656036318,1253.04
147.859668161297,0.0
346.7104749526562,0.0
169.62067173917652,0.0
233.09575037362967,0.0
253.95169579497832,0.0
239.91851684597108,0.0
110.78081117185687,0.0
171.0937753089031,1032.53
188.120931561928,0.0
317.67234362432794,0.0
118.54649234937763,0.0
88.72665590967257,0.0
178.65082199058435,0.0
479.0677335564575,0.0
130.65430893843433,0.0
157.22524880131854,0.0
635.4194769945827,896.16
143.3500892852865,443.04
208.14843407614478,0.0
80.13754834708806,0.0
157.21134245789224,0.0
115.1265844614405,0.0
150.75609571775377,0.0
100.99688802665152,0.0
230.55241215148445,2984.1
175.8959693249265,0.0
381.06433180227816,0.0
145.90352402843084,374.25
161.56491214739606,0.0
141.48892332603677,794.87
237.19619056508404,0.0
136.12784324671682,0.0
564.5075091623535,0.0
273.76315437798206,0.0
194.51459004337002,429.21
164.85302504568642,871.78
462.8656124707048,0.0
148.4900379319981,0.0
153.5560724847672,0.0
187.41570125598048,0.0
291.89417541974643,1458.49
176.64459504455505,0.0
118.76468888815997,0.0
252.51630861810042,0.0
213.96096085095766,0.0
138.9027713891928,0.0
192.85544751191833,0.0
181.458049091134,0.0
193.3876071505198,0.0
135.2407573580293,0.0
606.6873254164569,0.0
280.1937387638402,367.07
106.20335496947047,0.0
228.7764656036527,126.84
151.68114284948933,2054.07
155.96702858403228,0.0
192.22368061608793,0.0
137.28173153002265,0.0
139.86559207455468,0.0
501.55326687068293,0.0
177.9132966773632,0.0
197.31789380603922,0.0
400.82849393476386,0.0
334.35021053316626,672.53
148.14181991385502,0.0
223.55932718848337,0.0
110.76773279776994,0.0
257.17369197514125,0.0
166.12433295358431,0.0
172.55132782230294,0.0
151.850290302706,0.0
137.7849581355854,0.0
30.84166406350277,0.0
157.4990361554061,0.0
1009.7942107995743,0.0
149.39621655109414,0.0
148.11561868380647,0.0
165.8968758375644,1750.72
159.06697275718193,0.0
412.47041825339596,1524.2
138.1984191722435,0.0
461.53195695443685,1463.34
222.14996508981721,0.0
168.09372607867417,0.0
135.23782089134696,0.0
129.96847038904198,0.0
178.80944558513306,0.0
345.20031052318006,0.0
111.63754181440008,0.0
208.21186914708065,0.0
256.24930317571796,0.0
373.32802027177127,785.76
151.02246995385605,0.0
121.0776538901061,0.0
185.21122228337154,0.0
239.9234747457518,0.0
207.7289241475544,380.14
196.99472568578628,0.0
148.84318210806708,0.0
224.92310293774463,2345.73
136.6316421784984,0.0
158.67087906162033,577.01
220.96161522954142,0.0
554.819942545577,0.0
120.31146227417901,0.0
238.60169296182755,622.72
114.12142643117944,0.0
423.26882483895133,0.0
229.2480121850199,0.0
548.8316840821653,0.0
144.21895598034254,0.0
108.34703109517527,0.0
351.09969146895054,15029.32
124.27501196743268,1130.33
227.31415142176007,0.0
150.71741872151006,0.0
115.70419723647532,0.0
227.4491159004814,0.0
140.92090416157552,0.0
120.64799751802555,0.0
196.19323850862048,0.0
218.10225080696853,0.0
500.2541481333948,0.0
219.48918871273514,0.0
113.09457245696264,0.0
142.912557181371,1813.7
241.85383423499422,1137.73
184.2114493847569,0.0
195.75750506668675,0.0
229.00306381099756,0.0
590.2035884084945,0.0
173.3984016288683,0.0
47.03296308238027,444.82
1182.0861100003171,0.0
82.54626336653364,0.0
202.8835269044352,0.0
162.607489872287,585.56
111.92646103875809,0.0
157.08232779508646,0.0
82.18050235406287,0.0
112.86496613624341,0.0
108.92971039802424,1737.53
120.45335741868642,0.0
274.04483350526635,0.0
154.9958805263091,637.66
314.19393472508597,0.0
154.050726021874,0.0
108.2751108323071,0.0
133.6119571085334,0.0
155.19234679559975,0.0
264.9288373217201,0.0
178.50580510325872,345.37
186.06088129539185,0.0
181.9616615691618,0.0
251.52382905134039,0.0
113.1307494334995,0.0
154.4993896987068,0.0
165.07362779746882,907.12
96.3406041407079,1049.32
211.58245127650144,0.0
91.63895129100268,0.0
192.1386765286099,0.0
184.50670359792704,0.0
201.9480039435727,839.18
337.8571273729794,1328.67
305.88830210537884,0.0
327.4610759976814,0.0
119.19310239449247,0.0
224.3388125021395,0.0
208.4391642548343,0.0
230.37641448283142,0.0
164.6582542652264,0.0
283.83564863091993,0.0
103.22931391981506,0.0
222.56009580850713,1181.87
194.21985364681356,0.0
159.54783610253997,0.0
136.69881087698852,0.0
250.07842255169862,0.0
242.14426574775172,0.0
396.86694847012507,0.0
299.8426573144985,0.0
207.44355077968095,0.0
430.0638713515565,0.0
157.2409171310491,0.0
127.90995398324428,948.78
203.60913615118403,0.0
321.30769405985984,0.0
223.46266336646775,0.0
166.7967831297604,0.0
336.98607337012504,0.0
101.23176506546973,0.0
116.77548659790733,0.0
129.51996624847789,0.0
315.2717584947717,0.0
89.7145364579857,0.0
117.10347760417768,0.0
117.84015559235573,0.0
104.93898928515479,2525.75
335.4835287136518,0.0
194.68491982967907,0.0
300.0848755685112,1948.04
159.68668311611876,0.0
192.22531602216728,0.0
129.7410738163067,0.0
105.07604349857154,0.0
207.49224587143914,0.0
155.70257126430278,0.0
235.44522837666838,0.0
138.06758497835264,0.0
174.59497814907988,0.0
228.31664410855024,0.0
136.87159216960976,0.0
114.96212060635152,0.0
139.42139078412995,0.0
166.75281860080196,0.0
520.6094106238132,0.0
194.71387130131157,0.0
243.04408648375434,0.0
115.42949291828154,0.0
215.72154343370119,1343.7
133.00728521515572,0.0
253.44915970247314,0.0
157.32051313286527,0.0
291.95877951111225,0.0
154.0822994335033,0.0
194.1543917614824,0.0
244.18495825943776,0.0
253.15996484294095,0.0
85.09485625113109,1154.8
161.42798341067711,0.0
130.70343863938376,0.0
184.7635234958059,0.0
135.32520361657774,0.0
323.8654393980042,0.0
44.662829147323215,1125.43
103.56632134243596,988.88
174.44237647628705,0.0
144.99055113329283,0.0
196.92118857001398,0.0
218.9890687913098,0.0
129.14670758434093,0.0
233.74239665023458,0.0
209.72833894104446,0.0
124.62545875077451,0.0
313.27906481677275,0.0
153.12225238676538,0.0
861.0779666689627,670.33
121.6421722304061,0.0
472.9768579147104,0.0
203.91470695872843,99.51
194.1294401912934,0.0
202.7088648313123,525.11
254.4360808178064,0.0
137.0045398222199,0.0
147.89393141053702,0.0
162.87987561292275,0.0
122.81594924058915,1024.76
1579.4026908080903,0.0
111.29119500233314,0.0
244.4368553937321,0.0
396.116739510411,0.0
501.2936083824607,0.0
221.11585834246583,0.0
135.59553005719675,0.0
207.21838273994317,0.0
126.48832267535072,0.0
112.17006798696828,0.0
330.8382361299493,276.28
79.38448319732211,0.0
236.97081142446143,0.0
417.4676656368645,702.42
142.37307242000625,0.0
187.6262935777302,0.0
458.02808978918915,0.0
154.49953273422832,0.0
145.21127934152793,0.0
491.5445670459991,0.0
161.65415275596655,1145.92
262.9919085812938,0.0
68.35526305950978,1057.06
254.71218722969292,0.0
191.87543202261227,0.0
167.55781576530853,0.0
166.58534897015824,0.0
66.01407907014836,0.0
119.79834820714015,0.0
157.51549040268372,0.0
416.39450484985485,0.0
34.32953658624387,0.0
121.31425719018807,0.0
149.37930191316397,266.93
230.76983575550858,0.0
219.82467212132337,0.0
169.9114112279139,0.0
124.26477220527313,0.0
174.1049204182292,0.0
59.07171579224665,0.0
350.690238379244,0.0
157.97178785051764,0.0
188.31113932054737,0.0
180.21774640496594,3996.51
311.5290891520075,0.0
134.03021404149277,0.0
202.33995214846146,885.02
142.94609356012992,0.0
212.87896983970296,0.0
478.50636902850295,0.0
286.56329151207143,0.0
606.2483913737491,0.0
235.64576828662564,0.0
141.32637068707913,1258.26
200.1515874333014,0.0
172.35565898929067,0.0
122.3521590868771,0.0
244.98730096122145,0.0
134.62813014131333,0.0
118.00118287968398,0.0
177.0291384215896,0.0
252.42986650732,0.0
133.60651413843192,0.0
127.4624806774407,0.0
254.52927439766154,303.6
225.48688526414608,4253.98
148.7756655888141,0.0
95.00964618419526,0.0
120.35145300681805,0.0
210.62620534938202,474.83
202.50446585027436,0.0
298.82906474235455,0.0
127.4892732081185,0.0
114.74959880988094,0.0
298.64069833761585,0.0
224.3149604350804,0.0
245.55464984022245,0.0
199.74902739336795,0.0
161.0799665562473,0.0
145.7120921906681,0.0
69.4300238344294,0.0
164.16714490899048,1585.47
240.56036650143366,0.0
64.74584244735728,974.6
132.38293753910818,0.0
213.0100802988337,83.46
194.68935342789234,0.0
171.561243347474,0.0
78.74380086222463,0.0
263.49301028732674,0.0
148.81063220752577,1358.0
222.25108059356552,0.0
370.7330880063039,0.0
106.04203755781471,0.0
128.94192050154507,0.0
153.42712214016436,0.0
207.76290043314614,505.81
278.09863841192373,0.0
417.82553352159584,0.0
94.02571996368809,0.0
232.68974496334693,0.0
112.38014279067929,0.0
132.1553979328438,717.89
407.62499972391174,0.0
143.21006769381802,0.0
203.88428131519404,0.0
136.5859750430479,0.0
266.6857658291296,0.0
215.18812362215613,0.0
162.47645276780932,0.0
71.78845274218139,0.0
200.68867894833107,0.0
336.65447675804234,3731.56
200.03097597999772,0.0
313.2003492671127,0.0
131.39666404774576,0.0
91.95465517600675,0.0
205.47826075338008,0.0
344.23568100388644,0.0
163.70234691685138,0.0
166.1751005607058,1625.63
136.29101137536358,0.0
135.58520110508604,0.0
231.19275354602743,0.0
123.39111116566048,0.0
156.05318613270043,0.0
151.75052674947634,0.0
139.884841781299,0.0
256.66472583249856,0.0
124.61652070308267,0.0
402.56579787352035,0.0
79.9067652287265,0.0
116.70174968587877,0.0
502.532485354944,0.0
124.48382981027609,0.0
188.70726368125275,0.0
152.51882466854707,0.0
102.7492567312667,0.0
123.45563990782057,0.0
188.53198021838853,0.0
223.44338534964135,277.98
105.91838866290081,0.0
267.6450924856039,0.0
52.42214440108627,0.0
309.1392783344502,0.0
154.37794813990197,0.0
127.74938314511714,0.0
119.62507064086417,0.0
185.64567993968998,1103.74
134.9582939831423,0.0
167.26628172460084,0.0
87.47366857565163,0.0
137.4062328827093,0.0
262.26729898916795,0.0
126.78076749615059,0.0
247.67730399175167,0.0
191.76663258912197,0.0
180.71784657471326,632.08
258.18207153761733,1118.88
126.49353752147648,0.0
223.87099224904566,297.6
240.24632022338636,260.41
143.53364615133268,0.0
187.16090748567984,0.0
200.1191663623173,0.0
279.6778726923327,505.6
159.35469528411608,0.0
207.47906826759532,0.0
140.30934738481778,0.0
280.9872525934919,0.0
135.12930103971513,0.0
100.17936336938628,512.31
149.41531165702207,0.0
115.43190701118,0.0
119.0902893903821,0.0
197.62893890631034,0.0
108.32177013489542,0.0
219.02056699763392,251.81
194.7203634918302,0.0
223.4498038305236,0.0
266.7029915470908,0.0
159.9238631744036,0.0
315.38048759524173,85.63
192.76846001151276,0.0
316.3176918867182,0.0
266.4576510577119,0.0
108.28402130363943,0.0
210.62524522202833,0.0
78.49250245572728,0.0
232.920586952481,0.0
195.64449310342957,0.0
280.1557774985431,0.0
219.61499056095946,0.0
154.45345248696768,0.0
319.9913335317484,0.0
85.27656864129257,0.0
167.70420458432002,1887.65
146.2656292334319,0.0
167.53143763614975,0.0
684.6644985680481,0.0
259.82548899274576,412.71
157.87470805007166,0.0
98.6334644236369,0.0
354.5875439668191,2412.25
137.53532464240362,0.0
221.26625097049666,0.0
254.65478953435252,0.0
219.6104810539285,0.0
140.24621039691326,0.0
122.72205303601609,0.0
135.93624508768417,0.0
429.3654066919695,0.0
131.20300529203385,0.0
63.68156921519806,0.0
193.71221048873144,0.0
108.28016627015124,0.0
79.29865548109045,0.0
210.24161029237914,0.0
184.27895584190367,0.0
173.51098555591417,0.0
138.80702997159966,0.0
153.33482731872004,0.0
113.86846739887201,0.0
165.47265668997036,0.0
219.24770219456624,0.0
96.6773048789996,0.0
498.8207110053589,663.66
363.38612298313217,772.2
132.6389156840709,0.0
457.8462478388268,820.5
103.98766371467522,0.0
99.64587567220785,0.0
124.3768882499816,0.0
376.3412766004235,638.74
114.86481784069964,0.0
163.5505476483704,0.0
112.62773954478523,0.0
173.51616606464793,0.0
297.7420838449125,0.0
172.13532581932571,691.71
136.26332586203512,0.0
224.477419499268,0.0
139.8903058377578,0.0
143.81645623508558,0.0
165.0767944621085,0.0
158.33731265965494,0.0
209.38538560974564,0.0
132.50536678515488,1522.32
137.79922868422528,0.0
598.2535949352433,0.0
113.17332846541439,0.0
228.98018297508594,0.0
313.9378179997607,0.0
507.75489190068225,1290.3
146.55292056229183,0.0
222.97607496692854,1350.18
176.0354043979477,0.0
90.4687550584199,0.0
92.60084339066489,0.0
127.20538141042243,0.0
218.49475722567752,0.0
409.3564054985334,1601.05
203.12688923830737,0.0
237.66505070071975,0.0
50.77950211817022,0.0
163.89256882592744,0.0
67.05695158278255,0.0
191.01500215727455,0.0
210.44439552535917,0.0
553.8213913229608,0.0
195.53585110645176,983.51
98.79427086130968,0.0
152.82005652695455,0.0
194.18718170383434,0.0
354.84921019325384,2927.25
205.0666174098366,0.0
351.4265435814261,0.0
182.5082245747307,0.0
137.49279328141228,0.0
147.16637575221876,0.0
241.40712174155865,0.0
158.24794515768716,0.0
143.62479435791346,0.0
518.889208212012,1679.91
181.78994271955725,0.0
550.3644270590559,2455.82
91.22401877809716,0.0
191.06833986807953,0.0
268.521097071436,0.0
261.4940232498298,0.0
254.25799234461053,0.0
307.710825852671,925.1
162.44371170012857,0.0
352.082253121805,0.0
158.3995107133778,0.0
80.98531334820281,0.0
119.29981332250372,0.0
121.17564340771571,0.0
131.42451154052304,492.11
284.1534018783537,0.0
105.8029483417909,0.0
134.87332912738825,0.0
132.05930538633663,937.69
308.2475411154865,0.0
170.66628072529699,0.0
197.7256051850885,971.72
111.77838655397834,0.0
232.6357624335579,0.0
306.16327107117223,2717.8
152.98736724196553,0.0
329.77178770460046,0.0
555.7174543208516,0.0
138.45121816603645,0.0
49.047648091013954,0.0
378.33692245347794,1049.97
125.90380418400859,0.0
190.15086206302237,0.0
129.26096912170016,0.0
217.47489767398852,0.0
123.21685904848304,0.0
191.5937160576566,0.0
79.02074231755213,0.0
130.1053956474463,0.0
204.06806431962573,0.0
149.1389771226348,0.0
320.3676655364516,0.0
155.0147201521634,0.0
306.43644749265854,0.0
140.23864745434574,0.0
112.31374352813027,0.0
162.94944162962858,0.0
101.29147355531579,0.0
137.9029127415603,0.0
114.41692884464292,0.0
114.85138487136071,0.0
102.64014735918266,0.0
218.42597539074143,0.0
147.71348194756783,0.0
173.92657588162675,0.0
284.35019267511007,0.0
250.51450332359678,0.0
83.84502566559563,0.0
299.8755821016569,0.0
192.55056505502944,722.82
203.152070124979,993.2
148.43040242679396,0.0
75.7303223034157,0.0
191.5146535906733,0.0
281.1363237938959,0.0
107.43888818545142,0.0
260.24549653356394,0.0
352.28769337171605,0.0
180.83519140638333,0.0
110.3017815108237,0.0
90.57641644998219,0.0
134.12734721907353,0.0
145.97236190604684,0.0
311.1205610157502,0.0
209.53768823635883,0.0
134.05205888773492,0.0
179.44990987623532,0.0
292.780450426204,609.72
208.58719881004424,0.0
370.1285443918668,0.0
194.2393422145866,189.54
113.26119908643972,0.0
269.7463978635389,0.0
204.827098000132,2765.83
156.57420272601345,0.0
121.85253568163431,0.0
168.80480044395065,0.0
231.2720833564904,0.0
392.7772926969663,0.0
374.91606584489705,0.0
242.01027455530837,0.0
291.46704015675783,0.0
388.3192577316575,0.0
373.4913820903361,0.0
157.24172464798255,0.0
92.43581741119257,0.0
157.2976342930139,1451.4
259.85600789592036,3975.33
104.50259549563955,0.0
221.51438612119307,0.0
255.17726703834649,0.0
289.357878664801,0.0
90.80440736294383,0.0
128.3947798341359,0.0
189.00010337272153,0.0
56.3849648714355,0.0
154.02108329032987,0.0
236.47982831623239,0.0
221.56747405705573,0.0
178.98108069268665,0.0
128.34864356976792,0.0
480.8824503260662,1175.42
339.0011929978957,0.0
147.24959143045157,0.0
308.43052636111776,492.75
328.5676439964457,736.8
169.78996755500162,0.0
155.71193273513254,0.0
153.09731526148425,0.0
363.7167302580339,0.0
301.17808667510633,393.41
219.94368831999108,0.0
102.62423642713678,0.0
169.46499383714084,0.0
93.50508971055942,0.0
66.90792593529694,0.0
202.80496893511832,0.0
189.23658973652294,0.0
223.15926887596544,0.0
326.6665869569983,0.0
154.55410015806675,22.24
345.7653608011023,0.0
210.33021043769634,0.0
119.20334411350942,0.0
153.07069166892202,0.0
161.66594807643054,0.0
139.7188400844193,2032.66
280.2864745859219,1328.19
265.71528229309837,0.0
133.8948878083257,0.0
482.0191279306407,241.9
155.9031956686143,0.0
161.40916631770065,344.39
121.54052336024388,0.0
213.027671583966,0.0
274.08452783500934,0.0
277.4738541349173,0.0
145.2704166863042,22.6
276.89965482926794,2166.92
253.53112951478957,0.0
227.79735400606415,0.0
103.65033167642348,0.0
149.24830832695793,169.09
207.32227003851239,0.0
161.24840637035157,0.0
171.28826685676535,0.0
107.87705738695976,0.0
139.7797069931556,999.5
246.39539820193608,0.0
290.17765848644467,0.0
162.32310090700946,0.0
280.3779787464448,0.0
155.9616189220788,0.0
139.80847387705555,201.46
142.61474016344886,0.0
210.9994142985955,0.0
127.7298467323778,0.0
143.1479155638207,0.0
98.77762626091578,0.0
165.18701707765533,1032.99
263.90158455591205,0.0
322.8681343052926,0.0
131.52682667384354,0.0
188.8029332424102,792.02
303.9431665627565,0.0
110.44679811286449,0.0
260.8669512225114,0.0
163.19954071065928,0.0
181.96128605932378,376.17
98.28156496639681,0.0
118.94273658154003,0.0
141.94167161160186,0.0
193.9808340423591,0.0
80.91437427642019,0.0
98.09420853884477,0.0
307.9777929496676,0.0
144.1224109639586,0.0
260.4741606752881,0.0
110.0734447202972,1404.18
183.3919505980555,1298.85
77.85980803521585,0.0
166.61113778441623,0.0
218.7413145257247,0.0
172.17320818777986,243.51
174.58003559214532,0.0
246.8393397622411,0.0
159.27719710032275,0.0
266.7728639473538,0.0
154.248973039568,0.0
222.76341546287227,0.0
187.7743818001138,0.0
712.7860102841422,713.89
85.89234691028503,85.11
133.51305308910125,949.76
232.36627074148558,825.13
178.08213192703502,0.0
200.43657784800783,0.0
125.07460007478724,0.0
283.38222675482814,0.0
191.02718910572986,0.0
87.78199122904081,0.0
478.102977004058,0.0
190.04030418775105,0.0
200.12803299819646,0.0
82.27480529244038,0.0
128.11976218242106,0.0
201.21063181643032,336.68
210.50029942025566,0.0
338.0643091709823,0.0
91.8412923695534,0.0
321.73234602966113,480.21
170.9488154662216,0.0
137.6812247905302,0.0
266.0109641742957,1860.45
88.02658789232831,0.0
157.64822268410103,0.0
203.33283013441792,0.0
243.05229566064676,0.0
103.9179886857498,0.0
215.1210713125652,0.0
44.16172053753342,0.0
609.2134401967961,4541.82
116.18057958962866,0.0
302.5596988421782,0.0
91.39685929105767,291.2
251.84611175415654,203.23
255.40875617389577,369.26
148.42721964906318,0.0
224.10236708873242,0.0
116.50110111579592,1244.28
270.2217869303014,0.0
180.5823330674915,0.0
219.65768360460999,0.0
256.3286118243567,0.0
184.1667710438545,0.0
214.92221719608412,0.0
249.31907895635888,0.0
219.3276142250849,0.0
160.26746771221207,0.0
158.26084329615057,2362.81
243.8291471153118,0.0
106.8297790704863,0.0
131.80381206955792,0.0
136.2135299457899,0.0
201.1771830906223,0.0
262.02865617919605,567.63
225.18378783444345,0.0
241.15956270783,0.0
184.11693913866384,0.0
112.85960458523601,0.0
195.93618189334882,0.0
163.1377739372794,0.0
188.30272761611405,0.0
148.7042295285275,0.0
147.44742524911726,1478.63
251.29304947274946,0.0
122.03197588188827,0.0
301.8262574549758,0.0
266.6590469744053,0.0
147.29025213289748,0.0
151.98066157923927,232.7
161.42686487560246,0.0
118.27532645716754,0.0
274.46799182345626,0.0
233.24068635576052,0.0
128.25464459601045,0.0
395.3737554041375,0.0
217.36148177864638,937.67
145.7229678464195,0.0
166.1933862278537,0.0
114.36047112546493,1317.53
246.14905119227393,0.0
136.96187334164273,0.0
244.18275154051994,1182.12
205.12189433257322,0.0
222.07247415768796,0.0
87.84788217827028,0.0
314.14504465679306,0.0
224.3420048362293,203.38
141.49857982533442,911.62
363.9521333869352,523.42
185.45826576026536,0.0
179.639989717782,0.0
284.40851729844934,1311.55
359.0802159088031,0.0
87.41058131308677,0.0
185.508751418644,0.0
173.61361115483163,0.0
93.64729556940188,0.0
290.9400995933693,0.0
365.99403587117587,0.0
140.8506709742124,0.0
166.47639366599063,0.0
171.50182264291232,0.0
133.73788399750356,0.0
241.42897968474833,0.0
94.30871312151882,0.0
172.81018665121474,0.0
450.37650659835265,0.0
230.88453091422056,0.0
144.94183025854517,660.82
204.24462226524759,0.0
196.1559246968482,0.0
211.6171757336413,0.0
124.91902566286491,1121.19
137.82373042298065,857.93
148.99996891925497,0.0
294.07275066887803,0.0
189.37330455435773,0.0
138.2073295684404,0.0
111.36729420570188,0.0
117.89095220964222,0.0
472.82840373184257,0.0
105.65478044859772,0.0
111.79080081924295,789.72
191.79812984517994,0.0
248.3070335223711,0.0
64.31593738254998,0.0
61.36715088725398,117.65
290.0973609135675,338.86
60.93298760801074,0.0
192.74480231429044,854.8
373.07947897539134,0.0
247.3612564156182,0.0
144.3173597745941,0.0
104.32052889288227,0.0
245.34908665559973,0.0
177.35124225245553,0.0
227.077618534779,0.0
332.7378212124336,0.0
240.0345660003393,0.0
122.2900151238182,0.0
594.8698910246152,0.0
226.96851561962782,0.0
98.22235207359674,0.0
156.79255553045928,0.0
124.46033350227543,0.0
336.66709793788976,0.0
89.68181879007776,0.0
250.7037368005156,0.0
205.18961986128406,0.0
305.69975648918535,495.35
160.78646255670412,0.0
515.8984343379578,1297.68
157.93227956580768,4091.21
193.77495302682271,2209.89
111.95440307299967,0.0
213.1219571538931,0.0
79.53750658105787,254.91
166.17628558950236,0.0
177.77547954941403,0.0
117.10105921452613,0.0
412.34054213561444,0.0
259.82722116684494,0.0
360.9150905254503,626.94
161.718320695677,0.0
171.30332086510828,0.0
296.34012141657956,0.0
72.93157897057603,0.0
186.84174698013402,0.0
148.05446179835442,0.0
100.01930709467005,0.0
108.65025589082613,0.0
215.29568291164068,0.0
327.91285424826935,0.0
328.69873225979495,2571.76
188.09777644494662,0.0
142.8471302332873,200.02
240.1233602338459,0.0
257.84002114096796,0.0
70.31906972633058,0.0
261.1685635723965,1093.3
156.8860059556406,338.65
115.28475391858886,0.0
117.51868444103548,0.0
431.07019991774314,0.0
143.67541479406145,0.0
181.55816825617956,0.0
99.86062619851748,748.86
224.8870121798062,0.0
158.27047291553626,0.0
125.514812757934,0.0
258.19507046459523,0.0
180.63508272328986,0.0
219.28915404979773,0.0
262.3691775955054,0.0
153.79267718686836,0.0
381.859759441722,0.0
162.39994186082808,0.0
167.48096297933063,0.0
59.25581727365813,0.0
151.53332106393833,0.0
163.24734591286705,409.17
140.2128636024731,0.0
175.5095040132701,0.0
800.7885512338903,149.27
263.23346764557834,285.54
159.66518543664458,0.0
309.06124719701126,0.0
233.9033247579145,0.0
133.23453935976787,0.0
125.74199681112201,0.0
396.7087976335307,779.87
136.59353838066735,0.0
237.74426052203765,84.03
161.27121075358633,0.0
315.2877586464836,539.61
330.2724209007058,1237.69
223.70938680483644,0.0
236.87782362919432,0.0
116.0811015425916,0.0
126.6095233289726,0.0
96.59689229246047,1299.14
99.76181217127804,0.0
145.12502466647996,0.0
135.58666043855186,0.0
131.57891704860782,0.0
240.29055259860147,0.0
272.11012490205263,0.0
202.44995676271014,0.0
124.2714146589384,176.71
153.0330736941877,0.0
135.83601199655166,0.0
155.91815767146602,462.73
121.69750537359522,0.0
203.93557582720447,0.0
157.9454098447633,0.0
130.93933647956146,0.0
110.61042061791417,0.0
233.07288126337096,0.0
105.90923165501313,0.0
115.0703066875944,0.0
186.3319579864211,0.0
99.60181843323876,0.0
132.4788859273864,0.0
506.5208789455599,532.7
301.41410332558763,0.0
202.37824841888403,474.63
224.24438811109385,2289.09
174.49845889265825,0.0
215.6623747524899,0.0
206.31456906324738,0.0
116.50275412919576,0.0
198.23640841072816,0.0
374.0039939510804,0.0
262.96221193073427,0.0
327.6525103220677,500.16
280.43295540894303,0.0
212.26123731973547,0.0
201.56454284544083,0.0
314.98521558360056,0.0
192.7754563526025,0.0
157.07819974096088,0.0
109.97293091738766,0.0
180.44021523183108,2057.59
291.5209497143115,0.0
224.57128462546905,1360.28
362.0812441243885,0.0
117.81062257059513,0.0
249.0539308813677,0.0
174.22670616377448,1747.6
172.28507272433745,0.0
170.9795603161797,0.0
159.6366829539381,0.0
243.60513200568911,49.49
137.13683212371913,0.0
136.09012123553458,2109.6
151.22529592834738,0.0
100.15071253667327,404.67
124.12085657256631,399.38
236.85491582922293,1436.03
235.21235247153194,0.0
166.51096367820944,0.0
149.34588456304866,0.0
204.43346372855981,0.0
213.40160722069172,0.0
136.97247609904656,0.0
116.50859308243986,0.0
330.5564977678743,0.0
288.1417929035956,0.0
230.8413963504039,0.0
62.701472319348916,728.75
243.54693919694722,1031.43
78.68189781426328,0.0
275.1491039777594,0.0
156.39854527457481,0.0
523.8876048059244,0.0
121.24946035898682,0.0
241.6398386535944,938.87
167.85160906496608,0.0
231.04211413093506,0.0
179.3531568678805,0.0
293.3074984345845,0.0
117.23100392097876,0.0
173.58199184954537,0.0
246.73925243963154,0.0
160.35578816055053,1831.17
207.0300945894339,0.0
183.16370109551957,1207.61
192.41247094290938,0.0
137.40774626543003,0.0
187.07129165397347,0.0
49.82737725722771,0.0
319.7339144846489,0.0
507.0791827764452,0.0
163.22729733025693,0.0
223.9033095578727,0.0
185.25050078032507,535.43
306.8493657036658,0.0
332.71386054576635,0.0
279.5702131658363,0.0
151.78235883519406,555.79
224.2343518752257,0.0
323.32818706469635,0.0
234.7079234853478,0.0
86.24710218756073,0.0
60.753088542825395,0.0
192.81100796857496,1130.96
168.88798693869654,0.0
254.42596382771708,1600.39
167.3070998237807,0.0
129.45261830277363,553.28
775.2868508633884,500.66
173.04325112088875,0.0
245.71382885509774,592.43
175.90255711397353,688.64
148.22068641331705,0.0
172.15067507456342,0.0
98.44869274664596,0.0
255.33201651851797,401.73
173.8016321515025,0.0
156.0160202258838,0.0
180.57663662634718,0.0
134.26481543209286,1929.39
225.51142164614143,0.0
400.95990712399873,0.0
170.8535566087271,0.0
119.81870557805325,0.0
301.1045328776987,1972.62
389.4450728321516,1923.77
98.05207271068893,0.0
264.32845135097614,0.0
173.70376894521453,0.0
178.94584016674926,2169.56
358.02201977160524,2090.14
242.08681508416896,0.0
282.9789927227518,0.0
218.16541187942224,0.0
268.041464017106,0.0
218.3512768328064,0.0
49.02299369413419,146.7
159.55041609607153,0.0
125.54767704330703,0.0
128.0011295020847,0.0
209.56017855029336,0.0
217.62110970841593,1186.2
311.94206103242044,1910.62
153.37173991256918,0.0
287.76848820142004,697.76
166.67545830441105,1142.54
335.1300535866995,1382.87
226.52709172603807,0.0
156.70167136090384,0.0
111.75886091896969,0.0
197.65641024844825,1390.7
136.44867866903087,0.0
135.63841211726552,0.0
213.2921746894641,2890.02
301.6678879390098,1586.23
118.97241392199176,0.0
157.72654616546328,0.0
103.2009540827185,0.0
150.53082568813738,0.0
274.27340108881185,0.0
124.00155705454863,0.0
180.98333958897973,0.0
128.92691978911012,0.0
181.02714983671643,0.0
250.0667128625348,0.0
291.48812756533,2498.08
161.7397768470659,0.0
122.75567123229882,0.0
304.33389534547376,871.22
248.592543799206,0.0
121.38543352844972,0.0
99.2144830256574,0.0
152.9519367189955,0.0
157.71672379032606,554.67
282.77245759835375,821.88
250.97984444153917,0.0
203.00986608361043,0.0
114.36100148856863,1823.72
225.84212355602418,0.0
155.02392366760654,0.0
103.62985336988552,0.0
90.3053394883141,0.0
272.9280172916078,0.0
112.52558006207161,0.0
201.95713424671638,0.0
163.94984361602553,0.0
74.113961792717,2248.84
196.45166603283477,0.0
278.5868933297236,0.0
92.11448364910893,0.0
185.839554507257,0.0
201.15565919598976,0.0
149.74942080230065,0.0
244.33157327813242,0.0
166.81613866009275,0.0
208.43722549054948,0.0
164.298462304583,0.0
221.13638857932114,0.0
187.2635301654179,0.0
162.41955539737395,373.24
123.61512240721,648.1
289.7008214039316,657.2
273.78811646989266,2279.89
280.63002081472507,0.0
98.58835087552464,0.0
123.91764336167245,0.0
262.4310189473394,471.52
123.05190699941349,0.0
258.9810286411151,2147.72
262.27744213479554,0.0
262.32543199707186,0.0
81.42764314632447,0.0
101.8734571293429,0.0
207.09944434258134,0.0
263.0053712624874,0.0
169.03584639054148,0.0
199.11507918943659,0.0
226.22105984378268,858.15
183.48036268716567,0.0
199.43542256559877,0.0
330.2079763030316,518.0
298.81850255881824,0.0
144.087927740363,0.0
363.7362894112139,0.0
109.49266960914697,0.0
96.92038722419213,0.0
174.87673481406017,0.0
176.4256802645124,0.0
207.56117563032169,0.0
173.9664004474376,0.0
197.1248860440438,0.0
242.46865849650914,0.0
319.5323210676167,0.0
227.61489937807286,0.0
226.3204357305868,0.0
124.57711791431896,0.0
124.7838946099738,0.0
84.66730396908531,0.0
141.58048276559504,0.0
602.6964184024407,0.0
869.5380118705928,0.0
614.547025701259,0.0
253.63447591567794,82.45
211.62434482928606,0.0
125.36662034357069,1346.54
441.4121897560826,0.0
190.0955548309915,0.0
242.83852094506327,0.0
109.36437311463392,0.0
189.23912148639238,0.0
96.88709988977644,0.0
483.5263483948839,0.0
167.48112497635844,0.0
138.2580104297988,0.0
284.27422559471466,0.0
244.7948715113649,0.0
267.75858452508714,0.0
347.5974937692344,0.0
113.121947125715,247.35
41.98257662749083,0.0
207.9322268942569,0.0
217.03136464234302,0.0
118.30397766737543,0.0
384.76715678219915,0.0
191.80704118920843,0.0
288.8520688154582,476.73
180.44460538212056,402.02
237.01213587402702,840.79
65.94008579099663,0.0
153.9821768375484,434.98
161.75287603485214,1179.86
236.18045754209825,0.0
175.70697281817988,0.0
126.33864990026838,813.44
148.83050346016333,0.0
372.50986127194255,1554.58
170.2040965548261,0.0
161.10782996682892,0.0
148.32722303810615,45.56
184.22896041769323,0.0
179.54892916064054,149.82
238.5372879365465,1611.97
314.92231252614135,0.0
217.50614886854686,0.0
155.16015575913158,0.0
144.6048414206001,0.0
200.74834041788878,1135.78
322.97543331017135,0.0
227.85685291019684,449.44
194.65591034201947,0.0
310.7492032922844,0.0
235.1504054802035,0.0
110.04508239726131,284.52
142.90216954340812,0.0
187.86782479581942,890.12
226.01647037439415,0.0
157.06068578777322,0.0
172.06508905425545,0.0
96.09103275578204,0.0
144.27966112056328,0.0
140.28001423851842,0.0
173.45035210999868,0.0
111.7490989846903,0.0
77.14130643368615,0.0
129.54313249594986,0.0
191.2565434595626,1396.35
78.29499215156771,0.0
87.96326278616249,327.68
113.86843253867718,0.0
134.4428984384287,0.0
137.88121433706095,0.0
211.48313656812928,0.0
113.7748892485991,0.0
222.3962679856876,0.0
106.89144947028919,0.0
264.8942771948625,0.0
140.4718573905099,0.0
159.8166484225745,0.0
402.2111347204497,0.0
181.5840288755317,0.0
337.1185758219467,0.0
205.6068463956879,0.0
417.4098822748279,0.0
253.03873379098715,0.0
244.23040799978133,0.0
305.8010355366499,0.0
194.38306562447386,0.0
217.6248056602463,0.0
241.12477870817767,0.0
163.94556517073522,0.0
223.64411015317853,0.0
343.6849935360812,0.0
92.03385108564777,0.0
137.6570946328601,0.0
154.25829259962558,575.61
407.58565883427605,0.0
525.2697382319614,0.0
239.62566165955192,0.0
198.75278366730177,792.41
306.9121489880773,3759.0
354.4511475894091,611.81
256.5811988739349,0.0
183.74501198432264,1030.88
264.0324263502305,0.0
99.07730572673903,0.0
227.4239928334415,0.0
244.79072099844143,0.0
407.10284521392543,0.0
94.01092144158464,859.18
286.9554705897724,0.0
145.01867815140025,0.0
74.6777199330395,0.0
244.8498061026038,0.0
188.04299740731406,743.59
258.69564345502386,0.0
172.19826426578842,2074.34
160.84219224694965,1263.35
217.41459011657514,0.0
620.0140593476804,1008.33
198.4214824094709,0.0
745.5552301368357,0.0
171.201514924022,606.09
204.60275339651392,0.0
215.41410203528721,0.0
297.9769465922302,0.0
233.27477930258343,0.0
233.15071279321333,0.0
218.2077500469691,983.81
193.80720530966792,0.0
120.02619685133115,0.0
149.00354515490085,0.0
215.89349146064188,0.0
123.25258317081442,0.0
285.9112675659365,0.0
253.0728160248344,0.0
239.35864040540858,0.0
155.22747090551815,470.73
305.4836020270225,0.0
257.59646034648296,0.0
116.19738143805453,0.0
168.5740427189301,0.0
211.7664879457826,1079.06
230.96778424374625,0.0
85.82797217525824,0.0
215.99202260640706,714.66
133.09313442351544,0.0
134.68363443236146,0.0
147.13317825241992,0.0
126.62098051236406,0.0
105.70576223129235,0.0
370.7380721013725,0.0
212.24950550997278,0.0
586.4788608676167,207.37
193.43562744750895,0.0
180.05533893451417,0.0
142.3171842343142,0.0
137.6629287114437,1027.37
144.10938610028566,0.0
263.90097178045835,0.0
444.12643080076185,2308.85
186.5253556623865,560.56
118.60524723040672,0.0
182.10695283025643,0.0
222.34132726855051,0.0
331.3182122324009,0.0
63.92018733319216,0.0
237.656699942836,0.0
248.86419801639065,0.0
136.29378884272268,0.0
194.5659963341315,1558.26
181.4144792566934,0.0
162.00081071562667,0.0
209.15824204294606,0.0
310.78655914959205,0.0
192.5636912906659,0.0
118.39898503912153,526.64
287.5658018065364,550.66
318.93869803455095,0.0
693.3912981138658,152.52
183.26551999539453,0.0
133.8600833826121,0.0
244.38519524266817,0.0
137.77221644414035,291.97
139.5754688475897,0.0
112.48458931987771,0.0
150.38459822375575,0.0
73.18879297779546,0.0
189.94386371284833,0.0
144.93313836949505,0.0
242.51857618425007,0.0
312.9645100326641,0.0
147.19728316331552,775.68
292.9577256813172,1154.97
131.3120090579852,0.0
385.62507503916623,0.0
234.4815430824442,0.0
309.254889379813,718.91
117.7404292718468,1961.45
155.8019442015017,0.0
114.95909024812202,0.0
210.2126275081462,0.0
475.3837174637482,0.0
152.2083638911574,0.0
176.87984039197903,0.0
226.3505408513861,0.0
117.25139478045347,0.0
298.39123363905196,0.0
168.71233340119556,0.0
141.94748709194926,0.0
262.02363917995336,0.0
282.8766498646973,207.9
120.74347610009738,0.0
399.6047623908043,0.0
264.9980598432586,2821.13
188.64410996125739,0.0
217.80403265061892,0.0
230.08943580949108,1920.88
129.67443791750603,1321.02
358.15207639339496,537.06
193.24166971892157,0.0
236.6129552434248,0.0
119.15278425650091,0.0
440.9022183591029,0.0
259.29919217273317,0.0
183.7990365022056,0.0
189.07950354023637,0.0
145.4979611600469,0.0
259.01023635070527,0.0
183.3973295242511,0.0
190.28777958887395,2586.45
134.89972734302637,0.0
191.06780964741733,0.0
159.29626628077256,0.0
135.38868574870224,0.0
166.07779312315537,0.0
534.7883687642155,0.0
224.24281677258034,0.0
506.9220151929891,0.0
264.3814798394444,0.0
114.14577578828819,1593.48
238.79268976602856,0.0
163.9693744957728,0.0
230.2234773496845,0.0
265.69296077737727,0.0
164.5392976121633,0.0
750.895750426062,836.45
183.5532811574753,0.0
158.934707686043,311.36
229.73916635849795,705.38
306.0545343290112,701.98
175.55689124609205,747.18
41.5478514459756,0.0
139.5127296484581,0.0
237.42019870851348,0.0
166.16888771105778,0.0
180.60852151543025,0.0
338.7788523466694,0.0
339.68831347956274,0.0
140.81835385533978,0.0
194.83539495242167,0.0
119.56743893051959,0.0
154.0047708752663,0.0
209.7823318175259,0.0
110.30467165289424,0.0
210.99883461722848,0.0
280.7909074766526,0.0
189.05171541843418,0.0
64.8896182623252,0.0
219.15662784517855,0.0
401.7732925446513,3392.65
308.0823796528002,0.0
102.92443158418426,0.0
42.94657936709328,0.0
117.4007262875054,0.0
248.83225290180178,0.0
533.7472194459539,0.0
226.74196764076396,1402.94
155.2151249797048,0.0
146.77140979341266,0.0
98.03020321608277,0.0
134.9108788721864,0.0
154.77910109787643,0.0
131.57276211810873,0.0
179.86189169453763,0.0
156.36878495278575,0.0
299.41921964559873,0.0
172.2290746222936,0.0
174.60576017049354,503.82
249.48918266650625,0.0
230.47213371754464,0.0
215.80121771655038,455.74
345.9581371443122,0.0
117.57153016907965,0.0
114.07355977966654,0.0
278.44973670906563,0.0
170.43050750951662,0.0
232.8008765472726,0.0
361.69423170575436,0.0
140.2936278073697,0.0
247.8614617707772,594.72
198.90378357554962,2622.16
362.1517044212977,1249.81
147.55764761619736,507.5
194.304316150131,0.0
86.92662501322395,0.0
167.03830601008264,0.0
122.3406893089416,284.83
155.42107463484564,0.0
229.0615453725668,0.0
101.30326540895366,885.62
155.31897720542415,0.0
141.8728795224059,0.0
194.95233719711823,0.0
88.4009722673156,0.0
260.5730597946898,0.0
282.50692342745106,1249.46
233.3412470384151,0.0
618.8911059360402,0.0
215.80232749897795,0.0
260.46350161888734,0.0
226.66986200039668,376.76
177.66442181817175,0.0
140.1906011318404,0.0
106.94480437158833,0.0
144.83209412327145,0.0
155.93655364222886,0.0
163.73822504310115,0.0
86.87629130497712,441.6
121.79927715877326,0.0
155.8759201400597,0.0
102.19715431484671,0.0
251.21710328098004,0.0
255.35816422102616,0.0
112.26582842576926,0.0
118.45900614378937,0.0
282.3324129819945,0.0
173.6620407065953,266.14
341.5915071550471,0.0
138.22184897863974,0.0
100.88034665558357,0.0
212.85710568801574,0.0
510.9365411381004,0.0
239.06819741570862,0.0
301.06125965704604,579.04
254.28938492298812,0.0
228.7202695733126,0.0
290.8721971837084,222.44
179.67604549412087,0.0
249.26628009190213,0.0
184.86843894000071,0.0
184.6756259601296,0.0
261.5744082447911,0.0
312.7885302001305,1766.68
179.8056035759049,0.0
186.6073364578062,0.0
420.91607327022905,0.0
154.05700741322727,0.0
121.78062997510524,1322.55
150.65497069865452,0.0
110.34118640711414,0.0
301.23156654710743,0.0
115.61873513699004,1443.01
289.6111555081187,0.0
144.4932660273812,0.0
111.58445707602709,622.94
195.75969071858327,0.0
237.32059875321565,0.0
228.68379794827524,1722.74
167.40364244334555,1210.74
119.35429480777911,0.0
139.67143405440365,0.0
235.23669130495432,0.0
353.4004935586246,458.91
158.56188101604985,800.45
171.06400574505156,0.0
140.92143472763428,0.0
307.3613780856345,0.0
149.72501245156454,0.0
231.99824670301237,0.0
130.64979174606844,0.0
187.14908007449182,1770.65
181.60503761563882,0.0
266.191694380834,0.0
91.75303730491797,0.0
312.9011590192748,491.2
205.1466111365521,578.45
168.87477462256916,0.0
92.12478118812153,0.0
162.29081308485368,358.71
229.9023432825444,0.0
114.02667144970185,0.0
329.38003704101965,0.0
145.04026851886792,0.0
92.81772874509596,0.0
99.44183058086263,0.0
230.4934693152124,0.0
245.04863477512345,1404.24
90.76339001417115,0.0
233.0900797051735,0.0
157.42321768033003,0.0
292.24973735074286,0.0
335.99189855277007,0.0
156.2894870213318,0.0
190.388572453208,0.0
219.74518081921542,0.0
221.5483028457163,0.0
89.32599710289553,0.0
129.72489379418474,0.0
282.61345721421355,0.0
104.8121153020647,0.0
226.80489059456085,0.0
232.58913139423424,0.0
205.09661505184147,0.0
277.30940532841436,0.0
285.4206139657147,0.0
240.7559504281216,0.0
212.43865843933952,0.0
153.23531147134594,0.0
284.1533273058969,824.58
60.46722541312294,0.0
200.47612896486882,0.0
156.2664510021352,735.49
184.12933333618304,0.0
134.19901889445984,105.45
104.12572465133896,0.0
207.79314794056214,0.0
184.9850240857732,0.0
160.98653005326887,0.0
203.0837891447461,435.96
172.17545026972127,0.0
136.74930262254537,0.0
178.35696296546323,0.0
511.1738117662825,0.0
393.32222164530845,0.0
124.19716744151178,0.0
223.80267809164872,0.0
96.16477055268639,0.0
224.884485125239,0.0
116.84491891928548,0.0
306.44906638263006,0.0
196.15669574815328,1077.62
237.99274023412664,174.5
367.21769043195314,435.58
159.41441620053598,842.11
77.9201529790411,0.0
310.0343076225375,0.0
207.06689854673903,0.0
209.77909381781282,0.0
144.21422018676074,0.0
322.95186940865267,0.0
199.5425016820055,0.0
92.33490283422994,0.0
163.91966728080138,1942.18
116.85406735999916,0.0
592.9080471865128,0.0
74.19881924645397,0.0
199.50388809933685,701.78
273.6725092662281,0.0
178.51857875577355,0.0
308.6136619074952,0.0
199.664007363798,162.23
202.23744444575073,0.0
274.4094343512119,0.0
257.2925495816571,0.0
117.69785024834553,0.0
216.62506276410147,0.0
120.45255565767864,329.91
228.80882311618277,0.0
164.40548360935213,0.0
279.53781825735183,0.0
194.1030060964431,42.92
291.783630994148,0.0
64.98951026686781,0.0
144.60162856774596,0.0
63.00482065779994,0.0
122.67550605354012,847.6
206.54360367242418,0.0
147.85879209093167,0.0
118.82455195834791,1089.01
123.64817249609412,0.0
140.45726835032977,0.0
86.9875903099894,0.0
176.05985536962012,506.43
291.14761229130556,0.0
200.62632984529534,0.0
117.65859301050403,0.0
642.3346700047741,754.17
356.3717245084583,0.0
294.05463065234864,0.0
131.34333568808475,0.0
171.78907363441348,0.0
204.56607407025226,0.0
281.57192565809765,0.0
245.6802375053544,0.0
176.68458846574995,0.0
134.63049547520848,0.0
342.8808586553384,0.0
345.38585365864617,1145.04
271.96645822194284,0.0
144.09703384760994,0.0
107.14404136391653,1804.82
219.28067336683714,0.0
263.25956291645787,1442.78
190.79608154970813,3327.55
392.88847712972535,0.0
325.0229714574076,0.0
177.83040361607038,0.0
151.72896426111785,0.0
103.68649662610386,0.0
124.3531930601178,0.0
210.54207552773596,0.0
349.3888918111121,0.0
179.94620572413478,1742.41
126.77973079622767,0.0
207.9020854364247,488.26
70.43157292385514,4176.98
169.57460254337073,0.0
145.194151720529,0.0
59.84415366546961,0.0
145.88405899137715,0.0
115.71682244067122,0.0
310.6980560584385,0.0
122.11209305761227,436.69
225.61166157839577,0.0
118.00239648284803,0.0
113.37328074928689,0.0
169.49745948334206,0.0
75.96560723339302,0.0
84.6556600276369,0.0
179.32709963798717,0.0
95.54855564317953,318.15
407.6753207329514,0.0
102.48784133048316,0.0
229.49765258973915,0.0
204.95998837177456,0.0
202.62919781663032,1541.19
471.9361653697502,209.15
187.34548254237092,0.0
144.82863912160724,0.0
140.70403183261723,0.0
145.79019116653745,1401.87
77.560007074239,387.77
144.86415101048127,273.71
169.4072191487679,0.0
164.97769997903285,0.0
35.46957756405086,0.0
129.37598150478868,35.52
211.62216585069157,0.0
165.60889971423592,0.0
166.21153621199815,0.0
29.830321098399434,128.97
88.85325808825709,0.0
232.72260268070636,533.82
110.0160612022925,0.0
230.2584355562434,0.0
143.15718885376904,0.0
315.76601783968346,0.0
231.24700191822913,0.0
337.26780700819495,1298.17
246.80448721802102,0.0
116.62541780401678,0.0
191.7407509377088,1092.01
244.14684729309724,0.0
410.89007024711685,1290.52
254.24189692015185,0.0
304.6071662323168,0.0
278.8337339837808,0.0
162.31096422418324,1454.1
159.0831803019768,0.0
145.2416585054776,0.0
276.7714298581096,0.0
177.70409637587136,0.0
103.56710409853832,0.0
195.1748442286005,1678.43
148.86392138478513,149.77
529.4187815485119,1967.12
361.9465472335779,2077.5
360.18769057540817,0.0
374.8165822389677,2832.66
208.63142919993072,0.0
400.0794192738655,0.0
480.04422839171514,0.0
134.31132442831392,0.0
165.20508791177014,197.69
194.46612906957245,0.0
204.01758496487398,0.0
154.35729601853717,0.0
154.2949992161389,0.0
210.67795173745967,0.0
87.12273954444127,0.0
238.2640887752071,1817.52
310.90248822617673,0.0
236.57931710050306,0.0
150.36647272664615,0.0
156.48144214999277,942.73
90.48573690102974,0.0
125.87299634081145,0.0
222.97362554628117,0.0
320.87127109964763,3332.86
207.68230576494784,2013.36
80.14905731504217,2331.84
146.91928788784293,0.0
391.09905145990945,0.0
129.92129322786315,0.0
89.41387356887725,0.0
123.87713625804697,0.0
176.28424351121123,0.0
192.04378044486356,0.0
94.25290798422876,0.0
159.47257960123386,1145.04
23.104563380185585,1886.88
211.51556090094874,0.0
252.62189549496907,0.0
261.96681636607235,0.0
155.66568595926103,0.0
197.65428237011616,2080.44
113.0105831531233,807.68
90.61166637676293,0.0
338.79158349213765,0.0
166.31908131428023,0.0
177.54942155077876,0.0
267.96887190854335,0.0
376.9991790511462,0.0
100.08536470925695,0.0
217.55406264974673,1872.88
124.15970173542753,0.0
160.9699694611616,0.0
137.83338011186785,0.0
161.59867981649043,0.0
173.10497598079084,830.17
220.112585186801,0.0
103.28795028165133,0.0
154.4899266706576,0.0
245.5092164931828,1848.41
447.38502368327994,0.0
110.24513263253151,0.0
165.59187269755887,0.0
210.0435475381588,0.0
132.25974418722745,989.89
96.1869430589069,0.0
458.24717995606125,0.0
146.60068873467148,0.0
233.0824878358344,0.0
221.98218186033347,221.68
161.30369389536565,0.0
175.42424072304976,0.0
570.0472541120647,0.0
276.645698540963,293.81
166.59921668060835,0.0
127.23958021754822,0.0
220.872767976983,641.72
105.30338972295387,0.0
111.6931827104545,0.0
155.73438924140237,0.0
181.91768357140865,0.0
730.4567708744737,0.0
168.02657663404725,0.0
143.87204269604277,0.0
128.62933160423609,1591.03
67.61839441117294,0.0
162.39911420863373,0.0
138.09498566920362,307.56
372.0188589712743,1909.49
90.28438658951625,0.0
148.34702981728267,0.0
162.9484405874021,0.0
161.06877090874212,0.0
226.68583165491486,1525.57
528.5856557896668,2170.24
201.12079145846434,0.0
132.43100660521324,0.0
209.49269961763184,0.0
268.5418348151058,0.0
149.7845472141235,0.0
356.54974385285004,78.27
153.30283193075547,0.0
35.924529379476965,0.0
275.48217401672775,0.0
122.03295630631168,0.0
238.32701832027203,934.24
169.60686711560248,1437.82
186.57203332722642,0.0
133.76889390395104,0.0
237.45486184682582,0.0
335.25002222754404,282.6
160.25918423989157,0.0
146.9427742123609,0.0
297.40334646321725,0.0
76.86151458220995,0.0
243.67892597440152,1361.74
138.61414646954984,0.0
218.75499514886806,0.0
359.26277576909246,457.07
81.73177538460604,0.0
224.87331673209977,1161.76
261.16354761779166,0.0
193.08475879290825,1482.56
177.46889767023637,0.0
162.54343575829688,0.0
108.31416587899528,0.0
214.87939429270835,290.08
407.2730720180231,0.0
71.16711640328,0.0
92.37162599777524,2963.32
82.60271442147521,0.0
251.51194550137885,684.45
159.74495995471847,0.0
153.40657988668255,0.0
340.1282966370183,0.0
185.8395838289976,0.0
177.7281357668379,0.0
152.35561383839115,0.0
159.7953659113121,0.0
327.52981902629824,0.0
252.38496170568004,0.0
144.40819154730968,1676.04
352.8160095647455,2209.92
254.68862388169512,0.0
224.21288879985892,0.0
169.59623814613474,0.0
213.45986929080846,0.0
146.30435980528705,0.0
208.8296861054301,0.0
237.3176169327383,0.0
209.10034208429337,71.6
189.73734108059475,0.0
300.4108698280675,3490.72
43.909188674682596,0.0
400.2352481401617,0.0
204.61813756532786,0.0
156.260303965684,0.0
53.67226905601927,0.0
102.38172802665244,0.0
204.01773516484587,749.87
175.38709332059625,1058.97
283.0032634066522,0.0
196.81296655323635,0.0
112.83209209001663,1527.6
231.18836352992105,0.0
93.7070297796503,0.0
108.50957529343164,0.0
92.26356653043224,0.0
100.0081366620044,0.0
136.8765446298464,0.0
171.28435854099922,0.0
237.69089074136585,0.0
142.82625288632178,0.0
216.7284809066118,0.0
297.7794011451873,2291.91
137.3582722820633,1090.18
113.74525548136124,914.6
112.2296025354932,0.0
324.133132003975,264.02
243.23623409602152,0.0
292.8892864995058,0.0
405.73153518016585,1396.76
111.13551724916162,0.0
266.8250024659603,0.0
495.06223774536954,0.0
136.84983337592254,0.0
469.813539076706,0.0
307.55343062343536,0.0
291.16264954881217,0.0
223.36589057852026,0.0
526.3075764002695,0.0
255.97452326595155,0.0
91.30440917254127,0.0
74.71039325516563,1492.12
142.701602900595,0.0
185.9377539371159,0.0
222.02091720836975,0.0
105.52536572216502,0.0
105.91812249463267,0.0
168.7651029657123,0.0
185.73284501950874,0.0
136.14637796758134,0.0
98.88559410447913,0.0
277.452222953657,983.22
122.95418565842321,0.0
131.50038074744901,304.74
166.61898803255212,0.0
252.91519077954297,2054.08
165.1272520605628,0.0
233.8544147587065,0.0
147.52984131412168,0.0
266.9924312780739,706.17
252.43252731585662,0.0
259.58103509590745,0.0
172.68180702294507,1264.14
202.64213037276855,0.0
164.8731936029517,0.0
208.1639923933089,0.0
119.37082090432739,0.0
243.91315321898085,0.0
76.24041034028937,0.0
97.12804159386354,399.53
160.50117342337862,1732.1
206.66503169086965,0.0
197.4285130091368,0.0
196.81730589040356,0.0
139.30490980302037,1130.69
155.17383544700542,0.0
112.22832911033954,0.0
350.89040239854654,3407.66
153.48873348357913,0.0
263.1513733164441,189.23
204.76960807656016,0.0
233.96848196076246,0.0
170.6587967582201,0.0
198.25346777415393,0.0
348.1766589645891,0.0
245.47549705353185,0.0
75.68818828449571,0.0
134.58962992150046,851.53
196.6637083392889,0.0
136.38942229952764,0.0
185.18235855759147,0.0
538.6911118313797,0.0
127.34232606786625,0.0
283.38680640362054,0.0
112.39495343384607,0.0
184.14792261008697,522.03
164.20150351362312,0.0
286.3898779932352,0.0
186.00673506755933,0.0
60.00482533915581,0.0
235.3239211106239,1290.04
246.4775399908791,0.0
266.62631749084215,1699.04
350.8228263266591,0.0
147.31960484178433,0.0
254.6578556779494,0.0
94.2823395219277,0.0
308.42333664376,932.88
168.11261440576294,1812.25
154.73976779091385,0.0
169.57207817258794,0.0
156.38664925643312,0.0
332.8740494663002,0.0
207.16418166224577,0.0
154.68491158139648,0.0
440.88104605468885,0.0
118.53524449090722,485.17
160.01362221835532,0.0
135.53337255583975,0.0
93.5361659948658,0.0
291.8261530114143,102.93
235.47835178319272,1360.6
203.6237130496049,0.0
185.44515280708077,0.0
208.2619679295145,0.0
184.0448990440393,0.0
273.5323476836988,278.3
236.77726329242498,317.71
186.48134916185006,0.0
278.29465572924596,1500.78
138.71537991180725,0.0
146.10718191456843,0.0
279.9982036341415,0.0
299.21500892189033,0.0
149.13069035580867,1038.58
298.83118332964415,632.45
231.29040656646438,0.0
81.45745057126864,0.0
172.51757148953646,0.0
200.1731942638879,0.0
255.28855830199797,5427.72
211.92101550458364,0.0
97.18269766106211,0.0
202.5972328402721,0.0
447.48883326775314,493.43
108.27944001161455,0.0
65.55558353649133,0.0
163.38820631643915,0.0
217.00756925923582,0.0
149.39866238408877,0.0
132.17799313773682,265.16
102.07775509344481,0.0
929.6737772068789,0.0
262.12906264736324,0.0
259.2965857873855,0.0
149.1137794803602,0.0
209.20740124742687,0.0
153.92644290629732,0.0
146.71774126263867,282.15
128.26601267347593,0.0
230.846071272598,0.0
197.3162006653889,0.0
191.72795301207003,0.0
217.75073750030003,0.0
146.62567062926857,2805.26
387.94952523520584,0.0
370.4664760451146,0.0
190.3456558697646,0.0
182.72185708595575,0.0
250.22094147926978,0.0
187.04488517132148,0.0
200.18778617424246,0.0
67.93051905332366,0.0
137.35324304556156,0.0
92.62740378680331,0.0
148.4216562165144,825.49
160.7033849188636,0.0
177.76850799332328,568.45
139.29351680408755,0.0
266.3107643249503,0.0
98.43384811965863,0.0
267.57067221111606,0.0
203.43370492985554,0.0
552.0310731841248,0.0
233.18374377528153,0.0
134.6509577504467,0.0
108.73202140359712,0.0
242.41644001635964,0.0
164.0592631134493,0.0
165.49344087363002,1144.2
175.4559429131284,0.0
143.14273479349126,0.0
221.48464380175187,124.39
118.74019174350997,0.0
338.64125332943,268.34
132.22694042293125,0.0
173.44973651626952,0.0
115.93463512145938,0.0
108.10287382568943,0.0
210.888098302227,0.0
151.36479370285141,0.0
313.6164553012372,1654.14
210.62201368499782,0.0
156.61279008512565,0.0
236.30038206541175,0.0
138.27970129927223,0.0
418.68910898592344,409.06
166.45017786561232,1368.42
62.039617451477895,0.0
231.56241779345476,0.0
753.5869699522881,0.0
175.85126345997878,0.0
120.98057195214815,0.0
130.94436755381352,3983.04
357.3966806940464,0.0
200.62403558986486,0.0
224.48500807446408,592.62
139.64787909514328,0.0
173.89577406425593,1589.89
435.8579917608185,0.0
209.91918774514926,0.0
138.0398629215377,0.0
446.4009046680635,0.0
227.55313077320218,0.0
159.7034341575505,0.0
211.14481601735045,0.0
237.03523751943175,0.0
236.59721456105848,0.0
275.1777104683597,0.0
195.42117592542732,0.0
158.51637199450656,0.0
105.04446597466358,0.0
337.3097307513472,130.61
186.50959496520858,0.0
122.47731202692,1575.59
342.7814176364195,0.0
178.07323027436544,0.0
165.32727193817422,1475.1
77.64330458084741,0.0
105.32973260858313,0.0
174.13723498100282,0.0
241.17718228207994,0.0
124.24248220360916,0.0
130.02678988584722,0.0
152.82863163770892,0.0
143.33030431832935,0.0
301.0193348535089,0.0
151.23517166039053,0.0
258.88252358628506,1345.28
289.08342702795596,0.0
246.21387115418807,0.0
277.8001834562964,88.74
207.01901478840512,0.0
152.20551738024918,0.0
160.5866837781202,0.0
130.7976606797986,0.0
206.18887837329288,1236.02
101.90905070249049,0.0
269.8145063111939,0.0
980.9246851880657,0.0
279.36325569882297,0.0
184.75263264613451,1412.8
64.5301993856912,1289.21
128.00892746043257,0.0
216.1827578378914,0.0
128.49106339598669,0.0
412.96673080502643,0.0
420.38403836038606,0.0
204.21314093936687,0.0
96.59095254372588,1441.55
226.10332624875468,0.0
191.86120559255988,0.0
234.04987662577645,0.0
121.10066555370696,0.0
120.09925763185251,0.0
324.16906894197746,1685.07
202.0192907820566,0.0
176.09137028738473,0.0
87.72682491328453,0.0
510.8953063370184,0.0
91.00744280021301,0.0
278.46330679251747,120.72
163.80369993557827,0.0
323.3253249880988,0.0
160.90223148700406,0.0
178.96626182809976,0.0
350.2053944809018,0.0
194.11366651480955,0.0
348.7283906961399,0.0
277.9129880375577,0.0
159.0641682128515,0.0
245.43425132883453,0.0
184.47231614059473,740.96
453.9653252331706,0.0
217.96884231629363,0.0
205.5849769264246,0.0
32.76234887627408,0.0
193.68598683342583,0.0
260.93992475421214,0.0
242.65175378165478,0.0
247.16649596752666,0.0
115.88728028645923,0.0
218.76119683412227,0.0
225.31632929283785,0.0
147.37826327925268,0.0
343.8401919826967,697.54
112.58709762591883,0.0
232.32472227280368,390.58
217.101100277246,0.0
187.7719964058074,0.0
776.5471803836608,0.0
205.7952655907918,976.28
240.29989109187514,0.0
175.53766296402677,0.0
197.4341685562917,0.0
176.04496800328863,0.0
225.66431856732294,1571.52
171.65605451943387,1023.63
172.45038216372282,0.0
232.64771482991858,0.0
129.74974640011442,1682.21
120.67788541831983,641.13
279.4168732264718,0.0
172.08153332402588,788.63
141.4977272841931,0.0
157.9541270276872,0.0
222.2082503448017,0.0
142.6994029681272,0.0
349.1149314838641,618.68
161.27358702746906,0.0
217.6593876867537,0.0
301.1192711900038,0.0
104.03642558291338,0.0
205.74389616848003,0.0
57.052861811926284,0.0
269.92230899746176,0.0
168.8459100923577,0.0
172.51743273842095,0.0
178.94624204995722,521.6
420.03564021078637,0.0
48.3896606307123,0.0
115.44671288955163,0.0
190.88286892106862,0.0
180.94089395087965,102.77
339.5952877153632,0.0
179.5014473524435,0.0
387.0402534444083,0.0
119.85075705772132,0.0
261.72569747772866,0.0
137.09104651368207,0.0
153.57446906304372,0.0
286.328181434825,0.0
146.97483654626484,0.0
261.7550901292536,0.0
315.9966469214338,0.0
137.60019197464618,486.25
152.71082777128368,0.0
123.00035896969645,703.61
131.03060151970385,0.0
167.2460451892551,0.0
208.09552664773778,0.0
187.64666560887326,396.34
230.5513160552259,0.0
238.91096368179973,0.0
322.8638002500837,0.0
174.71087882423834,0.0
150.13877110432762,0.0
308.9559018783402,0.0
348.4063963894771,6922.32
251.66178784063368,0.0
206.04960046430654,0.0
113.99244214981789,0.0
77.32342849888744,0.0
345.79415905166184,638.88
106.12889523356887,0.0
189.08868002180063,0.0
250.88432029475695,0.0
131.3806326064966,518.52
236.8370612697734,0.0
156.6917743747069,0.0
265.20677377153874,0.0
362.6744926057916,471.17
187.18986926873438,1944.52
87.91850263275461,0.0
220.3830485007218,0.0
185.62132287344272,0.0
115.6490728037164,1362.31
241.32485678098877,1235.83
306.21882330490956,750.7
217.43459857062626,0.0
79.23869287875601,0.0
156.1344856200731,0.0
125.24402321101512,0.0
166.03423343859185,0.0
274.9403658956348,397.54
190.8718703553581,0.0
243.8671852193524,0.0
166.27769500280525,0.0
165.26028879736901,0.0
313.8745965172014,0.0
226.9288279254747,0.0
142.82957126188916,0.0
95.16600018789627,0.0
175.56717997652498,0.0
490.49176344658844,0.0
401.30529479790874,0.0
158.01167783647972,0.0
204.71927116176357,0.0
198.0461543708165,0.0
134.7679415460672,1143.75
195.8872335368836,0.0
344.715791095696,1192.37
243.4214570576353,0.0
253.16137231075933,0.0
183.48613437073834,430.82
177.35384732895724,848.47
230.95732811517118,0.0
234.8085306530473,0.0
278.53281274253777,0.0
133.67596547458652,0.0
424.23037753649356,0.0
130.74606489835358,1372.84
154.24927131021946,0.0
144.91997504864793,0.0
149.50484005982838,0.0
249.79803322951668,0.0
337.3902295745757,0.0
319.20764095179396,0.0
186.87622145346523,0.0
194.0021288866893,0.0
222.196388089162,0.0
165.48182326874456,0.0
388.1816504164985,0.0
121.19278492452626,0.0
231.13144021425265,0.0
212.7746876815809,0.0
109.22904937179678,0.0
318.18908864877795,0.0
166.55142125135208,0.0
177.52177578382324,0.0
332.7229284183015,0.0
226.75045371781547,0.0
121.54441806577572,0.0
137.654631106332,0.0
164.68594124219575,0.0
150.7961766563654,228.33
134.9691374483936,0.0
202.79050977096568,0.0
119.06305472384366,512.0
137.34540691671032,0.0
183.02818971538147,0.0
175.65880292389846,0.0
163.13618698734783,0.0
65.51492948806624,0.0
165.9998239668556,0.0
96.70767578051677,0.0
187.0559307973361,0.0
143.896202215254,0.0
168.70096084349404,0.0
291.82265106222707,0.0
91.1682227632376,0.0
147.94784056770717,0.0
185.959480188724,0.0
366.53822569180284,98.21
244.40656008752038,219.83
247.77001050730814,0.0
136.15299547225447,0.0
237.8175036805537,237.1
444.9337367591967,0.0
267.0188193497351,330.55
236.4794981153588,1139.38
230.02442502309918,0.0
120.95010903404098,0.0
232.89102064601298,0.0
166.19891623674204,0.0
138.84899007069353,0.0
160.7008432249014,0.0
180.21967580593997,0.0
300.90531037416577,0.0
127.48209781513306,0.0
160.45288086858952,0.0
155.69420039306348,0.0
138.26264179706854,0.0
137.72231731209166,1865.64
138.8304462456021,0.0
313.47254796332834,0.0
139.9452409150672,0.0
287.38458888957507,0.0
177.08132375339443,802.52
244.33973447155628,0.0
151.2250608172925,0.0
150.33693149465364,0.0
219.56356255611024,0.0
193.39811629123358,0.0
215.1820682474146,0.0
127.12840198822789,0.0
85.40661675111821,0.0
96.97508639308892,0.0
74.22793781054445,0.0
119.13496071278352,0.0
147.23463816361715,0.0
92.67732761753769,0.0
310.6902212288982,0.0
249.01525200848303,0.0
373.6226759956507,1766.86
202.22955129151057,0.0
155.42741524015653,0.0
131.14078410622702,0.0
164.04048878521414,0.0
173.1972013349019,0.0
458.70946414646,295.93
293.9727030271005,0.0
285.3297890464372,0.0
113.96954209549561,0.0
190.06982183445237,635.73
119.98398172356572,0.0
118.15019563272752,0.0
134.69126281607697,0.0
224.86219480665332,1012.78
142.4701174364105,0.0
201.74292083950712,0.0
325.53868246666343,3762.59
252.0438386241452,1748.12
229.325619383829,0.0
270.54384698442664,1093.66
60.18840424128957,0.0
232.869666967972,0.0
251.2173654853543,809.43
176.75502210174082,793.03
118.55315930529379,0.0
74.8943825579163,0.0
134.65819725713993,0.0
208.771360602615,0.0
258.3269189727705,1545.33
190.0598804523653,0.0
127.68361533058156,342.94
103.08262596047877,0.0
114.92502200116473,0.0
201.4240392560411,0.0
143.20801960551938,0.0
162.47604393688573,0.0
133.78686805726986,0.0
400.58672937836917,0.0
193.24191045770704,0.0
310.6901549838548,0.0
266.5043542339612,0.0
161.89836163802673,0.0
155.42372654159067,0.0
132.8551515876193,0.0
252.23024254321217,401.6
135.13123179066574,0.0
214.13646801574288,0.0
194.92444226680837,0.0
165.83956373688025,0.0
193.10054642510306,0.0
246.1623001511049,0.0
103.37314485605611,0.0
78.45246377257945,0.0
198.64667126580946,0.0
163.37478597484758,0.0
285.6126180979856,886.03
100.09383210498586,0.0
101.91550104350632,0.0
268.44701806619025,0.0
216.61368994878796,0.0
133.45925811142928,0.0
205.71069847645995,0.0
167.00012701562014,0.0
246.90495627949494,0.0
166.09034255116114,0.0
268.7897845482372,0.0
140.74898131766253,0.0
268.2384527858653,0.0
150.6118115276306,0.0
170.3416514940339,0.0
274.469236411841,0.0
169.88959267157324,0.0
353.85150147927715,0.0
243.6869623174911,0.0
50.44890792739969,0.0
229.03352553048273,0.0
84.91911826405028,0.0
178.29207177853561,0.0
90.36457547161007,0.0
184.41993487971368,0.0
232.79635664574096,0.0
442.75996712990775,0.0
148.8827345081346,0.0
259.7070992828622,0.0
184.2966020193772,0.0
196.92453134160598,139.95
39.45258878865679,665.03
182.12757660962913,0.0
121.1292572884157,1662.97
117.6392515399361,0.0
184.25712651317838,0.0
216.72791437584107,0.0
164.82224624035936,0.0
298.80715712738913,0.0
219.8805302383537,0.0
182.78005528931052,0.0
121.05508551756299,0.0
163.38978695283393,0.0
144.35762817036465,0.0
186.27732321671485,538.33
100.63479244785411,0.0
278.3633853197001,0.0
227.1249821603792,0.0
79.10185115240371,0.0
196.98087991688215,0.0
223.72410658618588,0.0
416.65571120974414,0.0
373.46019305078624,0.0
252.92250270910833,1397.47
313.4453691737003,1989.33
130.13815706558952,0.0
229.17325104484277,0.0
262.7238657339966,0.0
244.09344459158098,0.0
119.81058539851753,0.0
60.89841675675616,0.0
146.3935603156248,0.0
213.80962612734953,0.0
152.5216106337362,1264.59
204.11621939728056,0.0
589.4952049518012,0.0
257.0183959474462,0.0
215.41939897485804,150.39
168.8325846438534,0.0
170.9614218643405,0.0
181.85153440269576,0.0
189.47393384689983,1450.8
313.45001551886986,0.0
123.54238779031458,0.0
162.68054081963302,0.0
543.44337091886,0.0
546.1940506916231,0.0
163.9468576885031,0.0
195.80678741840964,0.0
92.84331442879603,0.0
143.26981350740493,0.0
224.4638791785789,143.76
130.16819236213513,0.0
143.95063375891334,0.0
319.1203111578131,0.0
216.4759778253448,0.0
216.56090062487002,0.0
150.67224470005388,0.0
301.5034216522606,438.8
156.10324392048506,0.0
252.79756174387674,0.0
246.130506366412,0.0
118.72715588302377,0.0
89.73398171667621,0.0
262.3259873576643,625.08
245.9179582938335,0.0
112.90358521741864,0.0
77.62514494697513,0.0
164.37789062357874,0.0
183.56272400635982,0.0
458.9928016458046,0.0
107.72704714834047,0.0
257.838777576691,0.0
159.26843294521439,0.0
246.41362331995575,0.0
109.6529480242632,0.0
318.11567471999535,568.19
93.07466648327306,79.61
199.358441889203,0.0
104.40416325045352,0.0
127.60309557337406,0.0
179.41666385265665,0.0
205.53254653881436,0.0
133.88197115315097,0.0
210.21303200019454,0.0
215.06653786975028,0.0
208.388718854837,0.0
123.89165660573872,0.0
300.8172983914316,0.0
266.97509703892234,0.0
343.31320000437023,0.0
210.21687065229247,0.0
79.54151206753843,0.0
301.885685832816,1409.49
308.708263389483,1117.63
151.9312305890807,0.0
359.78877484516204,0.0
318.3544252280472,0.0
55.88213233502987,0.0
150.79567391597422,0.0
69.29707625974135,0.0
149.55269493929728,0.0
106.91330484360974,0.0
188.7657955335127,0.0
314.37779679868106,0.0
260.698612817786,920.29
113.14729998385795,110.1
251.6372764669818,891.77
150.51063393437494,0.0
90.31304397008645,0.0
163.56318671589773,719.94
252.79046486013002,575.55
384.7187593417225,829.19
62.53273365345518,0.0
259.6259653395743,0.0
322.5943623643687,0.0
191.8295638505939,0.0
257.6493933228443,0.0
284.0124705283794,0.0
130.95217644001423,0.0
290.3981060358249,0.0
166.39670667975204,0.0
112.14145374676232,0.0
196.01135138229677,0.0
476.73946092602074,1770.89
331.6450178211405,0.0
164.82115782718515,2094.13
345.26314040384653,0.0
71.91363260160368,0.0
141.7547897577488,149.0
159.97131555374918,0.0
77.1544882615095,0.0
112.79812956742576,0.0
249.6511229377052,0.0
262.9211066338335,0.0
165.47571928055316,0.0
235.7727980341175,0.0
247.0341028083604,0.0
41.376537779823366,0.0
125.84166450833631,0.0
108.00599487725,420.0
313.54595034757364,0.0
267.7435392767441,2485.68
102.26959221067673,0.0
179.68596450269447,0.0
159.47460564250866,0.0
208.31769481946452,0.0
211.42966506050053,0.0
237.30901858382256,0.0
441.91065881551816,314.1
192.55562946257106,0.0
236.42635385714152,0.0
212.3431698234125,2126.61
134.13514726061442,0.0
188.88949643552414,0.0
298.5198801529652,2014.14
242.1288838694054,0.0
260.2118182635699,183.06
100.80217228977637,0.0
209.5599406013088,0.0
244.1569687951164,0.0
131.22612827834647,0.0
291.75431599479975,0.0
213.34757993630168,0.0
138.73053633209094,0.0
134.76276082834823,0.0
172.7648113759559,0.0
263.6493012431149,0.0
57.9776972883351,0.0
292.77102120901196,1643.38
237.14845436330452,0.0
95.87915746291391,0.0
95.5362595260382,0.0
241.2522264223762,237.96
88.36458304790216,0.0
113.98028302873898,0.0
222.19872707567117,0.0
86.56753023082646,0.0
283.7797852486256,0.0
286.9592050021093,0.0
232.54711988202305,0.0
474.712591591694,0.0
201.2371872164361,0.0
114.10302093136562,0.0
132.0519031961862,0.0
214.05491695450286,404.14
184.50349165509755,0.0
186.59594358586943,0.0
225.44540745554042,0.0
156.1201445812975,0.0
140.1649700247312,0.0
158.9656043415451,0.0
112.90953321256546,0.0
50.43330558237587,0.0
181.4289306447041,0.0
238.13105293856063,0.0
140.60097653438604,0.0
234.42449202560795,0.0
283.3064244693165,0.0
245.6726216600355,0.0
253.6749339495502,587.42
437.32091394961304,259.04
121.36555262253135,1371.15
104.80197259222497,1190.66
160.29245626463305,1020.94
220.03718978974743,0.0
126.29553121509736,1496.76
209.81080979941999,0.0
87.88088638353878,343.43
125.34754835991735,0.0
122.74851807030406,0.0
225.64738508721823,0.0
102.53769885701848,0.0
163.88576173737468,0.0
232.81381308349842,651.62
190.8606664933681,0.0
246.8537088144473,161.61
135.1991452416071,0.0
207.6070139390644,0.0
126.80789115180276,0.0
188.77697925369688,0.0
180.3303434514176,0.0
284.39177687495135,199.5
166.11511645387665,2994.62
133.9717858499618,62.16
256.99775051877486,0.0
66.22477280344002,0.0
185.94189596121845,0.0
148.38741097953044,0.0
99.43838653578253,418.72
225.3606937830715,0.0
136.62442094902826,0.0
143.84720964027505,0.0
265.10038246687435,0.0
511.1113162812866,0.0
216.22642797880957,0.0
269.31496263794656,0.0
172.65403177192158,633.56
144.55352061965445,198.08
179.2851837499238,0.0
152.02240824384913,0.0
267.8183320551966,0.0
837.3013585395169,0.0
142.67453692195977,0.0
108.39897600950559,0.0
226.67526558678995,589.23
171.4036782126819,0.0
292.4765187896136,157.72
206.51672942208214,0.0
238.77594670588772,0.0
109.932400778252,0.0
905.7709292115585,0.0
140.2978915696697,783.06
101.61581381838778,0.0
193.65393335653997,0.0
467.252941979867,0.0
173.4222433323272,0.0
260.2908717210744,0.0
226.56098542642698,1061.06
203.15994354679975,0.0
240.52011111159408,0.0
292.34585517707495,586.91
249.4339056528444,0.0
113.2224675714186,0.0
165.33414974443704,2252.06
213.68547768930756,0.0
147.92615669781088,0.0
181.00606779109415,0.0
495.6623877570362,0.0
187.02746340391232,837.58
179.23636019743202,0.0
160.44313369124117,0.0
131.25541494394687,0.0
157.44371959431078,0.0
237.87731987376816,0.0
286.35449458648424,0.0
232.59513078672293,0.0
303.8666983608702,386.55
232.69916230666476,0.0
280.90447656335937,1522.63
176.57747121401556,0.0
169.30134466308593,0.0
229.26514654908294,0.0
201.01702777109782,0.0
151.33180789222013,0.0
130.59202523866145,0.0
151.41758009816928,0.0
186.60211341761118,1054.45
50.71489929136929,0.0
238.75837183064286,0.0
118.96527683357128,0.0
214.73789409981757,0.0
362.72415261926807,0.0
163.8595491545523,0.0
112.8771876612871,0.0
131.73936682007195,0.0
208.44687915899962,0.0
289.68946444645894,0.0
442.82335922563044,2329.86
136.32583897843426,555.84
203.77531900653509,0.0
137.48137704999075,0.0
192.523671585181,0.0
55.22791009261242,0.0
227.39309936822178,0.0
252.02187076157378,1564.97
150.5382813583824,0.0
184.1206016989204,402.93
228.5183821953969,0.0
214.66881847034463,1050.2
154.88913133495834,0.0
190.08713618951978,0.0
212.40499046211093,1506.39
209.34952217102747,0.0
192.30590041073182,0.0
99.68895932757815,0.0
80.62088373670444,332.59
213.44739568310183,0.0
122.71721433629143,0.0
352.3649842638753,0.0
141.2412272325315,0.0
335.7730639291688,582.67
93.25181779465716,0.0
276.0678288481093,1635.43
165.80011870755155,0.0
139.71542185106767,0.0
145.4768991692803,0.0
207.28971183025732,0.0
483.70851798966066,0.0
194.78420832855772,1212.35
225.46107519642032,1006.26
248.7970357417605,0.0
191.50690975782905,0.0
297.3553984792008,1494.38
144.50977041455315,0.0
154.0145759492294,0.0
147.07377115079197,0.0
332.87548228243253,141.24
220.07204409617128,901.59
55.016943659696494,0.0
157.64570030802395,0.0
440.0279481575258,0.0
172.1370232413362,0.0
288.59541548999135,0.0
150.50762261253072,0.0
358.4138407378228,0.0
232.1747050631912,0.0
366.9207201173055,0.0
115.10313130772786,0.0
218.31269768827067,95.03
358.1615699170618,0.0
500.4635029910578,3123.48
207.7957379272956,911.7
160.81719512626114,0.0
201.51481973364736,0.0
360.7320914782878,839.66
199.3710264165979,0.0
117.2568760009051,0.0
363.29015794163416,0.0
195.96691259133303,0.0
221.43481413932474,177.56
216.49675093071403,0.0
100.77304160948384,0.0
174.13402822851793,0.0
86.2637536585175,0.0
227.31987267232975,0.0
204.10928249150334,0.0
197.63789355947037,0.0
91.94897954048679,0.0
191.17396366524665,0.0
328.08682394888217,0.0
264.4394079650427,0.0
198.62644509992245,0.0
249.30257153498746,2307.38
121.22694736908032,0.0
241.78522271231984,0.0
267.6525377370288,0.0
292.48652176335844,0.0
142.54730038641543,727.44
227.03939317180001,707.05
52.855035697663986,0.0
195.4455371958166,3026.82
347.00308845757536,453.72
47.51368911258488,0.0
364.51338942152813,0.0
243.6563121942069,0.0
185.07461672183615,0.0
288.8041645008407,1154.47
31.925977736041887,0.0
190.36843404365894,0.0
374.75202363968253,1545.29
179.74282837962684,0.0
127.87972023144557,0.0
172.82649166362074,0.0
134.08352302472386,0.0
125.29979292769461,371.82
239.31375163329588,26.72
136.59666789836498,0.0
191.99478240121763,0.0
144.40735669791633,0.0
84.29286032466645,24.28
445.09380123208945,0.0
132.16382945433512,0.0
196.0513455803455,0.0
192.13774496923278,0.0
368.4093655386459,0.0
216.79226087821954,0.0
145.1535726966692,0.0
194.6547803512666,1387.12
66.82588784857974,0.0
219.4595197797101,0.0
241.11682304838075,0.0
385.1864715303261,1857.48
192.12520447386888,0.0
152.58208881697743,0.0
78.02488185967401,0.0
103.07691555585214,1008.55
167.6929911144516,0.0
179.72344649253662,720.4
283.63357572234145,0.0
116.61070422133574,0.0
470.93182315465793,1010.5
165.5531540009094,453.14
145.14663414840427,0.0
122.12886007089143,0.0
416.3942117209664,1409.61
128.93547313509043,0.0
337.4511166210176,0.0
270.3896836710164,0.0
223.25014764411975,0.0
100.76238488826645,2744.94
161.50062577251785,0.0
118.6201695364224,0.0
282.84693161207286,0.0
187.6179709285935,0.0
144.90361004452342,0.0
109.24353269246652,0.0
144.7945444207729,1102.78
228.7060779211991,0.0
208.5820134450582,0.0
223.67194243430345,0.0
191.23800981927863,0.0
100.6662201518857,0.0
304.94610378162196,0.0
112.52243908612382,1192.23
186.1296830742401,0.0
262.526121726992,52.83
279.0810854286506,0.0
205.6042931744651,0.0
137.9318999406887,2894.64
191.20993107039178,0.0
361.6232987693377,0.0
420.62633726518936,0.0
118.27772211451725,0.0
353.60125805434615,740.98
236.74079491810565,1757.99
272.4076425153952,0.0
138.2892740320947,0.0
202.0349150144022,0.0
162.18810510969428,4259.96
195.29308195052974,30.86
279.94270213916354,0.0
189.0945539825685,987.67
83.5384808380998,0.0
201.78855536849235,0.0
125.9590483406491,0.0
68.01744085611769,0.0
239.3500650863528,440.31
258.9193332089472,2146.45
148.79434857749524,0.0
141.2828660753773,0.0
81.95623848607198,0.0
209.02490308411413,0.0
250.28943765326105,0.0
154.1717566718729,0.0
237.2402082412053,0.0
